"Plot_clean","Date","Month","Site","Zone","Replicate","Row_ID","TIMESTAMP","HM81_AIC","HM81_flux.estimate","HM81_p.value","HM81_r.squared","HM81_RMSE","lin_AIC","lin_flux.estimate","lin_flux.std.error","lin_int.estimate","lin_int.std.error","lin_p.value","lin_r.squared","lin_RMSE","poly_AIC","poly_r.squared","poly_RMSE","rob_AIC","rob_converged","rob_flux.estimate","rob_flux.std.error","rob_RMSE","TIMESTAMP_min","TIMESTAMP_max","CO2_initial","CO2_lin_pass","CO2_HM81_pass","CO2_poly_pass","CO2_neg_flux","CO2_rejected_model","CO2_rejected_negflux","CO2_flux_rejected","CO2_rejected_manual"
"2023-01-12_PTR_TR_1_26",2023-01-12,"Jan","PTR","TR",1,26,2023-01-12 11:25:29.5,3569.21494601363,0.117510205837117,7.66616871289468e-156,0.693855236720761,4.72126468654857,2195.87913985149,0.0968267556296193,0.000708643328237047,1234.15094052765,0.122433730607797,0,0.968963464891483,1.50325115705215,2041.79363410133,0.976152265590525,1.31991497628948,2196.20435638171,TRUE,0.0964507525409437,0.000771375240766898,1.61929721645259,2023-01-12 11:23:00,2023-01-12 11:27:59,443.27451,TRUE,TRUE,TRUE,FALSE,FALSE,FALSE,FALSE,FALSE
"2023-01-12_PTR_TR_2_27",2023-01-12,"Jan","PTR","TR",2,27,2023-01-12 11:41:49.5,6267.0391454339,0.30423658756965,4.58007659324757e-198,0.6957943446955,14.9018250429955,3062.71747857751,0.24542303514292,0.000598552480515984,1207.88819457554,0.131059076283041,0,0.995511622621297,1.81009138288266,2508.02649414661,0.997848056183267,1.25500364672556,3065.06403378516,TRUE,0.246287520594752,0.000620098859901076,1.6961866091817,2023-01-12 11:38:40,2023-01-12 11:44:59,431.73007,TRUE,FALSE,TRUE,FALSE,FALSE,FALSE,FALSE,FALSE
"2023-01-12_PTR_TR_3_28",2023-01-12,"Jan","PTR","TR",3,28,2023-01-12 11:55:29.5,4367.59782341202,0.18453109164355,1.27435629597517e-142,0.661071346880125,9.18338405615147,1935.93654024081,0.181306292006457,0.000570625714685406,1224.27547516129,0.0985881504077388,0,0.994111385050223,1.21047321221319,1924.74514941994,0.994258607179967,1.19724959111536,1936.1639981169,TRUE,0.181549614543457,0.000605120675881049,1.22065629830674,2023-01-12 11:53:00,2023-01-12 11:57:59,439.34369,TRUE,FALSE,TRUE,FALSE,FALSE,FALSE,FALSE,FALSE
"2023-01-12_PTR_TR_4_29",2023-01-12,"Jan","PTR","TR",4,29,2023-01-12 12:07:29.5,4938.77859354834,-0.537042542414734,7.78274202034853e-168,0.720846831171212,14.7815494666181,3468.38516759341,-0.318606050773273,0.00204627025371427,1520.21473094296,0.353538220161153,0,0.975926662181996,4.34077060203183,2678.08600334377,0.993593757067893,2.24299261632337,3468.39777232183,TRUE,-0.318499756649149,0.00211023692500471,5.48627839444714,2023-01-12 12:05:00,2023-01-12 12:09:59,547.90057,TRUE,FALSE,TRUE,TRUE,FALSE,TRUE,TRUE,FALSE
"2023-01-12_PTR_TR_4_30",2023-01-12,"Jan","PTR","TR",4,30,2023-01-12 12:18:29.5,3664.13069263284,0.118718117593837,1.37654184863357e-143,0.663582500006634,5.10986590040349,2094.43037597439,0.100302418908692,0.000651196669488768,1227.30511725895,0.112508556036546,0,0.975413789089245,1.38138906819714,2025.87062681249,0.978214320757965,1.30251648354886,2094.59502551487,TRUE,0.100242695867966,0.000645753855423608,1.26540600132241,2023-01-12 12:16:00,2023-01-12 12:20:59,439.81253,TRUE,FALSE,TRUE,FALSE,FALSE,FALSE,FALSE,FALSE
"2023-01-12_PTR_TR_5_31",2023-01-12,"Jan","PTR","TR",5,31,2023-01-12 12:26:29.5,4434.61361733054,0.26945437298807,4.00421133570391e-161,0.706049860315606,9.71083492985626,2492.57624970428,0.205278680665645,0.000907415027695802,1219.13247975751,0.15677591620987,0,0.98845004877515,1.92490726428448,2019.81687421762,0.994782166617768,1.2959621030802,2493.06828531909,TRUE,0.204823573374056,0.000932000459197458,2.03281215250989,2023-01-12 12:24:00,2023-01-12 12:28:59,435.68756,TRUE,FALSE,TRUE,FALSE,FALSE,FALSE,FALSE,FALSE
"2023-01-12_PTR_TR_6_32",2023-01-12,"Jan","PTR","TR",6,32,2023-01-12 12:39:44.5,3512.36465297792,0.14791402387249,6.24833835505423e-137,0.684643935167978,6.23108636770465,1830.98832187379,0.141098595605902,0.000725227189843159,1218.69270114695,0.112737649403708,0,0.9859862009225,1.31353340021447,1736.58517781597,0.988320741999541,1.20137764463416,1830.99365315946,TRUE,0.141145063062093,0.000754031744050942,1.25538649525527,2023-01-12 12:37:30,2023-01-12 12:41:59,435.00223,TRUE,FALSE,TRUE,FALSE,FALSE,FALSE,FALSE,FALSE
"2023-01-12_PTR_TR_7_33",2023-01-12,"Jan","PTR","TR",7,33,2023-01-12 11:04:57,NA,NA,NA,NA,NA,2305.73987758391,0.249502976208608,0.000734113899888336,1208.96890483206,0.128953537426834,0,0.994764006778987,1.59637620862526,2001.62176381034,0.99684040172474,1.2421301987477,2306.27806111351,TRUE,0.249708072370825,0.000778564947415933,1.59426512442215,2023-01-12 11:02:25,2023-01-12 11:07:29,435.58896,TRUE,FALSE,TRUE,FALSE,FALSE,FALSE,FALSE,FALSE
"2023-01-12_PTR_TR_8_34",2023-01-12,"Jan","PTR","TR",8,34,2023-01-12 11:18:54.5,NA,NA,NA,NA,NA,1607.47540082098,0.10548122681544,0.000745270913205173,1288.96231015339,0.107247824870632,0,0.975742689477367,1.20266614324558,1593.62408624217,0.976593461471067,1.18376689621993,1608.03840973805,TRUE,0.105331161551278,0.000713744871726538,1.08773440008429,2023-01-12 11:16:50,2023-01-12 11:20:59,463.60931,TRUE,FALSE,TRUE,FALSE,FALSE,FALSE,FALSE,FALSE
"2023-01-12_PTR_UP_301_18",2023-01-12,"Jan","PTR","UP",301,18,2023-01-12 12:33:47,4348.09038088118,0.344843861953338,2.73595511137826e-130,0.673084077938729,14.5743554502585,1855.49038607814,0.332088254198781,0.000788046227796529,1151.11860732777,0.120228068132577,0,0.997035571809774,1.3878476297651,1688.6109531102,0.997852573526361,1.18346266413554,1855.67730153299,TRUE,0.331752474499863,0.000819685916629327,1.38266446396713,2023-01-12 12:31:35,2023-01-12 12:35:59,411.19934,TRUE,FALSE,TRUE,FALSE,FALSE,FALSE,FALSE,FALSE
"2023-01-12_PTR_UP_302_21",2023-01-12,"Jan","PTR","UP",302,21,2023-01-12 13:00:44.5,3948.07964344607,0.216499996150181,5.7897375107737e-130,0.665283290704658,9.32771895921482,1767.59913650093,0.205861610401179,0.000683886029982538,1162.09784153601,0.106311104382254,0,0.99409760815948,1.23865618237012,1692.97793492934,0.994897335533407,1.15383578671284,1770.16745188126,TRUE,0.206601762924907,0.000700578376749052,1.08525521930911,2023-01-12 12:58:30,2023-01-12 13:02:59,415.46869,TRUE,FALSE,TRUE,FALSE,FALSE,FALSE,FALSE,FALSE
"2023-01-12_PTR_UP_303_20",2023-01-12,"Jan","PTR","UP",303,20,2023-01-12 13:20:49.5,3485.2547741827,0.237803973183715,7.68858796217028e-139,0.703471374984024,6.87867147903176,2109.4939166028,0.166202407871709,0.00107057781791087,1173.12330818678,0.160241933454284,0,0.978959486363579,1.83231199716113,1672.56647696154,0.990988401985232,1.20146795174969,2109.50623689156,TRUE,0.166141116481509,0.00114061982944056,2.07706401932776,2023-01-12 13:18:40,2023-01-12 13:22:59,418.82382,TRUE,FALSE,TRUE,FALSE,FALSE,FALSE,FALSE,FALSE
"2023-01-12_PTR_UP_304_25",2023-01-12,"Jan","PTR","UP",304,25,2023-01-12 11:23:44.5,NA,NA,NA,NA,NA,1949.12921141554,0.199648702551493,0.00825367818612152,1103.14227120451,0.711214553139697,2.85167584282622e-72,0.662556399709991,6.19012107675954,1777.07891352164,0.812352714487314,4.63160981317345,1964.98444162116,TRUE,0.172481968234224,0.0061837022177977,4.85026395696839,2023-01-12 11:22:30,2023-01-12 11:24:59,397.7392,FALSE,FALSE,TRUE,FALSE,FALSE,FALSE,FALSE,FALSE
"2023-01-12_PTR_UP_305_22",2023-01-12,"Jan","PTR","UP",305,22,2023-01-12 12:54:44.5,4530.8049815494,0.364541804988901,6.06241388658325e-130,0.665226074975339,15.9993964342514,2076.60120224362,0.353490977406311,0.000910418427930328,1128.19197619651,0.141525903849359,0,0.996444009522396,1.64895225938214,1995.23612044332,0.996963971778851,1.52647407391423,2077.27620301486,TRUE,0.353561518888292,0.000932188036700333,1.47296908534835,2023-01-12 12:52:30,2023-01-12 12:56:59,403.87549,TRUE,FALSE,TRUE,FALSE,FALSE,FALSE,FALSE,FALSE
"2023-01-12_PTR_UP_306_23",2023-01-12,"Jan","PTR","UP",306,23,2023-01-12 12:43:47,NA,NA,NA,NA,NA,1804.05986441011,0.261660340836588,0.000750723488427031,1143.65154223978,0.114533934091282,0,0.995672524197337,1.3221176338039,1792.52565975897,0.995797520969887,1.30535801559789,1805.15211500877,TRUE,0.262325971578384,0.000769060370459834,1.33565037170196,2023-01-12 12:41:35,2023-01-12 12:45:59,410.40753,TRUE,FALSE,TRUE,FALSE,FALSE,FALSE,FALSE,FALSE
"2023-01-12_PTR_UP_307_24",2023-01-12,"Jan","PTR","UP",307,24,2023-01-12 13:29:39.359431,2725.70526585641,0.0661146301760714,1.02425090443508e-130,0.652719453780647,2.72511493855355,1900.2875678577,0.0548530632693438,0.000683304596635001,1144.02374212846,0.110045104548849,2.17213223472768e-309,0.920048661670744,1.30754747225555,1816.51824964957,0.93160874164413,1.21149550693532,1900.47911522182,TRUE,0.0551458378496487,0.000701497039916414,1.22783414859476,2023-01-12 13:27:20,2023-01-12 13:31:59,408.58777,TRUE,TRUE,TRUE,FALSE,FALSE,FALSE,FALSE,FALSE
"2023-01-12_PTR_UP_308_19",2023-01-12,"Jan","PTR","UP",308,19,2023-01-12 13:09:29.5,NA,NA,NA,NA,NA,2582.77308797982,0.006652351556022,0.000978248727461757,1161.67228998406,0.169013996735758,2.5361196476211e-11,0.0717797062157593,2.07516739782212,2416.91731739627,0.300632651037205,1.80429582684326,2585.80119001465,TRUE,0.0068136935794485,0.000957522817227561,1.78040969369497,2023-01-12 13:07:00,2023-01-12 13:11:59,414.83218,TRUE,FALSE,TRUE,FALSE,FALSE,FALSE,FALSE,FALSE
"2023-01-20_CRC_TR_311_43",2023-01-20,"Jan","CRC","TR",311,43,2023-01-20 12:14:29.5,NA,NA,NA,NA,NA,1172.9107932359,0.135101378410114,0.00124454698218324,1089.96518381301,0.128798086413027,4.87004086679765e-276,0.970515844787037,1.2269806855047,1114.67367056664,0.975196814033244,1.12853135774585,1173.48981467017,TRUE,0.135996455029256,0.00119101865302242,1.21302506979481,2023-01-20 12:13:00,2023-01-20 12:15:59,390.01089,TRUE,FALSE,TRUE,FALSE,FALSE,FALSE,FALSE,FALSE
"2023-01-20_CRC_TR_312_44",2023-01-20,"Jan","CRC","TR",312,44,2023-01-20 12:04:29.5,3416.15999364739,0.218445743732046,3.45703306837999e-168,0.721602951053551,4.15590789947755,2494.44627655872,0.0880369224921378,0.000908830205476191,1080.3775283511,0.15702041931633,0,0.940089079548966,1.92790929302169,2009.56772395758,0.973475702168315,1.28494047909253,2494.65640034952,TRUE,0.0884472954189359,0.000973350637290042,2.08067176899466,2023-01-20 12:02:00,2023-01-20 12:06:59,384.18665,TRUE,TRUE,TRUE,FALSE,FALSE,FALSE,FALSE,FALSE
"2023-01-20_CRC_TR_313_45",2023-01-20,"Jan","CRC","TR",313,45,2023-01-20 12:22:29.5,NA,NA,NA,NA,NA,1957.21108443398,0.301001593148414,0.000580832425300013,1056.04055593667,0.100351584293287,0,0.997778228838895,1.23212479479321,1932.58679434821,0.997881734596299,1.20509888139821,1958.16759065203,TRUE,0.30139157369214,0.000611106155305245,1.23953413295219,2023-01-20 12:20:00,2023-01-20 12:24:59,377.99161,TRUE,FALSE,TRUE,FALSE,FALSE,FALSE,FALSE,FALSE
"2023-01-20_CRC_TR_314_46",2023-01-20,"Jan","CRC","TR",314,46,2023-01-20 11:47:29.5,3689.65159015423,0.145104221590339,4.36880367677293e-155,0.692069520147608,5.219703376684,2685.03803592644,0.105258543844743,0.00106527126029466,1057.21566304077,0.184049054453973,0,0.942284941479767,2.25976904149542,2232.17415471421,0.973047439098959,1.54684559370775,2687.5874530326,TRUE,0.103603699296113,0.00105967867012032,2.12991163218828,2023-01-20 11:45:00,2023-01-20 11:49:59,375.68732,TRUE,FALSE,TRUE,FALSE,FALSE,FALSE,FALSE,FALSE
"2023-01-20_CRC_TR_315_47",2023-01-20,"Jan","CRC","TR",315,47,2023-01-20 11:55:29.5,NA,NA,NA,NA,NA,2025.07175491572,0.218972779428857,0.000614625321842011,1059.66841949615,0.106190050876995,0,0.995310780872725,1.30380995544135,2006.85956049314,0.99548120327475,1.28204389145272,2025.30983157004,TRUE,0.218899968377435,0.000637722573488209,1.30954299358643,2023-01-20 11:53:00,2023-01-20 11:57:59,377.85913,TRUE,FALSE,TRUE,FALSE,FALSE,FALSE,FALSE,FALSE
"2023-01-20_CRC_TR_316_48",2023-01-20,"Jan","CRC","TR",316,48,2023-01-20 11:31:29.5,NA,NA,NA,NA,NA,3973.77538257173,-0.0110442539786082,0.00311795475648707,1056.82439123509,0.538695303394348,0.000427811320401158,0.0205501118316118,6.6141441096833,3954.39877090218,0.0579766556076275,6.49741845096775,3980.22736025332,TRUE,-0.00392440045169278,0.00111048182061554,1.93737810911767,2023-01-20 11:29:00,2023-01-20 11:33:59,376.51639,FALSE,FALSE,FALSE,TRUE,TRUE,TRUE,TRUE,FALSE
"2023-01-20_CRC_UP_301_35",2023-01-20,"Jan","CRC","UP",301,35,2023-01-20 14:02:54.5,3144.30160423098,0.152163183781805,2.49948761417331e-115,0.649097701732624,5.59216819195897,1744.26757602494,0.12914793750112,0.000854520052626418,1094.44790881968,0.122969265710886,0,0.978663061431925,1.3789647734921,1583.2322158855,0.984661453249294,1.17152904133389,1744.33160341232,TRUE,0.129346912862494,0.000852779768317811,1.37611300814791,2023-01-20 14:00:50,2023-01-20 14:04:59,391.20334,TRUE,FALSE,TRUE,FALSE,FALSE,FALSE,FALSE,FALSE
"2023-01-20_CRC_UP_302_36",2023-01-20,"Jan","CRC","UP",302,36,2023-01-20 14:09:59.5,3144.76291286978,0.161508391115855,1.90748291964272e-120,0.680294627361334,6.37697504093927,2088.2285971038,0.159548691434659,0.00139769238980847,1078.3061483156,0.193064614639849,0,0.964615045936713,2.12152946534358,1741.45357367198,0.982960990282994,1.47527301002313,2088.34869191562,TRUE,0.159148268153957,0.00149841958201089,2.41254174290144,2023-01-20 14:08:00,2023-01-20 14:11:59,386.10645,TRUE,FALSE,TRUE,FALSE,FALSE,FALSE,FALSE,FALSE
"2023-01-20_CRC_UP_303_37",2023-01-20,"Jan","CRC","UP",303,37,2023-01-20 14:18:44.5,3585.12455909092,0.178585166920839,6.56684945880815e-135,0.679144176628786,6.66534008525849,1788.28445068334,0.149822432007247,0.000697110789171255,1089.64033758563,0.108366912942312,0,0.988486615920735,1.26260890111461,1722.86844434287,0.989875461499762,1.18621581919048,1788.39325750928,TRUE,0.150022101948745,0.000709073980073117,1.26852010255534,2023-01-20 14:16:30,2023-01-20 14:20:59,389.02979,TRUE,FALSE,TRUE,FALSE,FALSE,FALSE,FALSE,FALSE
"2023-01-20_CRC_UP_304_38",2023-01-20,"Jan","CRC","UP",304,38,2023-01-20 14:25:59.5,3965.16529395717,0.42694559504569,1.22236701455532e-116,0.668363941761178,14.9884464408333,1796.91716906844,0.374209173234953,0.001031870504958,1087.50707141783,0.142533280463266,0,0.996378622189727,1.56625570594066,1652.01088398583,0.997344499533002,1.34403138771449,1797.07314052037,TRUE,0.374505494410212,0.00105618920786733,1.54499075548031,2023-01-20 14:24:00,2023-01-20 14:27:59,388.28363,TRUE,FALSE,TRUE,FALSE,FALSE,FALSE,FALSE,FALSE
"2023-01-20_CRC_UP_305_39",2023-01-20,"Jan","CRC","UP",305,39,2023-01-20 14:34:29.5,NA,NA,NA,NA,NA,2161.53120086992,0.482444654763546,0.000688647173076961,1070.89655324994,0.118978954733236,0,0.998783055170679,1.46083314197569,2104.41860867863,0.998900902751898,1.39062710688717,2164.87151492846,TRUE,0.483532047686806,0.000657327159557325,1.41294242012556,2023-01-20 14:32:00,2023-01-20 14:36:59,385.01407,TRUE,FALSE,TRUE,FALSE,FALSE,FALSE,FALSE,FALSE
"2023-01-20_CRC_UP_306_40",2023-01-20,"Jan","CRC","UP",306,40,2023-01-20 14:31:59.5,3483.03712951066,0.0605658707500897,9.07333842349246e-171,0.660885349273165,2.71030562691468,2378.99541677472,0.0430554402925797,0.000451512869167443,1152.6392461808,0.0936496540770784,0,0.926818183235864,1.25906045496193,2342.19653287539,0.930849736495781,1.22559680722273,2379.27940266401,TRUE,0.0429284319122385,0.000474748016542214,1.27290935225142,2023-01-20 14:29:00,2023-01-20 14:34:59,411.71542,TRUE,TRUE,TRUE,FALSE,FALSE,FALSE,FALSE,FALSE
"2023-01-20_CRC_UP_307_41",2023-01-20,"Jan","CRC","UP",307,41,2023-01-20 14:15:29.5,NA,NA,NA,NA,NA,1336.20304543461,0.234066956225277,0.00156137429017439,1137.38249384543,0.161586523954424,0,0.984319747310204,1.53933609925021,1326.09527605814,0.984922344465708,1.51370187387746,1336.52853039532,TRUE,0.234955321056376,0.00155663133042339,1.54834900812386,2023-01-20 14:14:00,2023-01-20 14:16:59,409.13318,TRUE,FALSE,TRUE,FALSE,FALSE,FALSE,FALSE,FALSE
"2023-01-20_CRC_UP_308_42",2023-01-20,"Jan","CRC","UP",308,42,2023-01-20 14:02:29.5,4194.79103132096,0.221189328918064,3.23965266438096e-153,0.687606033450096,7.95173473239442,2296.49430842301,0.162918815144394,0.000770622254043822,1145.6806975935,0.133141954058465,0,0.986797090353565,1.63472758280736,2068.69209671392,0.991028075392397,1.34983546619794,2297.26418288311,TRUE,0.162387883532675,0.000794593762963869,1.54870082644502,2023-01-20 14:00:00,2023-01-20 14:04:59,409.20755,TRUE,FALSE,TRUE,FALSE,FALSE,FALSE,FALSE,FALSE
"2023-01-05_OWC_TR_120_10",2023-01-05,"Jan","OWC","TR",120,10,2023-01-05 13:22:29.5,3997.33941612927,0.177363769252126,7.97406325689183e-144,0.664195712056195,6.74530763213943,2020.91504793985,0.133346872970931,0.00061249999048961,1363.94756123391,0.105822853112078,0,0.987540443731425,1.29930147185403,1949.72851134746,0.989007898098735,1.22243697518081,2021.10742361268,TRUE,0.133564628815407,0.000633818901092668,1.19938040534654,2023-01-05 13:20:00,2023-01-05 13:24:59,494.27484,TRUE,FALSE,TRUE,FALSE,FALSE,FALSE,FALSE,FALSE
"2023-01-05_OWC_TR_121_11",2023-01-05,"Jan","OWC","TR",121,11,2023-01-05 13:33:29.5,4520.00379204608,0.279953476833094,2.880516362243e-156,0.694855104180764,10.4270224006161,2125.62651546135,0.21698288783623,0.000668347657265022,1146.45167901857,0.115471766629779,0,0.994358455149029,1.41777160535216,1849.68819263854,0.996461885117006,1.1246585233003,2126.10201042136,TRUE,0.216790592069542,0.000687999411978852,1.43997788525538,2023-01-05 13:31:00,2023-01-05 13:35:59,415.12949,TRUE,FALSE,TRUE,FALSE,FALSE,FALSE,FALSE,FALSE
"2023-01-05_OWC_TR_122_13",2023-01-05,"Jan","OWC","TR",122,13,2023-01-05 13:55:59.5,3199.02266823116,0.223159634109752,2.68546729396778e-117,0.670458077715744,6.74778587062709,1773.57471721551,0.167872147851249,0.00100708309275461,1165.636717941,0.139109371010899,0,0.983088052166053,1.52863138621012,1537.0252675759,0.989754120161325,1.19231513895837,1774.28997987884,TRUE,0.168667189827283,0.00101408261759778,1.5877965065564,2023-01-05 13:54:00,2023-01-05 13:57:59,422.96686,TRUE,FALSE,TRUE,FALSE,FALSE,FALSE,FALSE,FALSE
"2023-01-05_OWC_TR_123_12",2023-01-05,"Jan","OWC","TR",123,12,2023-01-05 13:43:29.5,4974.56876648388,0.433260485185247,8.85826377177619e-162,0.707528209263845,15.2290515445936,2504.98645240898,0.323846560066919,0.000916848058071719,1141.40199788627,0.158405679807212,0,0.995229754855125,1.94491763235269,2169.59916365549,0.997290532244605,1.46825105003866,2522.63556600491,TRUE,0.320683166993971,0.000713889868464956,1.50287101453674,2023-01-05 13:41:00,2023-01-05 13:45:59,411.16342,TRUE,FALSE,TRUE,FALSE,FALSE,FALSE,FALSE,FALSE
"2023-01-05_OWC_TR_124_14",2023-01-05,"Jan","OWC","TR",124,14,2023-01-05 13:07:29.5,4303.44595355826,0.247926595271375,1.06349555171859e-157,0.698200978662247,8.70533345582048,2305.71071706537,0.181682769998018,0.000776563682269107,1298.88130735572,0.134168466541931,0,0.989192908099385,1.64733118535086,1972.69016535425,0.993837382189116,1.24605317829741,2305.83373289753,TRUE,0.181422790296463,0.00084168255976187,1.66150855417285,2023-01-05 13:05:00,2023-01-05 13:09:59,469.95856,TRUE,FALSE,TRUE,FALSE,FALSE,FALSE,FALSE,FALSE
"2023-01-05_OWC_TR_124_17",2023-01-05,"Jan","OWC","TR",124,17,2023-01-05 14:31:59.5,2623.71292277791,0.140338979422318,9.70097880134958e-106,0.631687995765847,3.70592706366449,1543.67534413204,0.086232009402556,0.000792612848211957,1427.36914921055,0.109484386703718,0,0.961183239395232,1.2030912698337,1546.4232066852,0.96128436560364,1.20404465121735,1543.71596063934,TRUE,0.0863911101359024,0.00082864161906863,1.17958233972711,2023-01-05 14:30:00,2023-01-05 14:33:59,518.25964,TRUE,TRUE,TRUE,FALSE,FALSE,FALSE,FALSE,FALSE
"2023-01-05_OWC_TR_126_15",2023-01-05,"Jan","OWC","TR",126,15,2023-01-05 14:07:42,4551.92461766982,0.362737484459358,1.30219647259871e-139,0.685096681598196,15.1127945429241,2204.38780048171,0.337882750426988,0.000960695579623465,1152.35193492206,0.152114852573534,0,0.995589372773918,1.78857162512152,1773.2521737751,0.998000571834234,1.20643247838797,2204.49919442073,TRUE,0.337949533494382,0.00102776186758999,2.00017812937934,2023-01-05 14:05:25,2023-01-05 14:09:59,417.13757,TRUE,FALSE,TRUE,FALSE,FALSE,FALSE,FALSE,FALSE
"2023-01-05_OWC_TR_128_9",2023-01-05,"Jan","OWC","TR",128,9,2023-01-05 11:57:29.5,4891.30422471458,0.434666235304147,1.12831051804372e-167,0.720500094203697,14.2081788103266,2768.6586616706,0.308547650060585,0.00114215099926609,1160.97479718947,0.197331721312409,0,0.991872451419493,2.42285468974413,2466.45690035741,0.995121083914228,1.88034144086961,2794.09979945909,TRUE,0.303980416303338,0.000832592457332954,1.51370803841405,2023-01-05 11:55:00,2023-01-05 11:59:59,414.87329,TRUE,FALSE,TRUE,FALSE,FALSE,FALSE,FALSE,FALSE
"2023-01-05_OWC_UP_101_1",2023-01-05,"Jan","OWC","UP",101,1,2023-01-05 13:30:29.5,NA,NA,NA,NA,NA,2022.99173779194,0.250363807638002,0.000613560885299336,1127.75696827428,0.10600614603838,0,0.996421372841606,1.30155195709348,2003.87111721729,0.996556649830549,1.27885510086173,2023.1470878194,TRUE,0.250449162606136,0.00063296195030124,1.28989116516231,2023-01-05 13:28:00,2023-01-05 13:32:59,408.50925,TRUE,FALSE,TRUE,FALSE,FALSE,FALSE,FALSE,FALSE
"2023-01-05_OWC_UP_102_2",2023-01-05,"Jan","OWC","UP",102,2,2023-01-05 13:22:59.5,4049.09084997254,0.463185074648977,1.1373944184299e-117,0.671639328149914,16.3577553991691,1844.48750876004,0.410489080266052,0.00108429024045158,1089.1033267179,0.149774069714453,0,0.996675933156891,1.64582257932858,1562.03911578405,0.998169806862937,1.22379049338638,1845.65376118572,TRUE,0.409719607406319,0.00111376749935766,1.50735519150298,2023-01-05 13:21:00,2023-01-05 13:24:59,394.73376,TRUE,FALSE,TRUE,FALSE,FALSE,FALSE,FALSE,FALSE
"2023-01-05_OWC_UP_103_3",2023-01-05,"Jan","OWC","UP",103,3,2023-01-05 13:06:39.5,NA,NA,NA,NA,NA,2617.26746119232,0.343622407186585,0.00130446913973627,1053.67002345924,0.210313034525547,0,0.992022617070435,2.49512588316551,2615.14233896041,0.992109395990632,2.4859767906793,2625.53761466021,TRUE,0.346889764363827,0.000612312435344313,1.12260957610962,2023-01-05 13:04:20,2023-01-05 13:08:59,381.72269,TRUE,FALSE,TRUE,FALSE,FALSE,FALSE,FALSE,FALSE
"2023-01-05_OWC_UP_104_4",2023-01-05,"Jan","OWC","UP",104,4,2023-01-05 12:00:59.5,NA,NA,NA,NA,NA,2232.67312698214,0.328042127394203,0.000407887407514503,1048.15161753721,0.0846011647166664,0,0.998891172532462,1.13740923005231,2210.31877339538,0.998931025419937,1.11834077671163,2232.71577057753,TRUE,0.328058479383403,0.000426455765127961,1.12958856476762,2023-01-05 11:58:00,2023-01-05 12:03:59,379.37442,TRUE,FALSE,TRUE,FALSE,FALSE,FALSE,FALSE,FALSE
"2023-01-05_OWC_UP_105_5",2023-01-05,"Jan","OWC","UP",105,5,2023-01-05 12:07:59.5,4203.77333069624,0.52556838028592,4.13288721285047e-116,0.666671029455411,19.2176611022846,1774.09360543453,0.47894047026012,0.00100762757692428,1055.59428689645,0.13918458114094,0,0.997888714210293,1.52945784789639,1572.5036948913,0.998624269548841,1.23720352022697,1774.81251077465,TRUE,0.47960218027048,0.000992327570491612,1.40395614738829,2023-01-05 12:06:00,2023-01-05 12:09:59,380.38708,TRUE,FALSE,TRUE,FALSE,FALSE,FALSE,FALSE,FALSE
"2023-01-05_OWC_UP_106_6",2023-01-05,"Jan","OWC","UP",106,6,2023-01-05 11:48:24.5,4443.73328686355,0.171886110324518,1.53596268161228e-151,0.671537800236365,8.68410326983409,1914.46195297967,0.168578404511086,0.000506891129861304,1062.05241013389,0.0905031365146871,0,0.994443591931052,1.12948208661658,1887.94971123347,0.994710421438989,1.103816033474,1914.47224931829,TRUE,0.168600644164988,0.000522621298819293,1.10625317694515,2023-01-05 11:45:50,2023-01-05 11:50:59,383.74176,TRUE,FALSE,TRUE,FALSE,FALSE,FALSE,FALSE,FALSE
"2023-01-05_OWC_UP_107_7",2023-01-05,"Jan","OWC","UP",107,7,2023-01-05 13:16:14.5,NA,NA,NA,NA,NA,1446.11399300036,0.437512372639379,0.00108421322090547,1142.03771987758,0.130984295358699,0,0.997439577719622,1.34698603031113,1439.74766395111,0.997501999873536,1.33365960281207,1446.32075196157,TRUE,0.437768104522461,0.00114386935742291,1.33197709429467,2023-01-05 13:14:30,2023-01-05 13:17:59,414.18579,TRUE,FALSE,TRUE,FALSE,FALSE,FALSE,FALSE,FALSE
"2023-01-05_OWC_UP_108_8",2023-01-05,"Jan","OWC","UP",108,8,2023-01-05 12:56:44.5,NA,NA,NA,NA,NA,1617.20325347997,0.13899610105906,0.00059498478492571,1047.43919526757,0.0924912731112598,0,0.990238232725701,1.07763801270104,1606.90091892302,0.990493387087615,1.06544325878606,1617.37652949902,TRUE,0.139141040834677,0.000621298768674949,1.20778202369546,2023-01-05 12:54:30,2023-01-05 12:58:59,380.64944,TRUE,FALSE,TRUE,FALSE,FALSE,FALSE,FALSE,FALSE
"2023-02-10_OWC_TR_120_57",2023-02-10,"Feb","OWC","TR",120,57,2023-02-10 12:23:59.5,8019.89692135062,0.35669425523573,1.18826873883219e-292,0.752405250497959,15.7369093387573,5149.82053441648,0.226581588997131,0.000822123577969069,1171.51130089921,0.227477548240785,0,0.987544896831697,3.52957481629633,3709.44937447524,0.997233516164606,1.66520077493053,5160.97927809842,TRUE,0.224361003910615,0.000776649118687009,3.60386630721703,2023-02-10 12:20:00,2023-02-10 12:27:59,416.26331,TRUE,FALSE,TRUE,FALSE,FALSE,FALSE,FALSE,FALSE
"2023-02-10_OWC_TR_121_58",2023-02-10,"Feb","OWC","TR",121,58,2023-02-10 12:11:59.5,5610.20202862757,0.271175639565582,2.58808382230553e-191,0.702726833156454,11.8729090284408,2908.67115952843,0.208518625676041,0.00065225412776786,1176.42180733158,0.135286007569263,0,0.993023654148682,1.81883493237409,2487.98120936237,0.996132230015041,1.35617369313764,2910.04810250184,TRUE,0.209156682409548,0.000666613884698818,1.78422420472634,2023-02-10 12:09:00,2023-02-10 12:14:59,420.50433,TRUE,FALSE,TRUE,FALSE,FALSE,FALSE,FALSE,FALSE
"2023-02-10_OWC_TR_122_59",2023-02-10,"Feb","OWC","TR",122,59,2023-02-10 11:53:44.5,4227.97260593362,0.289966679850572,1.74597582954546e-131,0.669607842640197,12.0872436280183,1805.19751475249,0.268798762036678,0.000708113643409266,1165.70492117527,0.110077323060544,0,0.996280237711374,1.28253729974849,1763.41109605922,0.996582633924165,1.23159213209423,1805.22840115206,TRUE,0.268810049787021,0.000726280490445864,1.23977371784523,2023-02-10 11:51:30,2023-02-10 11:55:59,417.34036,TRUE,FALSE,TRUE,FALSE,FALSE,FALSE,FALSE,FALSE
"2023-02-10_OWC_TR_123_60",2023-02-10,"Feb","OWC","TR",123,60,2023-02-10 12:01:59.5,NA,NA,NA,NA,NA,2537.52189895761,0.186278407669908,0.000504058186312043,1212.23330644979,0.104548237727719,0,0.994770218670604,1.40558502918323,2510.75632683413,0.994988979910261,1.37779352879496,2537.59722348506,TRUE,0.186219389143961,0.000533843733973463,1.45741390361924,2023-02-10 11:59:00,2023-02-10 12:04:59,435.70865,TRUE,FALSE,TRUE,FALSE,FALSE,FALSE,FALSE,FALSE
"2023-02-10_OWC_TR_124_61",2023-02-10,"Feb","OWC","TR",124,61,2023-02-10 11:45:59.5,NA,NA,NA,NA,NA,1529.36840083223,0.316160381220499,0.000780888071241069,1182.58103245327,0.107864831811577,0,0.997092457899108,1.18529446418483,1498.39477867823,0.997296772653838,1.14528878527602,1529.43097753569,TRUE,0.316066581717653,0.00080801287581867,1.25906996498266,2023-02-10 11:44:00,2023-02-10 11:47:59,424.6781,TRUE,FALSE,TRUE,FALSE,FALSE,FALSE,FALSE,FALSE
"2023-02-10_OWC_TR_126_62",2023-02-10,"Feb","OWC","TR",126,62,2023-02-10 11:36:14.5,6841.47706045992,0.194402330371671,1.87496400661717e-248,0.717110732972472,10.8012413800008,3587.91895171654,0.155561399688568,0.000454705599312549,1172.56524315036,0.117939068512887,0,0.992385982371641,1.77203532570256,2969.34389936529,0.996187668611282,1.25529246598794,3588.6677732066,TRUE,0.155464559620833,0.000486672428292987,1.83421630733895,2023-02-10 11:32:30,2023-02-10 11:39:59,419.48645,TRUE,FALSE,TRUE,FALSE,FALSE,FALSE,FALSE,FALSE
"2023-02-10_OWC_TR_127_63",2023-02-10,"Feb","OWC","TR",127,63,2023-02-10 12:58:44.5,1403.97321838225,0.115821245081117,9.5672746958786e-62,0.603075646212013,2.49518113269059,958.193129048825,0.0869697604611584,0.00158264706763589,1224.4100334109,0.136375758977276,5.46552413747478e-158,0.910179603071468,1.1869589229827,936.485270176768,0.917556004211466,1.14101143634908,958.215618326793,TRUE,0.0867339081488157,0.00167141640121579,1.12359377780167,2023-02-10 12:57:30,2023-02-10 12:59:59,438.23944,TRUE,TRUE,TRUE,FALSE,FALSE,FALSE,FALSE,FALSE
"2023-02-10_OWC_TR_128_64",2023-02-10,"Feb","OWC","TR",128,64,2023-02-10 12:42:59.5,NA,NA,NA,NA,NA,1640.28913324153,0.20211824299589,0.000876532913305803,1244.60477683009,0.121076347242413,0,0.991090229464342,1.3304718666863,1634.1949758534,0.991275641046433,1.3193185563976,1640.38963952577,TRUE,0.202378755377979,0.000895187048336316,1.49292035862456,2023-02-10 12:41:00,2023-02-10 12:44:59,445.76575,TRUE,FALSE,TRUE,FALSE,FALSE,FALSE,FALSE,FALSE
"2023-02-10_OWC_UP_101_49",2023-02-10,"Feb","OWC","UP",101,49,2023-02-10 12:33:29.5,3992.33447729974,0.136609494417818,6.40769390437923e-149,0.677105915197147,6.7172330093366,1893.3804691441,0.135604995784282,0.0005507440109271,1077.45480523416,0.0951531485316551,0,0.990232430353427,1.16829798387485,1815.88188724991,0.991473007599446,1.09341686702808,1893.40172799425,TRUE,0.135553745617059,0.000553931888636183,1.24765605769596,2023-02-10 12:31:00,2023-02-10 12:35:59,385.67572,TRUE,FALSE,TRUE,FALSE,FALSE,FALSE,FALSE,FALSE
"2023-02-10_OWC_UP_102_50",2023-02-10,"Feb","OWC","UP",102,50,2023-02-10 12:26:29.5,4845.15042062866,0.336290911434615,6.35456908238948e-152,0.684483276457897,13.6720864365533,2148.67879124964,0.280093733482817,0.000681310883993138,1083.7903804732,0.11771144933869,0,0.996474253084464,1.44527060915517,1924.02179913261,0.99759151644807,1.1965281162237,2148.81571274406,TRUE,0.279979573151452,0.00069965904338654,1.48968503309745,2023-02-10 12:24:00,2023-02-10 12:28:59,387.65085,TRUE,FALSE,TRUE,FALSE,FALSE,FALSE,FALSE,FALSE
"2023-02-10_OWC_UP_103_51",2023-02-10,"Feb","OWC","UP",103,51,2023-02-10 12:05:29.5,NA,NA,NA,NA,NA,1894.61503729108,0.330869398805923,0.000551310911670289,1073.60688989961,0.0952510931112585,0,0.998342472648692,1.16950055527315,1884.64956922431,0.998380607361607,1.15790684967986,1894.63868150176,TRUE,0.330876007185112,0.000557705331274092,1.25709743421676,2023-02-10 12:03:00,2023-02-10 12:07:59,385.15189,TRUE,FALSE,TRUE,FALSE,FALSE,FALSE,FALSE,FALSE
"2023-02-10_OWC_UP_104_52",2023-02-10,"Feb","OWC","UP",104,52,2023-02-10 11:44:29.5,NA,NA,NA,NA,NA,1971.67368016408,0.186148949570937,0.000587875066712074,1071.87561681669,0.101568355590007,0,0.994071189444931,1.24706441029446,1955.14434229885,0.994270615838062,1.22796653712211,1971.72639177917,TRUE,0.18627695109663,0.000598826596015159,1.24599178379894,2023-02-10 11:42:00,2023-02-10 11:46:59,384.46548,TRUE,FALSE,TRUE,FALSE,FALSE,FALSE,FALSE,FALSE
"2023-02-10_OWC_UP_105_53",2023-02-10,"Feb","OWC","UP",105,53,2023-02-10 11:51:29.5,5001.24452632837,0.356509092671646,2.03123862349228e-150,0.680808843269235,15.5713811751017,2409.15558833667,0.317047840149047,0.000846476729173587,1084.75421512471,0.146247484024489,0,0.995755424007777,1.79563833009412,2016.3159610235,0.997809253065034,1.29218673724822,2410.80541246481,TRUE,0.318112151779364,0.000854978693059514,1.72190195837173,2023-02-10 11:49:00,2023-02-10 11:53:59,388.74292,TRUE,FALSE,TRUE,FALSE,FALSE,FALSE,FALSE,FALSE
"2023-02-10_OWC_UP_106_54",2023-02-10,"Feb","OWC","UP",106,54,2023-02-10 11:36:29.5,6307.2864576307,0.168265196316406,1.14851375191859e-216,0.692274811404649,10.3090186690842,2803.49204032721,0.152730914297729,0.000364467817780182,1088.80157925176,0.0882209140574588,0,0.995250576179495,1.28072611700659,2712.64560665879,0.995757677457591,1.21187134277044,2803.49618894813,TRUE,0.152714362161639,0.000379162457259563,1.31692311809647,2023-02-10 11:33:00,2023-02-10 11:39:59,389.49854,TRUE,FALSE,TRUE,FALSE,FALSE,FALSE,FALSE,FALSE
"2023-02-10_OWC_UP_107_55",2023-02-10,"Feb","OWC","UP",107,55,2023-02-10 12:19:59.5,NA,NA,NA,NA,NA,1577.50394535773,0.317818606798653,0.000821040975210245,1067.50343398058,0.113411191645834,0,0.996820083615213,1.24624175810362,1554.75612274716,0.996992436531911,1.21454139495278,1579.07927408702,TRUE,0.31884742065175,0.000790406749328742,1.08058249364032,2023-02-10 12:18:00,2023-02-10 12:21:59,384.01187,TRUE,FALSE,TRUE,FALSE,FALSE,FALSE,FALSE,FALSE
"2023-02-10_OWC_UP_108_56",2023-02-10,"Feb","OWC","UP",108,56,2023-02-10 11:57:59.5,2604.6537129166,0.0899755878402411,5.29467559267027e-96,0.595514141692823,3.63307756616384,1683.44290596546,0.0798020128657944,0.000916833697710549,1075.19600110667,0.126643133945639,2.63168901185156e-295,0.940651455673734,1.39164362537553,1654.47838820893,0.944590474735397,1.3474904178006,1692.2403580824,TRUE,0.0822352562477828,0.000779630341071469,1.13110310389429,2023-02-10 11:56:00,2023-02-10 11:59:59,385.00232,TRUE,TRUE,TRUE,FALSE,FALSE,FALSE,FALSE,FALSE
"2023-02-21_CRC_TR_309_73",2023-02-21,"Feb","CRC","TR",309,73,2023-02-21 14:18:29.5,3956.88926756664,0.111569208368972,5.84655150331773e-136,0.64324656425185,6.5217232319749,2029.27725099399,0.124963870931762,0.000616783104344789,1138.08514225072,0.106562855292317,0,0.985641268950179,1.30838727793168,2011.31434269184,0.986157364677465,1.28681209177051,2029.73610471261,TRUE,0.124711831055546,0.000580297003847989,1.26193176679808,2023-02-21 14:16:00,2023-02-21 14:20:59,406.48886,TRUE,FALSE,TRUE,FALSE,FALSE,FALSE,FALSE,FALSE
"2023-02-21_CRC_TR_311_75",2023-02-21,"Feb","CRC","TR",311,75,2023-02-21 13:44:59.5,NA,NA,NA,NA,NA,1611.69314873328,0.0773822903414714,0.000850808241995788,1142.54001984133,0.117522973274422,6.53726795791259e-304,0.945372529352669,1.29142490000864,1602.58630181835,0.946844001908689,1.27658641983746,1612.37055439195,TRUE,0.0779461800388879,0.000873647180968512,1.32506653100497,2023-02-21 13:43:00,2023-02-21 13:46:59,407.21051,TRUE,FALSE,TRUE,FALSE,FALSE,FALSE,FALSE,FALSE
"2023-02-21_CRC_TR_312_76",2023-02-21,"Feb","CRC","TR",312,76,2023-02-21 13:31:59.5,2948.48240277421,0.518903287170492,1.83770055508396e-156,0.773967372423839,5.19779755486031,2704.00510032085,0.146390083239748,0.00265450034023777,1164.31484938695,0.366668724095708,2.36637163165059e-209,0.864177125267592,4.02921324365993,1876.08305615597,0.975996954458252,1.69737358850241,2705.02906041737,TRUE,0.145010948052298,0.00270033188226046,4.68014945459169,2023-02-21 13:30:00,2023-02-21 13:33:59,412.73245,TRUE,FALSE,TRUE,FALSE,FALSE,FALSE,FALSE,FALSE
"2023-02-21_CRC_TR_313_77",2023-02-21,"Feb","CRC","TR",313,77,2023-02-21 13:51:14.5,2787.2800238853,0.375043802334631,4.15666529206859e-111,0.699232010111637,6.64919472702017,1994.50093879863,0.194926105570708,0.00208276467968006,1149.28485160896,0.251619754035138,1.66549338919695e-282,0.954451854033737,2.58754908523576,1520.80206896191,0.985394595110832,1.46876231554152,2000.95739668289,TRUE,0.199652526266992,0.0020870656276078,2.27106205928235,2023-02-21 13:49:30,2023-02-21 13:52:59,408.36346,TRUE,FALSE,TRUE,FALSE,FALSE,FALSE,FALSE,FALSE
"2023-02-21_CRC_TR_314_78",2023-02-21,"Feb","CRC","TR",314,78,2023-02-21 13:07:14.5,2457.9311507662,0.309147747216612,6.92511417446677e-138,0.776017933697325,4.49251986664321,2437.02237481958,0.138573960827996,0.00352721080158912,1152.02125297257,0.426123951008364,2.08333957028345e-142,0.78689538664966,4.38207502370726,1798.32761003873,0.953865660825294,2.04379348566302,2442.69457175417,TRUE,0.132161628538714,0.00341554286540913,4.66470749175515,2023-02-21 13:05:30,2023-02-21 13:08:59,409.3949,TRUE,TRUE,TRUE,FALSE,FALSE,FALSE,FALSE,FALSE
"2023-02-21_CRC_TR_315_79",2023-02-21,"Feb","CRC","TR",315,79,2023-02-21 13:15:29.5,3129.99647265374,0.343623999973308,1.96801875090877e-194,0.77252215993903,3.2741598810413,3221.31986690134,0.0678512170803912,0.00166550935745909,1148.91642417807,0.287753395637276,1.17294494384898e-174,0.735124876088201,3.53305925409637,2063.36290576016,0.961806568553479,1.34385414839247,3222.07218440626,TRUE,0.0678116477351666,0.00176081364932071,4.05897696245274,2023-02-21 13:13:00,2023-02-21 13:17:59,408.1312,TRUE,TRUE,TRUE,FALSE,FALSE,FALSE,FALSE,FALSE
"2023-02-21_CRC_TR_316_80",2023-02-21,"Feb","CRC","TR",316,80,2023-02-21 14:27:29.5,NA,NA,NA,NA,NA,3306.81049384001,0.0405553489164928,0.00178849267868789,1160.54980912102,0.309001470967412,1.27781226289438e-82,0.462321126423848,3.79394482596119,2572.14163127209,0.843015555355493,2.05345550630431,3306.85932188822,TRUE,0.0409151900673464,0.00188642580105891,4.64235771378619,2023-02-21 14:25:00,2023-02-21 14:29:59,411.96429,TRUE,FALSE,TRUE,FALSE,FALSE,FALSE,FALSE,FALSE
"2023-02-21_CRC_TR_316_83",2023-02-21,"Feb","CRC","TR",316,83,2023-02-21 14:33:59.5,NA,NA,NA,NA,NA,2209.05634366878,0.022981286472862,0.00158515916160311,1161.03442821092,0.218959582887668,9.75331937405911e-40,0.305419915610399,2.4060815477869,1819.04951076961,0.694344118373077,1.59946974565006,2215.99950730093,TRUE,0.0200458046490802,0.00151614607467239,2.11792145114093,2023-02-21 14:32:00,2023-02-21 14:35:59,410.75739,TRUE,FALSE,TRUE,FALSE,FALSE,FALSE,FALSE,FALSE
"2023-02-21_CRC_TR_327_74",2023-02-21,"Feb","CRC","TR",327,74,2023-02-21 13:59:59.5,4973.97006005649,0.142863443103447,2.79356035101539e-113,0.413940381847057,3.2206674681495,5203.07200437024,0.0153452704474952,0.000845244439060508,1144.48891483821,0.233874976723847,1.56700202099067e-63,0.25597891050661,3.62883824970987,4413.44956574988,0.674494505954215,2.40274652388171,5203.35935636416,TRUE,0.0149644577438936,0.000927638630515137,4.11737312888222,2023-02-21 13:56:00,2023-02-21 14:03:59,406.06607,TRUE,TRUE,TRUE,FALSE,FALSE,FALSE,FALSE,FALSE
"2023-02-21_CRC_TR_327_82",2023-02-21,"Feb","CRC","TR",327,82,2023-02-21 14:09:29.5,NA,NA,NA,NA,NA,2570.7546763656,-0.0232151662648687,0.00096850013016588,1157.29738507347,0.167329712008071,1.69249165928878e-89,0.490009863792798,2.05448761494584,2381.74349614803,0.63029474339947,1.75217675385223,2571.07852681006,TRUE,-0.0236982686106192,0.00100012247676515,2.16116493833026,2023-02-21 14:07:00,2023-02-21 14:11:59,411.88599,TRUE,FALSE,TRUE,TRUE,FALSE,TRUE,TRUE,FALSE
"2023-02-21_CRC_UP_301_65",2023-02-21,"Feb","CRC","UP",301,65,2023-02-21 11:54:29.5,1615.86180445795,0.0981240975127206,2.55059594323117e-71,0.590105810869923,2.26996897086705,1318.17169073707,0.0616446022378415,0.00152275750681456,1139.76484501539,0.157590075550808,1.12750935243589e-135,0.820714040804414,1.50126437677035,1202.13873323113,0.871547756854988,1.27429917101344,1318.32721385937,TRUE,0.0621782924747733,0.00151167712623596,1.59374708029671,2023-02-21 11:53:00,2023-02-21 11:55:59,408.79861,TRUE,TRUE,TRUE,FALSE,FALSE,FALSE,FALSE,FALSE
"2023-02-21_CRC_UP_302_66",2023-02-21,"Feb","CRC","UP",302,66,2023-02-21 11:58:14.5,NA,NA,NA,NA,NA,1285.2981507265,0.0867851332683398,0.00272992419273595,1132.68218845669,0.235235948271725,9.39665889935544e-98,0.772279845313423,2.04739764530987,1024.57471057694,0.905773070530363,1.32145159812191,1287.73573298437,TRUE,0.0903499080302266,0.00276024736592262,2.07939266332774,2023-02-21 11:57:00,2023-02-21 11:59:29,408.07019,TRUE,FALSE,TRUE,FALSE,FALSE,FALSE,FALSE,FALSE
"2023-02-21_CRC_UP_302_81",2023-02-21,"Feb","CRC","UP",302,81,2023-02-21 12:02:29.5,NA,NA,NA,NA,NA,3390.78111947166,0.0619622542340084,0.00191812607631309,1141.7945281929,0.331398493348336,3.06576258206286e-133,0.635703143773782,4.06893726179981,2388.32006183297,0.93193017760637,1.76180587039429,3396.89870633965,TRUE,0.0577624451170042,0.00205437848501755,4.13101000136222,2023-02-21 12:00:00,2023-02-21 12:04:59,407.80215,TRUE,FALSE,TRUE,FALSE,FALSE,FALSE,FALSE,FALSE
"2023-02-21_CRC_UP_303_67",2023-02-21,"Feb","CRC","UP",303,67,2023-02-21 12:10:44.5,2373.41020866467,0.0560529284910058,2.55537318084956e-104,0.583221253565551,2.17051235070194,2307.52560479597,0.0342042406128169,0.00112746067869252,1153.38951062861,0.175265445767957,1.37011267421303e-118,0.631092117771972,2.04205975676585,2022.65011477613,0.783932175638719,1.5657170173613,2307.55220943919,TRUE,0.0343384401173931,0.00118009590006109,2.22497530505849,2023-02-21 12:08:30,2023-02-21 12:12:59,412.40808,TRUE,TRUE,TRUE,FALSE,FALSE,FALSE,FALSE,FALSE
"2023-02-21_CRC_UP_304_68",2023-02-21,"Feb","CRC","UP",304,68,2023-02-21 11:15:59.5,5595.27461242587,0.294449890679706,2.59596716555397e-206,0.729977730722921,11.7504670807088,3891.07360784454,0.214522248748309,0.00129033631792261,1152.32603142692,0.267632570560753,0,0.974680911568691,3.59815088879574,2667.3710369478,0.99539834447666,1.53609509367842,3892.92853608725,TRUE,0.214857017461666,0.00135747386757379,3.95754068395153,2023-02-21 11:13:00,2023-02-21 11:18:59,410.47595,TRUE,FALSE,TRUE,FALSE,FALSE,FALSE,FALSE,FALSE
"2023-02-21_CRC_UP_305_69",2023-02-21,"Feb","CRC","UP",305,69,2023-02-21 11:25:29.5,NA,NA,NA,NA,NA,1235.15966223745,0.386578900759913,0.00135693483247725,1156.78640755009,0.1404290977458,0,0.995608495736049,1.33778222499678,1238.02290905404,0.995622340689281,1.33941840118766,1235.17774357409,TRUE,0.386637167058422,0.00134808862748706,1.47490988930155,2023-02-21 11:24:00,2023-02-21 11:26:59,414.0433,TRUE,FALSE,TRUE,FALSE,FALSE,FALSE,FALSE,FALSE
"2023-02-21_CRC_UP_306_70",2023-02-21,"Feb","CRC","UP",306,70,2023-02-21 11:31:59.5,1711.40574020336,0.0363601181431741,1.54225042014176e-20,0.165347927823331,1.43277548994199,1649.02579225893,0.0116737542365299,0.000884546373221418,1152.22790252687,0.122183254285638,3.95236366780891e-34,0.267065211217249,1.3426353380297,1621.79976776183,0.313227892869359,1.30239344475471,1649.44998637869,TRUE,0.0122447596585852,0.00092265032600044,1.27191750251284,2023-02-21 11:30:00,2023-02-21 11:33:59,413.26389,TRUE,TRUE,TRUE,FALSE,FALSE,FALSE,FALSE,FALSE
"2023-02-21_CRC_UP_307_71",2023-02-21,"Feb","CRC","UP",307,71,2023-02-21 11:38:59.5,NA,NA,NA,NA,NA,826.880476412684,0.101059372996662,0.00250388962720644,1159.47026954482,0.172389967189926,1.94466595284234e-108,0.872523212613999,1.34368152146314,816.382621272513,0.879995822034487,1.30921643923845,826.914860367572,TRUE,0.101189816964202,0.00258801762973823,1.49610981175799,2023-02-21 11:38:00,2023-02-21 11:39:59,416.19125,TRUE,FALSE,TRUE,FALSE,FALSE,FALSE,FALSE,FALSE
"2023-02-21_CRC_UP_308_72",2023-02-21,"Feb","CRC","UP",308,72,2023-02-21 11:47:59.5,2841.36343420641,0.124006740452568,3.47270409651152e-98,0.603921396159281,4.64900272938436,1954.83768822786,0.103023953618397,0.00121637329236315,1138.97243567707,0.168018830653057,5.51045721678228e-290,0.937530149481565,1.84630881546048,1952.95279029005,0.938291366720733,1.83887642806074,1957.38851975818,TRUE,0.104314102563202,0.000941128302706538,1.24958863895463,2023-02-21 11:46:00,2023-02-21 11:49:59,408.91129,TRUE,TRUE,TRUE,FALSE,FALSE,FALSE,FALSE,FALSE
"2023-02-24_PTR_TR_12_91",2023-02-24,"Feb","PTR","TR",12,91,2023-02-24 10:35:59.5,2935.70535053201,-0.112388952781736,1.12810194504648e-79,0.526725870529045,5.12907617081946,2068.02781934868,-0.103136110154528,0.00136858876019047,1175.09499477279,0.18904450186125,2.00769508465629e-267,0.922365396264332,2.07735364508925,1776.37945252403,0.958066746378774,1.52993337393703,2068.699915084,TRUE,-0.103417758119501,0.00148290397653184,2.21762981162299,2023-02-24 10:34:00,2023-02-24 10:37:59,414.08746,TRUE,FALSE,TRUE,TRUE,FALSE,TRUE,TRUE,FALSE
"2023-02-24_PTR_TR_12_99",2023-02-24,"Feb","PTR","TR",12,99,2023-02-24 11:40:49.5,3420.01933451744,0.342259015343131,6.08288755375663e-163,0.760627158720468,6.46045113197852,2563.76394493224,0.171496240225407,0.00165697992585636,1059.3789223704,0.24801342095084,0,0.953873973273349,2.83594909814817,1822.98105213109,0.988986711733836,1.3884298460632,2568.1513740512,TRUE,0.168410645096388,0.00166874163430969,2.94445347564646,2023-02-24 11:38:40,2023-02-24 11:42:59,370.06165,TRUE,FALSE,TRUE,FALSE,FALSE,FALSE,FALSE,FALSE
"2023-02-24_PTR_TR_551_92",2023-02-24,"Feb","PTR","TR",551,92,2023-02-24 10:45:24.5,4162.16045739696,0.182965927338611,4.02455208518795e-160,0.691870068758778,6.92002430175999,2100.98064219405,0.138308431490573,0.000589169868903478,1076.67315418627,0.105193636137017,0,0.988910064605416,1.31281999959794,2012.80207535805,0.990442149411081,1.22074421864781,2102.30577686496,TRUE,0.137757416037,0.000595312718002928,1.2665233964893,2023-02-24 10:42:50,2023-02-24 10:47:59,377.91724,TRUE,FALSE,TRUE,FALSE,FALSE,FALSE,FALSE,FALSE
"2023-02-24_PTR_TR_552_93",2023-02-24,"Feb","PTR","TR",552,93,2023-02-24 10:54:29.5,5873.31424685076,0.24087382392153,1.94433604888988e-273,0.774716880850829,7.96217591718696,4507.22533312651,0.135099080176048,0.00100482152347261,1061.25347773962,0.243221126642314,0,0.955696592507189,3.5309048021844,2925.79515290474,0.993289692940243,1.37580698768031,4508.37101034326,TRUE,0.13419263206101,0.00102821857231158,4.31739889929318,2023-02-24 10:51:00,2023-02-24 10:57:59,371.16998,TRUE,FALSE,TRUE,FALSE,FALSE,FALSE,FALSE,FALSE
"2023-02-24_PTR_TR_553_94",2023-02-24,"Feb","PTR","TR",553,94,2023-02-24 11:04:44.5,NA,NA,NA,NA,NA,1748.85487141507,0.0152666452088412,0.000672119048205966,1074.85299589764,0.104481909497333,1.36193771206038e-80,0.489531987796898,1.21734379392177,1704.72409860875,0.533061799866936,1.16645348528533,1748.90716183945,TRUE,0.015322526837223,0.000675888440989886,1.21806612867927,2023-02-24 11:02:30,2023-02-24 11:06:59,380.07529,TRUE,FALSE,TRUE,FALSE,FALSE,FALSE,FALSE,FALSE
"2023-02-24_PTR_TR_554_95",2023-02-24,"Feb","PTR","TR",554,95,2023-02-24 11:11:59.5,NA,NA,NA,NA,NA,1687.22339197404,0.508079721589933,0.000920451312971178,1042.92657742728,0.127142838674163,0,0.998433663632182,1.3971347315915,1680.40991259344,0.998468555685194,1.38438488862233,1687.84200595529,TRUE,0.508634539958861,0.00093036278439172,1.41899181677149,2023-02-24 11:10:00,2023-02-24 11:13:59,368.9726,TRUE,FALSE,TRUE,FALSE,FALSE,FALSE,FALSE,FALSE
"2023-02-24_PTR_TR_555_96",2023-02-24,"Feb","PTR","TR",555,96,2023-02-24 11:17:29.5,2754.13371552632,0.35914130488278,4.38083095743144e-83,0.647583059374082,11.0308883779669,1236.96472680949,0.355682935947874,0.0013603409822944,1128.69920386729,0.140781599969312,0,0.99479064179443,1.34114029833384,1161.99864137799,0.995816674828983,1.20520084586433,1237.11778249504,TRUE,0.356206033122757,0.00141757378056867,1.30133056657272,2023-02-24 11:16:00,2023-02-24 11:18:59,397.42932,TRUE,FALSE,TRUE,FALSE,FALSE,FALSE,FALSE,FALSE
"2023-02-24_PTR_TR_556_97",2023-02-24,"Feb","PTR","TR",556,97,2023-02-24 11:23:59.5,3481.33189362978,0.388180651552518,8.52601645540889e-128,0.702130166222306,9.05472337726125,2060.72034238714,0.237115094596205,0.00135821067278256,1053.48038969751,0.187610966513475,0,0.984558646645408,2.0616009527298,1585.86275999812,0.994305907522491,1.25454041203204,2060.82067485905,TRUE,0.237067454335892,0.00144088857545654,2.12477145248368,2023-02-24 11:22:00,2023-02-24 11:25:59,369.47156,TRUE,FALSE,TRUE,FALSE,FALSE,FALSE,FALSE,FALSE
"2023-02-24_PTR_TR_557_98",2023-02-24,"Feb","PTR","TR",557,98,2023-02-24 11:33:29.5,3782.04670288666,0.143965237404225,4.85575322781644e-151,0.682331717068884,5.6374763131812,2079.87657460016,0.114225715797093,0.000643346547028204,1049.53080065215,0.111152274617844,0,0.981383328637444,1.36473653623695,1966.03420307323,0.984703048861566,1.23916090795989,2079.96124085241,TRUE,0.114270641982273,0.000666721729694175,1.44326017506883,2023-02-24 11:31:00,2023-02-24 11:35:59,369.69867,TRUE,FALSE,TRUE,FALSE,FALSE,FALSE,FALSE,FALSE
"2023-02-24_PTR_UP_1_84",2023-02-24,"Feb","PTR","UP",1,84,2023-02-24 12:04:29.5,NA,NA,NA,NA,NA,1188.66866352725,0.171458412839328,0.00127208530319286,1060.3975485503,0.131648025467031,6.99703956594758e-309,0.980674847270321,1.25413031382227,1186.86700074782,0.980983790106717,1.24755497789956,1189.11871286702,TRUE,0.170628646595953,0.00125525088356142,1.15912747683207,2023-02-24 12:03:00,2023-02-24 12:05:59,373.89017,TRUE,FALSE,TRUE,FALSE,FALSE,FALSE,FALSE,FALSE
"2023-02-24_PTR_UP_2_85",2023-02-24,"Feb","PTR","UP",2,85,2023-02-24 12:11:14.5,NA,NA,NA,NA,NA,1393.13905913782,0.18972532430332,0.00101794835444772,1057.00465785105,0.12297880651882,0,0.988109983679921,1.26466103399307,1378.96430955106,0.988613529299182,1.2405633716753,1394.25608246158,TRUE,0.188656987616156,0.00100366164926023,1.24859255332841,2023-02-24 12:09:30,2023-02-24 12:12:59,372.6528,TRUE,FALSE,TRUE,FALSE,FALSE,FALSE,FALSE,FALSE
"2023-02-24_PTR_UP_3_86",2023-02-24,"Feb","PTR","UP",3,86,2023-02-24 12:19:29.5,4326.67919788579,0.457291509737718,2.31957302089465e-157,0.697413397618846,8.87551991543304,3617.95212753094,0.177154205621181,0.00231789137175769,1065.64193091047,0.400466746076509,8.38344821826602e-311,0.907134172030789,4.91696280438329,2867.63506514497,0.973584244339414,2.62680562089444,3618.39188952731,TRUE,0.176728540990969,0.00266990197769359,5.29234087438405,2023-02-24 12:17:00,2023-02-24 12:21:59,372.15045,TRUE,FALSE,TRUE,FALSE,FALSE,FALSE,FALSE,FALSE
"2023-02-24_PTR_UP_3_87",2023-02-24,"Feb","PTR","UP",3,87,2023-02-24 12:27:29.5,1870.98885614026,0.223349470841083,1.10534768302493e-100,0.718894520633282,3.23525998009912,1622.0923661469,0.108551637116775,0.0023224783961394,1090.32641967782,0.240353138483853,1.81189810963187e-154,0.859198537401855,2.28969751673496,1284.273095539,0.945518954208836,1.4282813393997,1622.37126872302,TRUE,0.107663375572495,0.00240201953851167,2.55232523780146,2023-02-24 12:26:00,2023-02-24 12:28:59,382.50726,TRUE,TRUE,TRUE,FALSE,FALSE,FALSE,FALSE,FALSE
"2023-02-24_PTR_UP_4_100",2023-02-24,"Feb","PTR","UP",4,100,2023-02-24 12:23:40.5,NA,NA,NA,NA,NA,3486.55409286025,0.0255784016841621,0.00293019147615543,1156.42197391603,0.469036620022856,3.01953449291384e-17,0.120913954890568,5.54478562096221,3467.61565899694,0.156443732736818,5.44140984839891,3501.40989263583,TRUE,0.03357750308877,0.00109414110215522,2.02822315453323,2023-02-24 12:21:22,2023-02-24 12:25:59,411.97327,FALSE,FALSE,FALSE,FALSE,TRUE,FALSE,TRUE,FALSE
"2023-02-24_PTR_UP_4_88",2023-02-24,"Feb","PTR","UP",4,88,2023-02-24 12:35:14.5,5493.59694831293,0.353622176569683,6.23676265608838e-170,0.690943826319871,15.4846519105013,2883.51867096839,0.291080011701035,0.000875918638341215,1084.57651844653,0.166505582444688,0,0.994076905714903,2.1436656961337,2340.868423196,0.997412735747055,1.41894040774637,2883.7332337814,TRUE,0.29139553670703,0.000889755800728824,2.50717069544939,2023-02-24 12:32:30,2023-02-24 12:37:59,380.73877,TRUE,FALSE,TRUE,FALSE,FALSE,FALSE,FALSE,FALSE
"2023-02-24_PTR_UP_550_90",2023-02-24,"Feb","PTR","UP",550,90,2023-02-24 11:57:14.5,3139.93063035838,0.395799622522361,1.71714264812964e-105,0.680055958059871,10.1180191063191,1746.18588630806,0.292663057833926,0.00154973357078627,1085.26561998703,0.187224021852117,0,0.988415056918187,1.92533113441465,1504.820832237,0.99354081121336,1.44108283839849,1746.23154026855,TRUE,0.292335176007031,0.00165092603905058,2.19212137275458,2023-02-24 11:55:30,2023-02-24 11:58:59,381.29987,TRUE,FALSE,TRUE,FALSE,FALSE,FALSE,FALSE,FALSE
"2023-02-24_PTR_UP_6_101",2023-02-24,"Feb","PTR","UP",6,101,2023-02-24 11:42:29.5,6137.71265811944,3.17503459095024,8.87370954608195e-19,0.122814465548972,40.1447417169055,5960.06724748718,-0.291323617694921,0.0163204754302261,1231.16300741898,2.81972130773672,1.9021028506391e-57,0.347609805054745,34.6207642075221,5848.35978809878,0.462033077580824,31.491125761594,5968.48515322956,TRUE,-0.317810991166979,0.0130550491738246,26.6884870529237,2023-02-24 11:40:00,2023-02-24 11:44:59,365.61087,FALSE,FALSE,FALSE,TRUE,TRUE,TRUE,TRUE,TRUE
"2023-02-24_PTR_UP_7_89",2023-02-24,"Feb","PTR","UP",7,89,2023-02-24 11:48:29.5,5457.9287432249,0.472216290616405,5.75681026520886e-147,0.672215638794576,22.782777326849,2518.53801343876,0.458171511730982,0.000927260677442067,1051.57437517923,0.160204688961905,0,0.997556646680227,1.96700601093852,2290.51666439373,0.998340246398072,1.62390950153695,2519.09668393146,TRUE,0.458722370158841,0.000951370180165735,1.89703278956551,2023-02-24 11:46:00,2023-02-24 11:50:59,370.85361,TRUE,FALSE,TRUE,FALSE,FALSE,FALSE,FALSE,FALSE
"2023-03-24_CRC_TR_1_110",2023-03-24,"Mar","CRC","TR",1,110,2023-03-24 13:44:29.5,NA,NA,NA,NA,NA,1152.0509528343,0.199163159735773,0.00120900728035061,1142.57264598104,0.125120084976952,0,0.9869794019467,1.19194261274288,1137.90416008528,0.987619473290782,1.16553670598968,1152.21495765363,TRUE,0.199618622770479,0.00129375975998043,1.24972035897008,2023-03-24 13:43:00,2023-03-24 13:45:59,410.10355,TRUE,FALSE,TRUE,FALSE,FALSE,FALSE,FALSE,FALSE
"2023-03-24_CRC_TR_3_112",2023-03-24,"Mar","CRC","TR",3,112,2023-03-24 13:28:59.5,2743.78069438664,0.158031211864923,3.63702553222623e-125,0.694493235683366,4.19966198583114,1798.34478221011,0.10708352856165,0.0010334061380483,1147.91808958455,0.142745398961563,0,0.957380420098258,1.56858661285036,1585.18324115213,0.972890237778778,1.25365272222321,1798.5165502432,TRUE,0.106925945970129,0.00109201041521568,1.70015072274866,2023-03-24 13:27:00,2023-03-24 13:30:59,409.84409,TRUE,TRUE,TRUE,FALSE,FALSE,FALSE,FALSE,FALSE
"2023-03-24_CRC_TR_327_111",2023-03-24,"Mar","CRC","TR",327,111,2023-03-24 13:37:59.5,1575.66172693387,0.382468973687007,3.68608644120047e-52,0.621782277136026,6.39409040394615,747.340620574123,0.297095219538333,0.00212152960577607,1143.58304961697,0.14606491242996,1.2540945065056e-230,0.98800929132197,1.138492726494,744.572520450677,0.98834271092693,1.12729892961873,747.563821597381,TRUE,0.297298136206364,0.00221113771349491,1.10659997845614,2023-03-24 13:37:00,2023-03-24 13:38:59,409.61353,TRUE,FALSE,TRUE,FALSE,FALSE,FALSE,FALSE,FALSE
"2023-03-24_CRC_TR_4_113",2023-03-24,"Mar","CRC","TR",4,113,2023-03-24 13:21:29.5,2746.33065182505,0.406913789493123,4.02310990933573e-85,0.656684267127092,10.911985622581,1577.25242500898,0.355021351022037,0.00218225161272523,1172.59589647726,0.225841077769267,0,0.986654076147392,2.1514499798378,1503.59932225079,0.989243524496768,1.93690554603915,1577.26772936433,TRUE,0.355132178543982,0.00238255520980572,2.13415288892945,2023-03-24 13:20:00,2023-03-24 13:22:59,417.93689,TRUE,FALSE,TRUE,FALSE,FALSE,FALSE,FALSE,FALSE
"2023-03-24_CRC_TR_5_114",2023-03-24,"Mar","CRC","TR",5,114,2023-03-24 13:54:29.5,5436.74519307746,0.513664915429389,2.20349384968241e-152,0.685598083966046,22.3841229721282,2407.75789845613,0.4597327914608,0.00084549137649353,1161.51374312162,0.1460772426636,0,0.997981489229701,1.79354809302086,1870.17851714405,0.999181492161127,1.14402726436149,2408.51554680529,TRUE,0.459312773213027,0.000868834915026781,2.03018907358987,2023-03-24 13:52:00,2023-03-24 13:56:59,415.23956,TRUE,FALSE,TRUE,FALSE,FALSE,FALSE,FALSE,FALSE
"2023-03-24_CRC_TR_6_115",2023-03-24,"Mar","CRC","TR",6,115,2023-03-24 13:02:59.5,2825.66684711956,0.364323637710554,7.386918622258e-141,0.737326172150171,4.57360675650414,2269.45639562818,0.12312401251577,0.00168809646236867,1161.71929187476,0.233178412759878,3.50671937840568e-261,0.917554184951913,2.56232802823529,1678.23080949472,0.976142754021105,1.38124603844762,2269.67221314796,TRUE,0.123457851740679,0.00185579209783701,2.80666710861171,2023-03-24 13:01:00,2023-03-24 13:04:59,413.87531,TRUE,TRUE,TRUE,FALSE,FALSE,FALSE,FALSE,FALSE
"2023-03-24_CRC_TR_7_116",2023-03-24,"Mar","CRC","TR",7,116,2023-03-24 13:11:34.5,NA,NA,NA,NA,NA,1124.05657634241,0.295600321041259,0.00138842058981085,1147.76062660453,0.135671498459002,0,0.992598451626408,1.25635186414093,1125.68523589077,0.992649894350103,1.25569885957172,1124.2492435918,TRUE,0.295793909401443,0.00140509476556417,1.32563259502717,2023-03-24 13:10:10,2023-03-24 13:12:59,411.6647,TRUE,FALSE,TRUE,FALSE,FALSE,FALSE,FALSE,FALSE
"2023-03-24_CRC_TR_8_117",2023-03-24,"Mar","CRC","TR",8,117,2023-03-24 14:03:29.5,2427.35930611684,0.337788254507689,2.44191892871209e-97,0.706551882764505,7.00655420225061,1645.06580364341,0.244048697711677,0.00239777791987518,1163.07958781262,0.248145881308208,2.46037401548031e-266,0.96659641117203,2.36393421697542,1340.63892313962,0.985818730998945,1.54458881005154,1645.85660295719,TRUE,0.242539593488849,0.00245941740433744,1.89709783958704,2023-03-24 14:02:00,2023-03-24 14:04:59,415.41232,TRUE,FALSE,TRUE,FALSE,FALSE,FALSE,FALSE,FALSE
"2023-03-24_CRC_UP_1_102",2023-03-24,"Mar","CRC","UP",1,102,2023-03-24 10:36:44.5,3594.0425700344,0.240102347668536,3.45762846619441e-147,0.711130555797824,6.72060644607143,2136.04327354756,0.158571333991613,0.000961931516684233,1172.46464554723,0.149533690403661,0,0.980586355595424,1.74225290168307,1990.17318956946,0.985291303078911,1.51933486471499,2138.36395780703,TRUE,0.158770573257266,0.000908683013663194,1.52516666059607,2023-03-24 10:34:30,2023-03-24 10:38:59,416.97134,TRUE,FALSE,TRUE,FALSE,FALSE,FALSE,FALSE,FALSE
"2023-03-24_CRC_UP_2_103",2023-03-24,"Mar","CRC","UP",2,103,2023-03-24 10:46:29.5,NA,NA,NA,NA,NA,2574.37660015195,0.115581316190881,0.000971427740818228,1158.38020529682,0.167835521178427,0,0.959469846740948,2.06069798047837,2517.76932950226,0.963363899590993,1.96248933341271,2574.96024724246,TRUE,0.115719489570784,0.000958389626424851,1.93322207848671,2023-03-24 10:44:00,2023-03-24 10:48:59,414.2226,TRUE,FALSE,TRUE,FALSE,FALSE,FALSE,FALSE,FALSE
"2023-03-24_CRC_UP_3_104",2023-03-24,"Mar","CRC","UP",3,104,2023-03-24 10:54:59.5,NA,NA,NA,NA,NA,1750.90686774565,0.29058497322492,0.000983582050371779,1153.37616723344,0.135863149077976,0,0.99455333257061,1.49295962163229,1713.84989578705,0.994999846647061,1.43345732065875,1751.05838200146,TRUE,0.290203970484147,0.00101228438391352,1.5455821996166,2023-03-24 10:53:00,2023-03-24 10:56:59,413.06064,TRUE,FALSE,TRUE,FALSE,FALSE,FALSE,FALSE,FALSE
"2023-03-24_CRC_UP_4_105",2023-03-24,"Mar","CRC","UP",4,105,2023-03-24 11:02:29.5,3094.18058962876,0.664972302808027,1.16747150050017e-82,0.645650896803282,17.6897733742618,1319.05107696059,0.569594031723125,0.00152461849302219,1154.87604946227,0.157782668892655,0,0.997441637817099,1.50309909588136,1231.21821802704,0.998017663882331,1.32681924262717,1319.13501664574,TRUE,0.569201891477023,0.0015571410504171,1.59333452895709,2023-03-24 11:01:00,2023-03-24 11:03:59,411.94684,TRUE,FALSE,TRUE,FALSE,FALSE,FALSE,FALSE,FALSE
"2023-03-24_CRC_UP_5_107",2023-03-24,"Mar","CRC","UP",5,107,2023-03-24 11:20:59.5,NA,NA,NA,NA,NA,1651.97264373661,0.483283785035987,0.000887265781120036,1154.81779914066,0.122558888754154,0,0.998391460347782,1.34676307316461,1616.10970846281,0.998519649421268,1.29469680191829,1653.02966670344,TRUE,0.484112127550489,0.000827336537623914,1.12923050830589,2023-03-24 11:19:00,2023-03-24 11:22:59,413.99173,TRUE,FALSE,TRUE,FALSE,FALSE,FALSE,FALSE,FALSE
"2023-03-24_CRC_UP_6_106",2023-03-24,"Mar","CRC","UP",6,106,2023-03-24 11:14:14.5,NA,NA,NA,NA,NA,1311.13118896595,0.0692575051224915,0.000923264765516792,1156.42409220788,0.111540038812417,1.31754021105869e-244,0.930852573141776,1.14702967778884,1313.76466451165,0.931077187655865,1.14791469011397,1311.15317256186,TRUE,0.0692030739223497,0.000929930710402219,1.24351493248503,2023-03-24 11:12:30,2023-03-24 11:15:59,413.19577,TRUE,FALSE,TRUE,FALSE,FALSE,FALSE,FALSE,FALSE
"2023-03-24_CRC_UP_7_108",2023-03-24,"Mar","CRC","UP",7,108,2023-03-24 11:30:59.5,4078.96589040788,0.516342790410356,1.6748499427264e-117,0.671107764536507,16.8748096215458,1771.77282917859,0.423256767240423,0.00100519460418973,1164.17049970395,0.138848512241338,0,0.997311245878596,1.52576488699715,1574.6515881354,0.998231599706525,1.23997472449608,1772.17677991475,TRUE,0.422899294214597,0.00104731605820386,1.47714773397924,2023-03-24 11:29:00,2023-03-24 11:32:59,414.88846,TRUE,FALSE,TRUE,FALSE,FALSE,FALSE,FALSE,FALSE
"2023-03-24_CRC_UP_8_109",2023-03-24,"Mar","CRC","UP",8,109,2023-03-24 11:42:59.5,2590.56344162853,0.110373213386084,1.98904449311665e-114,0.661229991919165,3.58014297773633,1609.52955783798,0.0866323620133044,0.000848892900141999,1163.58762094066,0.117258405233842,0,0.956118147862569,1.2885176407228,1540.56264795168,0.962306545900391,1.19671665177702,1609.69479773743,TRUE,0.0869447576648546,0.000864584824201879,1.23573597471644,2023-03-24 11:41:00,2023-03-24 11:44:59,416.3176,TRUE,TRUE,TRUE,FALSE,FALSE,FALSE,FALSE,FALSE
"2023-03-28_OWC_TR_120_125",2023-03-28,"Mar","OWC","TR",120,125,2023-03-28 14:09:59.5,3744.90900913267,0.346733162802567,1.53865542429117e-111,0.651680665488184,11.9155710574917,1971.87429144716,0.289542793590418,0.00123815229291103,1091.82293272903,0.171027185265759,0,0.991334952903519,1.87936672700452,1684.09951376193,0.995281772316828,1.38971578053453,1972.04545520766,TRUE,0.289832512345389,0.0012860016117194,1.90010794630924,2023-03-28 14:08:00,2023-03-28 14:11:59,392.39151,TRUE,FALSE,TRUE,FALSE,FALSE,FALSE,FALSE,FALSE
"2023-03-28_OWC_TR_121_129",2023-03-28,"Mar","OWC","TR",121,129,2023-03-28 14:40:44.5,3639.06593003737,0.38039995788064,5.2742833830186e-168,0.758249183643477,7.00669900203632,2958.25915935755,0.176132659659445,0.00205957363082452,1075.71256206211,0.320163795793744,2.45417959475878e-315,0.931478043130093,3.73030519563678,2411.99930609542,0.975266601311587,2.24532973931423,2962.33446764284,TRUE,0.175662626302704,0.00215489964819493,3.72451936081385,2023-03-28 14:38:30,2023-03-28 14:42:59,383.90631,TRUE,FALSE,TRUE,FALSE,FALSE,FALSE,FALSE,FALSE
"2023-03-28_OWC_TR_122_126",2023-03-28,"Mar","OWC","TR",122,126,2023-03-28 14:22:59.5,2420.77789627055,0.297583892133511,2.00578002043898e-83,0.649115455963912,6.94280018898386,1158.73783647332,0.223752371355801,0.00122028804312204,1082.9723727897,0.126287530384028,0,0.989464079675313,1.20306415193462,1128.91844509677,0.990408784299386,1.15108101405505,1158.77190900857,TRUE,0.223616932991639,0.00121486260168778,1.14176024969288,2023-03-28 14:21:30,2023-03-28 14:24:29,388.879,TRUE,FALSE,TRUE,FALSE,FALSE,FALSE,FALSE,FALSE
"2023-03-28_OWC_TR_123_127",2023-03-28,"Mar","OWC","TR",123,127,2023-03-28 14:16:59.5,3408.5666458065,0.244874223484775,1.7156649171464e-113,0.658165264855138,8.39376701632747,1516.21897400224,0.206101112104182,0.000770264918196793,1094.66866625291,0.106397445308146,0,0.993367801110368,1.16916979157259,1500.86317011583,0.993629921357031,1.14823738800987,1516.58424384784,TRUE,0.205777343988696,0.000778494351704536,1.17920735800866,2023-03-28 14:15:00,2023-03-28 14:18:59,392.25491,TRUE,FALSE,TRUE,FALSE,FALSE,FALSE,FALSE,FALSE
"2023-03-28_OWC_TR_124_128",2023-03-28,"Mar","OWC","TR",124,128,2023-03-28 14:28:14.5,2068.65314103956,0.313663476153866,3.75303643056364e-65,0.623388373242393,7.55463434845014,1018.44777440109,0.28173520513277,0.00174983800201558,1096.38224877264,0.150782502613562,8.83543457966058e-292,0.988635096875498,1.31234933722093,991.286473080067,0.989756340499712,1.25013360811574,1018.50296843291,TRUE,0.28174532789569,0.00182679549121464,1.16477512622966,2023-03-28 14:27:00,2023-03-28 14:29:29,394.06665,TRUE,FALSE,TRUE,FALSE,FALSE,FALSE,FALSE,FALSE
"2023-03-28_OWC_TR_126_130",2023-03-28,"Mar","OWC","TR",126,130,2023-03-28 13:43:59.5,NA,NA,NA,NA,NA,1787.47193659526,0.177118397213289,0.00102176793412366,1075.00981615229,0.141137802488838,0,0.984341474206456,1.55092121470565,1782.91209958014,0.984618237505911,1.54037982972566,1787.52092660117,TRUE,0.177312867080211,0.000980105779301094,1.34369649185518,2023-03-28 13:42:00,2023-03-28 13:45:59,388.08499,TRUE,FALSE,TRUE,FALSE,FALSE,FALSE,FALSE,FALSE
"2023-03-28_OWC_TR_127_131",2023-03-28,"Mar","OWC","TR",127,131,2023-03-28 14:00:40.5,4181.61817371465,0.229918950153321,8.49632625954192e-131,0.656908947675179,10.3596202943854,1769.52840779918,0.219497804122523,0.000625615023708228,1074.48134053062,0.100142382688462,0,0.99551963317023,1.18384795531065,1771.74303282538,0.995533997029065,1.18408802518541,1769.65616113496,TRUE,0.219296786360308,0.000642294850191684,1.25304917579954,2023-03-28 13:58:22,2023-03-28 14:02:59,386.97406,TRUE,FALSE,TRUE,FALSE,FALSE,FALSE,FALSE,FALSE
"2023-03-28_OWC_TR_128_132",2023-03-28,"Mar","OWC","TR",128,132,2023-03-28 13:53:59.5,NA,NA,NA,NA,NA,1593.16397564169,0.309731843673411,0.000834544067399137,1085.79690349981,0.115276386955548,0,0.996541798864499,1.26673783303461,1491.5486690606,0.997224817080041,1.13715036735306,1593.2089755206,TRUE,0.309564818172477,0.000856430495448108,1.26644256485314,2023-03-28 13:52:00,2023-03-28 13:55:59,389.50107,TRUE,FALSE,TRUE,FALSE,FALSE,FALSE,FALSE,FALSE
"2023-03-28_OWC_UP_102_118",2023-03-28,"Mar","OWC","UP",102,118,2023-03-28 14:52:44.5,3462.98597334744,0.36437826431351,2.77099054064963e-90,0.621778379282223,14.8634859549952,1664.14460537439,0.396689532620435,0.0014055305325548,1082.12659257528,0.169802786815379,0,0.994779857585581,1.74617866303637,1512.79954937617,0.996393796694304,1.45483613879142,1667.92552954642,TRUE,0.399326110234875,0.00137966300421456,1.53170486917924,2023-03-28 14:51:00,2023-03-28 14:54:29,390.74872,TRUE,FALSE,TRUE,FALSE,FALSE,FALSE,FALSE,FALSE
"2023-03-28_OWC_UP_103_119",2023-03-28,"Mar","OWC","UP",103,119,2023-03-28 13:11:59.5,3865.39687179031,0.319203801845883,4.54367575607695e-111,0.650100734687751,13.5089742963772,1484.8397159011,0.328544026925627,0.000745494516039405,1085.00177597663,0.102975885470044,0,0.99754493994101,1.13157129105238,1477.23096750174,0.997603603064591,1.12031644186268,1485.24486065301,TRUE,0.328071055916087,0.000794482526790864,1.15016722743595,2023-03-28 13:10:00,2023-03-28 13:13:59,389.93372,TRUE,FALSE,TRUE,FALSE,FALSE,FALSE,FALSE,FALSE
"2023-03-28_OWC_UP_104_120",2023-03-28,"Mar","OWC","UP",104,120,2023-03-28 13:26:59.481328,NA,NA,NA,NA,NA,1730.57225659732,0.251929214958233,0.000955799035758235,1074.35089380599,0.131941371556375,0,0.993138372947892,1.45080103493911,1677.06984330474,0.993910018885909,1.36964792966699,1735.91730838962,TRUE,0.25365973555226,0.000938371204545274,1.38032000527369,2023-03-28 13:25:00,2023-03-28 13:28:59,386.6308,TRUE,FALSE,TRUE,FALSE,FALSE,FALSE,FALSE,FALSE
"2023-03-28_OWC_UP_105_122",2023-03-28,"Mar","OWC","UP",105,122,2023-03-28 13:32:59.5,3868.31966858406,0.415332684873749,7.31440707098141e-117,0.669075016275824,13.5501661233398,1745.22715648217,0.338604338275975,0.000977779999521813,1082.72572337227,0.135061706128413,0,0.99602993560804,1.48415280410407,1571.46732834543,0.997258653182357,1.23586861971528,1745.23990414261,TRUE,0.338713749032605,0.000976265421447173,1.44112317193849,2023-03-28 13:31:00,2023-03-28 13:34:59,388.56339,TRUE,FALSE,TRUE,FALSE,FALSE,FALSE,FALSE,FALSE
"2023-03-28_OWC_UP_106_121",2023-03-28,"Mar","OWC","UP",106,121,2023-03-28 13:37:29.5,NA,NA,NA,NA,NA,1535.01689104101,0.198153252310747,0.00205792198763013,1079.88864870189,0.212974212937369,5.17369010164451e-258,0.962822130745996,2.02887521905206,1220.03914521787,0.98467225817438,1.30637750180924,1545.92917946456,TRUE,0.203913214073976,0.00178495450839922,1.85477552590608,2023-03-28 13:36:00,2023-03-28 13:38:59,389.85892,TRUE,FALSE,TRUE,FALSE,FALSE,FALSE,FALSE,FALSE
"2023-03-28_OWC_UP_107_123",2023-03-28,"Mar","OWC","UP",107,123,2023-03-28 13:00:57.296748,4107.14869429939,0.320747210335106,2.05514110441926e-91,0.568240948030025,15.6572202498505,3599.98642121255,0.313208341157124,0.00603719872961965,1071.7878147829,0.824140685839609,3.51337300491527e-201,0.845984991670687,9.35137465387388,3597.51125623072,0.847998688376005,9.30905790749183,3608.06559252569,TRUE,0.300133307118471,0.000916727050945452,1.41991058179635,2023-03-28 12:59:00,2023-03-28 13:02:59,384.79846,FALSE,FALSE,FALSE,FALSE,TRUE,FALSE,TRUE,FALSE
"2023-03-28_OWC_UP_108_124",2023-03-28,"Mar","OWC","UP",108,124,2023-03-28 13:19:44.5,NA,NA,NA,NA,NA,1700.8297726804,0.125802431379942,0.000642886245134634,1082.02924783054,0.09993762661619,0,0.986144788557086,1.16439726384974,1697.47800530097,0.986332140492152,1.15865354118192,1700.8575930808,TRUE,0.125895418471635,0.000652085138263244,1.11526123694288,2023-03-28 13:17:30,2023-03-28 13:21:59,388.71353,TRUE,FALSE,TRUE,FALSE,FALSE,FALSE,FALSE,FALSE
"2023-04-14_CRC_TR_309_138",2023-04-14,"Apr","CRC","TR",309,138,2023-04-14 10:46:19.5,3460.94876804413,0.58073522916903,4.24331057415658e-94,0.65536391270536,18.2151505895236,1420.18705126854,0.535518052920394,0.00123056451049862,1119.76764617,0.141560388786442,0,0.997902838531026,1.42091574100336,1283.36965757389,0.998525172159453,1.19458483509528,1420.62942784687,TRUE,0.534999424820186,0.00123890799171493,1.38351936232796,2023-04-14 10:44:40,2023-04-14 10:47:59,426.43579,TRUE,FALSE,TRUE,FALSE,FALSE,FALSE,FALSE,FALSE
"2023-04-14_CRC_TR_311_140",2023-04-14,"Apr","CRC","TR",311,140,2023-04-14 10:32:29.5,3762.3612457916,1.63468933335944,1.37038910682609e-81,0.640749337098484,44.7465965129895,2065.09648301223,1.4304607613254,0.00429700550244453,1127.39157448273,0.444696820565361,0,0.996779952763591,4.23635494078162,1605.92474460769,0.999110585709173,2.23269697907095,2100.60518555313,TRUE,1.45290825374482,0.00287724613503286,2.8363652166552,2023-04-14 10:31:00,2023-04-14 10:33:59,429.2514,TRUE,FALSE,TRUE,FALSE,FALSE,FALSE,FALSE,FALSE
"2023-04-14_CRC_TR_312_141",2023-04-14,"Apr","CRC","TR",312,141,2023-04-14 10:21:59.5,8509.66097605331,1.70400852400616,7.76357126808747e-186,0.692104718957656,88.9231408378707,4795.11940405625,1.53856013573194,0.00241744809276944,1145.74551779675,0.501410243421419,0,0.998230540359924,6.74114405895346,3475.6663996867,0.999718452740473,2.6927413579869,4813.00999617647,TRUE,1.54371085236815,0.00239980370079732,5.15089896481142,2023-04-14 10:19:00,2023-04-14 10:24:59,434.71732,TRUE,FALSE,TRUE,FALSE,FALSE,FALSE,FALSE,FALSE
"2023-04-14_CRC_TR_313_142",2023-04-14,"Apr","CRC","TR",313,142,2023-04-14 11:03:29.5,6558.88971266057,1.48195752001891,5.54015790503868e-158,0.698858017931568,57.0240064321299,3750.75759387112,1.19622075282522,0.00258914861825808,1196.52268847141,0.447332405174809,0,0.997206314598032,5.49238312291636,2024.65292092288,0.999843726270246,1.30119541894617,3767.756106022,TRUE,1.18703096276737,0.00238660806429579,5.59737120900665,2023-04-14 11:01:00,2023-04-14 11:05:59,449.72656,TRUE,FALSE,TRUE,FALSE,FALSE,FALSE,FALSE,FALSE
"2023-04-14_CRC_TR_314_143",2023-04-14,"Apr","CRC","TR",314,143,2023-04-14 09:58:29.5,11610.3793412069,0.975398837106746,0,0.751728152730684,52.1636605426576,8240.95249135286,0.66727571656907,0.00213987897846444,1321.22843379321,0.66622157392068,0,0.989035260453974,10.9623454153436,3393.12402562652,0.999877267628565,1.16087946746747,8242.63274785966,TRUE,0.665381567200089,0.00222633592770925,13.6107831931959,2023-04-14 09:54:00,2023-04-14 10:02:59,494.17276,TRUE,FALSE,TRUE,FALSE,FALSE,FALSE,FALSE,FALSE
"2023-04-14_CRC_TR_315_144",2023-04-14,"Apr","CRC","TR",315,144,2023-04-14 10:11:59.5,7549.98770138188,0.923916285653008,1.78636295440432e-186,0.69336147929927,45.6650226642065,3620.29012345815,0.791903186262834,0.00106914451455739,1281.9038395554,0.221754507532263,0,0.998692971429288,2.98134930550445,2831.39815379133,0.999565466637077,1.72142298007395,3621.58923159475,TRUE,0.79105202595099,0.000942103489292372,2.73582984770528,2023-04-14 10:09:00,2023-04-14 10:14:59,485.36963,TRUE,FALSE,TRUE,FALSE,FALSE,FALSE,FALSE,FALSE
"2023-04-14_CRC_TR_316_145",2023-04-14,"Apr","CRC","TR",316,145,2023-04-14 11:15:44.5,5743.3578647359,2.96441894607457,2.91685431588359e-179,0.780445359788099,49.1700721985141,5187.36106757267,1.29009599955872,0.0162238476085183,1243.05150978056,2.5220213324653,1.38983920561424e-299,0.921587964199506,29.3846756054294,3281.954304326,0.997715747167337,5.02470263389346,5187.4668080774,TRUE,1.28556517618449,0.0166228657376446,38.4595299788198,2023-04-14 11:13:30,2023-04-14 11:17:59,450.2522,TRUE,FALSE,TRUE,FALSE,FALSE,FALSE,FALSE,FALSE
"2023-04-14_CRC_TR_327_139",2023-04-14,"Apr","CRC","TR",327,139,2023-04-14 10:54:49.5,2734.12056778566,1.94994401277561,9.67950012589443e-70,0.674623919708355,31.6991409954407,1809.80963287757,1.36192418672576,0.00899736028105936,1158.60562876046,0.723350836190646,4.22487111327713e-269,0.988012418947103,6.08443786466357,1115.89922969158,0.999008628511463,1.75606566391364,1809.97527552223,TRUE,1.35896644064154,0.0097202154313583,7.51649414532953,2023-04-14 10:53:40,2023-04-14 10:55:59,437.24838,TRUE,FALSE,TRUE,FALSE,FALSE,FALSE,FALSE,FALSE
"2023-04-14_CRC_UP_301_133",2023-04-14,"Apr","CRC","UP",301,133,2023-04-14 13:59:29.5,2838.66407883573,0.697878883664165,2.81643960147204e-95,0.69867357937527,12.4050376768447,1826.79323207646,0.42975611590217,0.00308620335549727,1125.74736492284,0.319390984960811,7.44797559052447e-314,0.981872288692237,3.04264279528612,1279.76620668774,0.996077178548771,1.41936883875048,1826.84660836519,TRUE,0.429275773337776,0.00315364503410984,3.72008699537651,2023-04-14 13:58:00,2023-04-14 14:00:59,426.81329,TRUE,FALSE,TRUE,FALSE,FALSE,FALSE,FALSE,FALSE
"2023-04-14_CRC_UP_302_134",2023-04-14,"Apr","CRC","UP",302,134,2023-04-14 14:07:59.5,2305.31264120588,0.340082456896959,3.91046664643816e-146,0.750335778538284,2.6598413737584,2281.26225171942,0.06695523168933,0.00170898445350666,1122.98747511913,0.236063691372727,2.44359813384506e-151,0.762536976025391,2.59403349432654,1873.90584541639,0.899211989037972,1.69352842958249,2286.24443258904,TRUE,0.0678578043487852,0.00159306575700551,2.24789405610939,2023-04-14 14:06:00,2023-04-14 14:09:59,426.34296,TRUE,TRUE,TRUE,FALSE,FALSE,FALSE,FALSE,FALSE
"2023-04-14_CRC_UP_306_135",2023-04-14,"Apr","CRC","UP",306,135,2023-04-14 14:23:29.5,NA,NA,NA,NA,NA,2227.94848688016,0.0954774246018885,0.000727836760284821,1107.38610245832,0.125749818398565,0,0.966416040709144,1.54396634872043,1951.51596833462,0.978955041715633,1.22425920992369,2229.45527828093,TRUE,0.0949019413032074,0.000754495963256021,1.4776012224296,2023-04-14 14:21:00,2023-04-14 14:25:59,421.52136,TRUE,FALSE,TRUE,FALSE,FALSE,FALSE,FALSE,FALSE
"2023-04-14_CRC_UP_307_136",2023-04-14,"Apr","CRC","UP",307,136,2023-04-14 14:33:59.5,5456.00199730328,2.43188135390229,2.44624934638095e-123,0.689070978877455,70.8265950424,3453.19012646467,1.82515203849021,0.00579304181402992,1124.11146000934,0.800198522631636,0,0.99520755879701,8.79314289184623,2187.3737096354,0.99965986440807,2.34748186266028,3453.4217980283,TRUE,1.82268824302083,0.00600037486735286,10.7597735134887,2023-04-14 14:32:00,2023-04-14 14:35:59,421.97711,TRUE,FALSE,TRUE,FALSE,FALSE,FALSE,FALSE,FALSE
"2023-04-14_CRC_UP_308_137",2023-04-14,"Apr","CRC","UP",308,137,2023-04-14 13:50:59.5,3721.158978314,0.349563075294774,2.3963557928504e-119,0.676894674753522,11.6244009803956,1812.30759492849,0.293667413599259,0.00104854645140192,1184.80311648726,0.144836745229494,0,0.993943060502842,1.59156779320767,1743.1465810169,0.994799338338681,1.47787702221033,1813.065597005,TRUE,0.292939826440662,0.00107254990362812,1.63851625571708,2023-04-14 13:49:00,2023-04-14 13:52:59,450.90097,TRUE,FALSE,TRUE,FALSE,FALSE,FALSE,FALSE,FALSE
"2023-04-21_OWC_TR_120_154",2023-04-21,"Apr","OWC","TR",120,154,2023-04-21 10:58:59.5,7068.0854396011,0.922833111046248,3.30196960652647e-176,0.672503510584303,32.6772229064865,3989.0977762408,0.821165487574768,0.00207185670839478,1051.18794500964,0.286187590282321,0,0.995450098515322,3.85161449853475,3096.33941586863,0.998690549140286,2.06915073540243,4000.45138513944,TRUE,0.827066712354996,0.00207115071809519,4.16355257448499,2023-04-21 10:57:00,2023-04-21 11:00:59,396.08231,TRUE,FALSE,TRUE,FALSE,FALSE,FALSE,FALSE,FALSE
"2023-04-21_OWC_TR_121_156",2023-04-21,"Apr","OWC","TR",121,156,2023-04-21 10:49:29.5,8734.79837953052,0.687901643831228,2.07406729818535e-228,0.686500764184443,30.9231856556533,4720.20817065594,0.635867537093336,0.0012794274289284,1117.5567269648,0.221049245683785,0,0.996377584259714,3.32403150025625,3441.45257928027,0.999129025740671,1.63174694452067,4734.93040237699,TRUE,0.639047857173278,0.00124572019048257,2.87584182885819,2023-04-21 10:47:00,2023-04-21 10:51:59,422.54822,TRUE,FALSE,TRUE,FALSE,FALSE,FALSE,FALSE,FALSE
"2023-04-21_OWC_TR_122_155",2023-04-21,"Apr","OWC","TR",122,155,2023-04-21 11:26:59.5,6601.47724867446,0.639924782929624,2.51950966581458e-173,0.666396559063422,23.6330184734465,2661.7402234318,0.589356862708576,0.000824209187873089,1050.07977308097,0.113848819954687,0,0.998597724876952,1.53221795936703,2106.47272626377,0.999355102833866,1.04053065373935,2662.07205127484,TRUE,0.589544736910329,0.000846791788710573,1.59720216060963,2023-04-21 11:25:00,2023-04-21 11:28:59,396.48633,TRUE,FALSE,TRUE,FALSE,FALSE,FALSE,FALSE,FALSE
"2023-04-21_OWC_TR_123_157",2023-04-21,"Apr","OWC","TR",123,157,2023-04-21 11:34:24.5,2702.65755147237,0.719549180625847,2.85193804997456e-67,0.600204085408362,14.4391860593021,1010.40872945446,0.71615017790812,0.00192736856154441,1136.58104383853,0.121569449995961,0,0.99762991108814,1.11174671777329,1011.28699505319,0.997652225944648,1.10988966668242,1010.44369252691,TRUE,0.716284317319088,0.00192581545793843,1.22870998691185,2023-04-21 11:33:30,2023-04-21 11:35:19,423.64041,TRUE,FALSE,TRUE,FALSE,FALSE,FALSE,FALSE,FALSE
"2023-04-21_OWC_TR_124_158",2023-04-21,"Apr","OWC","TR",124,158,2023-04-21 11:18:29.5,5205.9683721418,1.02491548204375,6.19137522081888e-122,0.641494167493301,29.895330159861,1919.97196380264,0.958731586192497,0.00118127650163121,1017.61213013239,0.122250228487054,0,0.999183912422866,1.42634184929226,1626.73750394517,0.999529362815056,1.08519329842892,1920.26171234418,TRUE,0.959361446815179,0.00122714224215866,1.51016501804547,2023-04-21 11:17:00,2023-04-21 11:19:59,384.90421,TRUE,FALSE,TRUE,FALSE,FALSE,FALSE,FALSE,FALSE
"2023-04-21_OWC_TR_126_159",2023-04-21,"Apr","OWC","TR",126,159,2023-04-21 11:11:54.5,3097.08966833661,0.583018456326147,1.37470354979221e-83,0.620225889778892,12.7632205308647,1128.78553099204,0.54980722909166,0.00138089407049197,1018.76150080257,0.103045605798029,0,0.997558425925813,1.02336968594266,1115.00018182445,0.997667269466379,1.00288721138924,1129.75989412268,TRUE,0.548926575489093,0.00140583643158942,0.974502589730711,2023-04-21 11:10:50,2023-04-21 11:12:59,385.10846,TRUE,FALSE,TRUE,FALSE,FALSE,FALSE,FALSE,FALSE
"2023-04-21_OWC_TR_127_160",2023-04-21,"Apr","OWC","TR",127,160,2023-04-21 11:39:29.5,4999.94683361554,0.784909975352536,1.19491783366625e-118,0.631279497297675,24.7034176987883,1634.88648983317,0.781213937165352,0.000907218098251659,1035.19708394069,0.0938879421081389,0,0.999274978752343,1.09542781743715,1616.03130363961,0.999305024535085,1.07448876167758,1635.20576207214,TRUE,0.781017760593198,0.000918751614179902,1.22250169750811,2023-04-21 11:38:00,2023-04-21 11:40:59,385.8924,TRUE,FALSE,TRUE,FALSE,FALSE,FALSE,FALSE,FALSE
"2023-04-21_OWC_TR_128_161",2023-04-21,"Apr","OWC","TR",128,161,2023-04-21 11:04:44.5,4112.4088655135,1.00712425012025,6.63537526382657e-101,0.638007272254086,23.2420969752754,1942.73810243891,0.888859411550356,0.00227093492518319,1081.11310722415,0.195685115363391,0,0.997084231160331,2.08594057138149,1595.59968073428,0.998663805118148,1.41524577020751,1943.31814826098,TRUE,0.890179973781256,0.00227730929447762,2.04407292854067,2023-04-21 11:03:30,2023-04-21 11:05:59,408.63495,TRUE,FALSE,TRUE,FALSE,FALSE,FALSE,FALSE,FALSE
"2023-04-21_OWC_UP_101_146",2023-04-21,"Apr","OWC","UP",101,146,2023-04-21 13:03:29.5,5996.9255806762,2.06735221094344,1.06893181916084e-120,0.637681458300763,62.1822800147582,2442.31566176738,1.98395358081409,0.00191601442266459,1120.24212648234,0.198288208249116,0,0.99949846765974,2.31350708417566,2025.97435650036,0.999769728679549,1.57054372133095,2446.68880519524,TRUE,1.98766784989843,0.0018608658695317,2.16530470168443,2023-04-21 13:02:00,2023-04-21 13:04:59,413.39618,TRUE,FALSE,TRUE,FALSE,FALSE,FALSE,FALSE,FALSE
"2023-04-21_OWC_UP_102_147",2023-04-21,"Apr","OWC","UP",102,147,2023-04-21 12:54:29.5,5712.94128020828,1.69513152179527,3.9477523728938e-125,0.651157590562976,47.8045893108222,2606.8152381098,1.55393662749821,0.0022312492480701,1109.11387105574,0.230911839871081,0,0.998892023910535,2.69413991925646,1937.74506433804,0.999681423052435,1.44734101420327,2606.86414031079,TRUE,1.55370373907831,0.00248234401903236,2.83774658856575,2023-04-21 12:53:00,2023-04-21 12:55:59,407.33444,TRUE,FALSE,TRUE,FALSE,FALSE,FALSE,FALSE,FALSE
"2023-04-21_OWC_UP_103_148",2023-04-21,"Apr","OWC","UP",103,148,2023-04-21 12:06:59.5,NA,NA,NA,NA,NA,3058.84438160457,1.8810217332007,0.00108592902405625,1017.54712357168,0.150000436494025,0,0.999760758902723,2.01875928797957,2922.67229870089,0.999803081808641,1.83406733068783,3067.11260999299,TRUE,1.88375772681309,0.00078586516281692,1.27011126573033,2023-04-21 12:05:00,2023-04-21 12:08:59,381.5784,TRUE,FALSE,TRUE,FALSE,FALSE,FALSE,FALSE,FALSE
"2023-04-21_OWC_UP_104_149",2023-04-21,"Apr","OWC","UP",104,149,2023-04-21 12:25:59.5,NA,NA,NA,NA,NA,3308.73945268959,1.27100965033448,0.00129171928205794,1053.43286980229,0.178426445784363,0,0.999258960966172,2.40132664322423,3149.88824602141,0.999408967463224,2.14754415964634,3309.4033413527,TRUE,1.27026087433049,0.00130900630355946,2.67651317964421,2023-04-21 12:24:00,2023-04-21 12:27:59,393.28473,TRUE,FALSE,TRUE,FALSE,FALSE,FALSE,FALSE,FALSE
"2023-04-21_OWC_UP_105_150",2023-04-21,"Apr","OWC","UP",105,150,2023-04-21 12:33:44.5,4421.78254654958,1.34321908614121,2.90043371402626e-97,0.624221883131751,32.7765622262077,1704.04635977539,1.23152969656007,0.00174190363902575,1098.19678916777,0.150098803261466,0,0.999104537463725,1.60000510441213,1666.64108590293,0.999183253581532,1.53148537814508,1704.42466704433,TRUE,1.23186880412533,0.00183066326896726,1.54385982241081,2023-04-21 12:32:30,2023-04-21 12:34:59,404.73013,TRUE,FALSE,TRUE,FALSE,FALSE,FALSE,FALSE,FALSE
"2023-04-21_OWC_UP_106_151",2023-04-21,"Apr","OWC","UP",106,151,2023-04-21 12:40:44.5,NA,NA,NA,NA,NA,1443.62696549424,0.612994093499392,0.00130424415065666,1074.20839201731,0.112385944772366,0,0.997976033400661,1.19799812785136,1426.56299612542,0.998068589764295,1.17290627761916,1443.99440218406,TRUE,0.61237673714171,0.00132026743112847,1.29170076272069,2023-04-21 12:39:30,2023-04-21 12:41:59,396.96912,TRUE,FALSE,TRUE,FALSE,FALSE,FALSE,FALSE,FALSE
"2023-04-21_OWC_UP_107_152",2023-04-21,"Apr","OWC","UP",107,152,2023-04-21 11:59:29.5,9088.94712971661,0.926190426632675,4.77681828434403e-232,0.692291998371667,37.6470859572929,4593.60054591638,0.781983597425746,0.00119252759909071,1054.91368524061,0.206035387608412,0,0.997915932008006,3.09826037387879,3800.56676924935,0.999140385577421,1.99203966145021,4662.37190828338,TRUE,0.773554189434997,0.000902798410150943,2.06840743393016,2023-04-21 11:57:00,2023-04-21 12:01:59,389.62091,TRUE,FALSE,TRUE,FALSE,FALSE,FALSE,FALSE,FALSE
"2023-04-21_OWC_UP_108_153",2023-04-21,"Apr","OWC","UP",108,153,2023-04-21 12:17:29.5,4563.4110621624,0.532507334506569,6.29959305877548e-120,0.635286918027993,16.489796802895,1600.67636620298,0.524119624955701,0.000878931391684784,1068.99154014768,0.0909605526813861,0,0.998489311912053,1.06127280521159,1597.35219065209,0.998509663480667,1.05606475342903,1600.74817149821,TRUE,0.524354670464583,0.000879591030333119,1.18206228861011,2023-04-21 12:16:00,2023-04-21 12:18:59,398.15463,TRUE,FALSE,TRUE,FALSE,FALSE,FALSE,FALSE,FALSE
"2023-05-10_OWC_TR_120_162",2023-05-10,"May","OWC","TR",120,162,2023-05-10 11:35:29.5,3410.5787354341,1.07617089443735,8.13411850039979e-85,0.655333303640739,27.451712888321,1557.55558590927,0.896497756237274,0.00212336155636803,1147.40324346489,0.21974654965892,0,0.99799570710829,2.09339113372513,1268.90624593055,0.999110969296712,1.39812075104572,1557.76830342657,TRUE,0.896511435475861,0.00221446226713401,2.46351338698378,2023-05-10 11:34:00,2023-05-10 11:36:59,426.70273,TRUE,FALSE,TRUE,FALSE,FALSE,FALSE,FALSE,FALSE
"2023-05-10_OWC_TR_121_163",2023-05-10,"May","OWC","TR",121,163,2023-05-10 11:25:14.5,8172.63798404969,0.947441427870426,6.04959451938297e-217,0.719486286998188,45.4844046972948,5515.04087098968,0.758276585118333,0.00263319993662255,1137.28029833306,0.591768358902153,0,0.990705276946654,8.27949205342388,3536.58773907732,0.999268135399317,2.32626815330331,5516.42602300045,TRUE,0.759891220333279,0.00279337587676322,9.51917912643045,2023-05-10 11:22:00,2023-05-10 11:28:29,421.5101,TRUE,FALSE,TRUE,FALSE,FALSE,FALSE,FALSE,FALSE
"2023-05-10_OWC_TR_122_164",2023-05-10,"May","OWC","TR",122,164,2023-05-10 12:13:29.5,3110.48885108747,0.655042005864498,3.9432172192506e-84,0.652284903502871,18.0950253919924,1339.93859052382,0.588179229826597,0.00156949615230733,1173.91979833696,0.162427054939441,0,0.997457397181594,1.54734332445755,1207.71014936135,0.998258449250869,1.28419804708517,1340.00283208931,TRUE,0.587803069266127,0.00155023915011797,1.49143395616867,2023-05-10 12:12:00,2023-05-10 12:14:59,437.43671,TRUE,FALSE,TRUE,FALSE,FALSE,FALSE,FALSE,FALSE
"2023-05-10_OWC_TR_123_165",2023-05-10,"May","OWC","TR",123,165,2023-05-10 12:19:14.5,3952.29891067253,0.845376486669212,3.37875041514018e-99,0.657111269237393,26.6136169396803,1560.1688329039,0.747509395943462,0.00124188967770424,1115.5633251591,0.150033260258052,0,0.998847586786519,1.54287737393404,1282.10491577092,0.999411231707966,1.10545476939396,1560.41238745674,TRUE,0.74726206000593,0.00129236188359273,1.46277768702242,2023-05-10 12:17:30,2023-05-10 12:20:59,415.90771,TRUE,FALSE,TRUE,FALSE,FALSE,FALSE,FALSE,FALSE
"2023-05-10_OWC_TR_124_166",2023-05-10,"May","OWC","TR",124,166,2023-05-10 12:05:29.5,NA,NA,NA,NA,NA,1171.76822727175,1.00997358557861,0.00124257358030331,1103.46065705143,0.12859385918055,0,0.999458408359639,1.22503513742489,1146.46569956286,0.99950074530513,1.17947886349629,1173.88962371082,TRUE,1.01131044958055,0.00122593206908833,1.22802066551148,2023-05-10 12:04:00,2023-05-10 12:06:59,413.71622,TRUE,FALSE,TRUE,FALSE,FALSE,FALSE,FALSE,FALSE
"2023-05-10_OWC_TR_126_167",2023-05-10,"May","OWC","TR",126,167,2023-05-10 12:00:29.5,NA,NA,NA,NA,NA,1144.0922034639,0.611130732999076,0.00119571672424911,1116.3491101125,0.123744646188587,0,0.998631399789097,1.17883964767237,1139.48202187909,0.998663744495692,1.16809375103507,1144.16823581607,TRUE,0.610815221552936,0.00124708661707366,1.19000658251878,2023-05-10 11:59:00,2023-05-10 12:01:59,417.82611,TRUE,FALSE,TRUE,FALSE,FALSE,FALSE,FALSE,FALSE
"2023-05-10_OWC_TR_127_168",2023-05-10,"May","OWC","TR",127,168,2023-05-10 11:43:59.5,NA,NA,NA,NA,NA,3340.53922264238,0.704647049952046,0.000880370313423699,1103.11523684641,0.182600277737119,0,0.998880496436074,2.45494541362265,3054.24316310473,0.999251963593971,2.00953779215577,3344.4868839626,TRUE,0.706297118019339,0.000836928946172346,2.11150043185395,2023-05-10 11:41:00,2023-05-10 11:46:59,414.1582,TRUE,FALSE,TRUE,FALSE,FALSE,FALSE,FALSE,FALSE
"2023-05-10_OWC_TR_128_169",2023-05-10,"May","OWC","TR",128,169,2023-05-10 11:52:29.5,NA,NA,NA,NA,NA,1305.36104880021,1.20649948801731,0.00149590336555914,1157.53085757526,0.154810942215162,0,0.999449956705269,1.47478927127581,1283.85951544169,0.999487572416696,1.42746114618955,1305.46744793602,TRUE,1.20680016896199,0.00152088382876469,1.38461252529952,2023-05-10 11:51:00,2023-05-10 11:53:59,432.59915,TRUE,FALSE,TRUE,FALSE,FALSE,FALSE,FALSE,FALSE
"2023-05-10_OWC_UP_101_170",2023-05-10,"May","OWC","UP",101,170,2023-05-10 12:37:59.5,10905.1027939467,1.7423339828602,6.55763695621587e-221,0.650497866642225,70.7194229430906,3097.76824353594,1.72473264682554,0.000564684505665231,1327.04987610342,0.0780004221775085,0,0.999897319236881,1.21215550056782,3007.70461931214,0.999906903010637,1.15540813099506,3098.11413551652,TRUE,1.72463347741378,0.000550399544012505,1.142848774484,2023-05-10 12:36:00,2023-05-10 12:39:59,496.33426,TRUE,FALSE,TRUE,FALSE,FALSE,FALSE,FALSE,FALSE
"2023-05-10_OWC_UP_102_171",2023-05-10,"May","OWC","UP",102,171,2023-05-10 12:32:14.5,6150.0224838892,1.67500640524985,1.16374778920036e-133,0.63688030525582,40.5586734955146,2887.23487619933,1.55059967646442,0.00252159259945269,1102.41114248696,0.217284138462738,0,0.99842106089126,2.67449340452626,2449.38557118758,0.99924396101525,1.85378087580495,2890.99888905638,TRUE,1.54644429989877,0.00258035515404571,2.87138487669532,2023-05-10 12:31:00,2023-05-10 12:33:29,412.30948,TRUE,FALSE,TRUE,FALSE,FALSE,FALSE,FALSE,FALSE
"2023-05-10_OWC_UP_103_172",2023-05-10,"May","OWC","UP",103,172,2023-05-10 11:29:27.5,6832.43651187616,1.56705760786164,1.4129577573751e-144,0.633228624579695,44.0649549941848,2543.39983919749,1.53416521436529,0.00138245698148728,1065.42489659044,0.130299779085985,0,0.999469230246441,1.67628823536525,2511.58692801786,0.999497429732649,1.63365025937223,2543.98738487076,TRUE,1.53371878919147,0.00131744203815294,1.31517533852866,2023-05-10 11:28:06,2023-05-10 11:30:49,387.53445,TRUE,FALSE,TRUE,FALSE,FALSE,FALSE,FALSE,FALSE
"2023-05-10_OWC_UP_104_173",2023-05-10,"May","OWC","UP",104,173,2023-05-10 11:47:29.5,7509.56875452582,1.43852273933989,6.70761456472413e-160,0.636420786235372,44.4010857675661,2204.91996958003,1.41502791074241,0.000800212168578575,1054.20995626952,0.0828139053911297,0,0.999770435344091,1.11569780688413,2118.2479415233,0.999797598905984,1.04907419882221,2206.00681293738,TRUE,1.41572922126318,0.000827875185131966,1.00657613625719,2023-05-10 11:46:00,2023-05-10 11:48:59,393.74829,TRUE,FALSE,TRUE,FALSE,FALSE,FALSE,FALSE,FALSE
"2023-05-10_OWC_UP_105_175",2023-05-10,"May","OWC","UP",105,175,2023-05-10 11:41:59.5,7391.45518369313,1.4270839256606,5.23113500156672e-165,0.648130444932402,40.9045216319003,3452.05189724452,1.32427965344782,0.00190253168097735,1052.9764067843,0.196892880186956,0,0.998520259001689,2.65260952950078,2828.13959379125,0.999381360984541,1.71753199523272,3453.1282767153,TRUE,1.32622155389319,0.00202450871391387,2.9056718068288,2023-05-10 11:40:30,2023-05-10 11:43:29,392.32416,TRUE,FALSE,TRUE,FALSE,FALSE,FALSE,FALSE,FALSE
"2023-05-10_OWC_UP_106_174",2023-05-10,"May","OWC","UP",106,174,2023-05-10 11:51:24.5,5872.32629846969,0.660725274690791,4.39033483378312e-156,0.648514441131724,18.1017648921758,2391.14779398242,0.620611623234813,0.00109384655496943,1027.18177199008,0.106886776446565,0,0.997898211870935,1.39978599545046,2100.19268486911,0.998637895460692,1.12853204592402,2391.19051041921,TRUE,0.620837296072199,0.00108847425970951,1.384576068003,2023-05-10 11:50:00,2023-05-10 11:52:49,383.05209,TRUE,FALSE,TRUE,FALSE,FALSE,FALSE,FALSE,FALSE
"2023-05-10_OWC_UP_107_176",2023-05-10,"May","OWC","UP",107,176,2023-05-10 11:24:29.5,6818.62165974065,1.02865103439233,3.54908497148487e-170,0.659595436075575,27.4794802105731,3312.11919878927,0.903990278640791,0.00172635107856152,1158.60725778641,0.178659961077348,0,0.997388323121367,2.40696928626376,2947.40098368364,0.998435003065546,1.86583520424667,3322.5932568068,TRUE,0.899885569631387,0.00166428536966869,2.06964473121966,2023-05-10 11:23:00,2023-05-10 11:25:59,429.6835,TRUE,FALSE,TRUE,FALSE,FALSE,FALSE,FALSE,FALSE
"2023-05-10_OWC_UP_108_177",2023-05-10,"May","OWC","UP",108,177,2023-05-10 11:35:29.5,6056.46491832897,0.520750752280497,3.63259160786459e-157,0.629995032708897,16.1862810892016,2730.21949455489,0.51047073504667,0.00115247633382409,1039.76706857053,0.119269700989873,0,0.996353633764222,1.60684299567377,2715.8598526129,0.996445438823766,1.58870041253541,2730.49955988079,TRUE,0.510319152381748,0.00121207682429099,1.6993537299609,2023-05-10 11:34:00,2023-05-10 11:36:59,388.39038,TRUE,FALSE,TRUE,FALSE,FALSE,FALSE,FALSE,FALSE
"2023-05-30_CRC_TR_309_189",2023-05-30,"May","CRC","TR",309,189,2023-05-30 12:32:29.5,1760.47859904699,1.1226643840651,2.43157770076318e-42,0.649137118821226,31.8233335806632,692.102776016481,1.0277180448053,0.00234732861378406,1144.63026563724,0.24292488589508,7.52330522328729e-272,0.999072280397034,1.63638437983718,561.042154515561,0.999561923852048,1.13085111254184,692.437339214988,TRUE,1.02708665031451,0.00241863650772536,1.63888229824722,2023-05-30 12:31:00,2023-05-30 12:33:59,441.33612,TRUE,FALSE,TRUE,FALSE,FALSE,FALSE,FALSE,FALSE
"2023-05-30_CRC_TR_311_188",2023-05-30,"May","CRC","TR",311,188,2023-05-30 12:23:59.5,NA,NA,NA,NA,NA,1480.87408311583,2.0902915122542,0.00488983632203105,1196.16642709068,0.675437866048786,0,0.998699271606931,5.24827752059851,1476.1057675767,0.998745935643536,5.17506573630459,1489.56578621117,TRUE,2.08241767124841,0.00341130133953046,3.03080691828999,2023-05-30 12:22:00,2023-05-30 12:25:59,467.74481,TRUE,FALSE,TRUE,FALSE,FALSE,FALSE,FALSE,FALSE
"2023-05-30_CRC_TR_313_191",2023-05-30,"May","CRC","TR",313,191,2023-05-30 12:48:29.5,2061.2603552924,2.84534300183166,1.31739264741322e-43,0.660412203210912,73.3839069026153,1177.39561943406,2.40701736543649,0.00903687652562376,1259.07024034549,0.935225765128866,1.7184868693427e-233,0.997497293175207,6.29984378932316,917.76332203949,0.999421461971633,3.04610181026548,1177.54711654624,TRUE,2.40569048063523,0.0100875894289179,6.51078885351502,2023-05-30 12:47:00,2023-05-30 12:49:59,481.75229,TRUE,FALSE,TRUE,FALSE,FALSE,FALSE,FALSE,FALSE
"2023-05-30_CRC_TR_314_185",2023-05-30,"May","CRC","TR",314,185,2023-05-30 11:54:29.5,1871.86226965574,2.06371605153557,6.41828000360181e-48,0.696173334189289,43.3626671125569,1342.34760314335,1.49345336381473,0.0142893363939327,1121.39688254236,1.478802496007,1.06716323676597e-161,0.983966036146581,9.96147140880106,950.843838357076,0.998218481526672,3.33927260811374,1342.45063419958,TRUE,1.48951731205549,0.0156247853260933,11.1521191697747,2023-05-30 11:53:00,2023-05-30 11:55:59,426.08755,TRUE,FALSE,TRUE,FALSE,FALSE,FALSE,FALSE,FALSE
"2023-05-30_CRC_TR_314_186",2023-05-30,"May","CRC","TR",314,186,2023-05-30 12:00:59.5,NA,NA,NA,NA,NA,503.920147495046,1.7007264465175,0.00511991593675379,1105.60784449443,0.352500418054329,3.606665028059e-177,0.998931745937457,1.94280403266137,489.615532567651,0.999082876244773,1.81558965727924,503.974608817682,TRUE,1.70169328765358,0.00513684504791891,2.04276214014297,2023-05-30 12:00:00,2023-05-30 12:01:59,425.35349,TRUE,FALSE,TRUE,FALSE,FALSE,FALSE,FALSE,FALSE
"2023-05-30_CRC_TR_315_187",2023-05-30,"May","CRC","TR",315,187,2023-05-30 12:10:44.5,1571.69666463593,1.78640375050207,7.23704382202271e-34,0.631168935790438,45.0044718411665,537.754759645064,1.69963187016532,0.00270355271349976,1117.55274668455,0.232963533549748,1.72713648386031e-255,0.999625666180678,1.43374348072992,442.196072755385,0.99980724433834,1.03585728529417,537.756121730599,TRUE,1.69967488942578,0.00286906209360065,1.41290334208919,2023-05-30 12:09:30,2023-05-30 12:11:59,430.00717,TRUE,FALSE,TRUE,FALSE,FALSE,FALSE,FALSE,FALSE
"2023-05-30_CRC_TR_316_192",2023-05-30,"May","CRC","TR",316,192,2023-05-30 12:56:59.5,1380.53861607858,7.02344777589168,7.79989274692034e-32,0.690509379760167,74.9416086979466,1102.14204073193,3.79723004525857,0.0619129423180916,1270.72189806778,4.26263601193777,2.36797578465063e-91,0.969584379025848,23.4934939353289,766.040030383379,0.998212580598141,5.74413328619159,1102.14453798748,TRUE,3.79458418921609,0.0627116336223219,30.7947788712451,2023-05-30 12:56:00,2023-05-30 12:57:59,473.96729,TRUE,FALSE,TRUE,FALSE,FALSE,FALSE,FALSE,FALSE
"2023-05-30_CRC_TR_316_193",2023-05-30,"May","CRC","TR",316,193,2023-05-30 13:07:44.5,1889.29953957426,5.99170018895793,2.92381451323655e-36,0.657548479627322,129.727761047221,1229.7211792818,5.0746972606364,0.027143061716901,1249.7315274863,2.33890152662959,1.15177578895637e-177,0.99578377139608,14.3944623640349,866.948369514051,0.999634398388799,4.26768005965074,1229.76464269758,TRUE,5.07410493422771,0.0290807626431737,17.2343623093072,2023-05-30 13:06:30,2023-05-30 13:08:59,473.77856,TRUE,FALSE,TRUE,FALSE,FALSE,FALSE,FALSE,FALSE
"2023-05-30_CRC_TR_327_190",2023-05-30,"May","CRC","TR",327,190,2023-05-30 12:41:29.5,1944.4845098661,1.79102673521283,2.44950592657874e-41,0.639939896299286,53.0549044926677,691.435274883478,1.6918524653749,0.00234298030042654,1168.11790386244,0.242474879227923,1.6621697426741e-310,0.999658741036634,1.63335305647875,665.443287724351,0.999711117664518,1.51130526894766,691.547222099748,TRUE,1.69137569904593,0.00237995414417289,1.6892681215277,2023-05-30 12:40:00,2023-05-30 12:42:59,450.14651,TRUE,FALSE,TRUE,FALSE,FALSE,FALSE,FALSE,FALSE
"2023-05-30_CRC_UP_301_184",2023-05-30,"May","CRC","UP",301,184,2023-05-30 11:06:44.5,1404.51641353525,1.07756064200559,1.25805955455711e-34,0.639755013262653,25.7773024678332,606.673256136199,0.98434934718451,0.00340176715997062,1112.31165752131,0.293128258214862,1.16212849626485e-205,0.998235566040605,1.80401937946879,547.965092732964,0.998838426544254,1.47372436566275,608.327058638599,TRUE,0.980033037500125,0.00277981592615592,1.16210931890393,2023-05-30 11:05:30,2023-05-30 11:07:59,428.94708,TRUE,FALSE,TRUE,FALSE,FALSE,FALSE,FALSE,FALSE
"2023-05-30_CRC_UP_302_183",2023-05-30,"May","CRC","UP",302,183,2023-05-30 10:56:29.5,NA,NA,NA,NA,NA,791.962915816793,1.36490160762768,0.00309772260724752,1123.51486946269,0.320583111576827,2.43111081185433e-272,0.999083981261179,2.15950372598094,738.477582886222,0.999334410002921,1.85122343377585,792.339757426521,TRUE,1.36344466320851,0.00315878621394406,2.35524749168363,2023-05-30 10:55:00,2023-05-30 10:57:59,434.93445,TRUE,FALSE,TRUE,FALSE,FALSE,FALSE,FALSE,FALSE
"2023-05-30_CRC_UP_304_182",2023-05-30,"May","CRC","UP",304,182,2023-05-30 10:45:44.5,2359.83921119589,1.99875891966657,3.87182492788337e-50,0.656357035304259,66.0376653639779,1099.07063279703,1.84863803944398,0.00373577003177359,1153.68150286429,0.451320087044641,2.14918555940942e-321,0.999151306076728,3.28181071723323,720.193309812587,0.999862932533699,1.32526653764378,1099.48157936312,TRUE,1.85062398785621,0.00399330646712269,3.73196798531009,2023-05-30 10:44:00,2023-05-30 10:47:29,444.63297,TRUE,FALSE,TRUE,FALSE,FALSE,FALSE,FALSE,FALSE
"2023-05-30_CRC_UP_305_181",2023-05-30,"May","CRC","UP",305,181,2023-05-30 10:35:59.5,2775.70237953176,2.10199934045588,1.01026006072147e-58,0.66678558084171,77.9025652460051,1338.74781538252,1.93898368147569,0.00363664822394523,1235.76809702674,0.502333770331889,0,0.999163496437555,3.90322658410141,778.571119821601,0.999920282068522,1.21004174488099,1338.88757950012,TRUE,1.93852329748692,0.00386771995531626,4.80963676507819,2023-05-30 10:34:00,2023-05-30 10:37:59,475.82404,TRUE,FALSE,TRUE,FALSE,FALSE,FALSE,FALSE,FALSE
"2023-05-30_CRC_UP_306_180",2023-05-30,"May","CRC","UP",306,180,2023-05-30 10:25:59.5,1143.81180435436,0.242704138541515,1.89167965975384e-43,0.659032809776965,5.73872156996942,577.29749216933,0.186703536946864,0.00170638032027952,1112.1235182912,0.176593188598879,3.4717274020144e-165,0.985349352653835,1.18956250342197,527.353883488718,0.989143132739081,1.02982822400564,577.412098558339,TRUE,0.186152499645577,0.00174722898736863,1.22476154540543,2023-05-30 10:24:30,2023-05-30 10:27:29,430.125,TRUE,FALSE,TRUE,FALSE,FALSE,FALSE,FALSE,FALSE
"2023-05-30_CRC_UP_307_179",2023-05-30,"May","CRC","UP",307,179,2023-05-30 10:19:14.5,2407.15359647703,2.44992376813878,7.86722398397441e-52,0.66896304576881,73.9122489729407,1306.07069076947,2.10715436827058,0.00611540651153152,1185.79778046391,0.738805059097129,9.77050234541017e-289,0.998251115630663,5.37228107166271,726.997154600486,0.999891125840861,1.34691020215794,1306.77979663546,TRUE,2.10547743765721,0.00629684424352006,6.00531553795718,2023-05-30 10:17:30,2023-05-30 10:20:59,454.42212,TRUE,FALSE,TRUE,FALSE,FALSE,FALSE,FALSE,FALSE
"2023-05-30_CRC_UP_308_178",2023-05-30,"May","CRC","UP",308,178,2023-05-30 10:11:59.5,2216.53026985594,0.821658141253764,7.62565411728111e-63,0.692283018124135,24.3009874947245,1213.98827678549,0.628183782976451,0.00280427975573085,1183.62192104522,0.387357901016187,8.30177623436054e-279,0.995279464879957,3.00984275018812,808.296799002327,0.999143692431203,1.28734680131796,1215.01109677949,TRUE,0.625884835320168,0.00281289215039255,3.43389687368372,2023-05-30 10:10:00,2023-05-30 10:13:59,454.96259,TRUE,FALSE,TRUE,FALSE,FALSE,FALSE,FALSE,FALSE
"2023-06-22_OWC_TR_120_202",2023-06-22,"Jun","OWC","TR",120,202,2023-06-22 11:14:44.549763,4836.50534618914,2.77114873406366,1.15184423279496e-105,0.678923699105721,74.201497710662,3303.77485418602,2.15080542271159,0.00971495950992515,1111.55802521842,1.17340758064459,0,0.99150382540017,12.0703610312986,2288.79894813996,0.999240442181916,3.61764101922118,3362.97899712448,TRUE,2.21535792951465,0.00641704694977999,8.05644766366641,2023-06-22 11:13:00,2023-06-22 11:16:29,415.19904,TRUE,FALSE,TRUE,FALSE,FALSE,FALSE,FALSE,FALSE
"2023-06-22_OWC_TR_121_203",2023-06-22,"Jun","OWC","TR",121,203,2023-06-22 10:51:29.5,6829.55844767723,1.62252960265816,1.80678118786111e-150,0.680933727823492,71.4522663906396,3489.7077931103,1.45732760520462,0.00208295509087801,1048.31543372769,0.359876333132412,0,0.998779841127819,4.41859046107129,2586.14320698759,0.999731156692788,2.0775555093524,3491.5991580667,TRUE,1.45910886503603,0.00215900597118625,4.97502095652556,2023-06-22 10:49:00,2023-06-22 10:53:59,395.02344,TRUE,FALSE,TRUE,FALSE,FALSE,FALSE,FALSE,FALSE
"2023-06-22_OWC_TR_122_204",2023-06-22,"Jun","OWC","TR",122,204,2023-06-22 11:44:29.5,3730.54653247243,1.55348150503841,4.46008259937363e-83,0.647547812216512,42.81242158462,1601.75848959463,1.38333632673997,0.00225780565945511,1071.95083458989,0.233660161161762,0,0.999047233235566,2.22593761057928,1404.04397115876,0.99945594408382,1.68677816682465,1602.06745320472,TRUE,1.38251617940348,0.00240606523195614,2.33147547694253,2023-06-22 11:43:00,2023-06-22 11:45:59,404.49753,TRUE,FALSE,TRUE,FALSE,FALSE,FALSE,FALSE,FALSE
"2023-06-22_OWC_TR_123_205",2023-06-22,"Jun","OWC","TR",123,205,2023-06-22 11:53:29.5,6642.58040532756,1.26565801954172,1.04070668353702e-146,0.671566421319692,61.1429514256988,2555.27909420985,1.22967653035096,0.000956090237018249,990.776798994588,0.165185629852822,0,0.999638623247882,2.02816240240277,2094.81763744371,0.9998333628622,1.37954535511696,2557.14114193659,TRUE,1.22919519720777,0.00095252278243333,2.07454350542339,2023-06-22 11:51:00,2023-06-22 11:55:59,374.89847,TRUE,FALSE,TRUE,FALSE,FALSE,FALSE,FALSE,FALSE
"2023-06-22_OWC_TR_124_206",2023-06-22,"Jun","OWC","TR",124,206,2023-06-22 12:03:29.5,7929.12488759482,3.88223159240044,5.35196702853301e-150,0.679773735014468,178.633280206193,4593.31130374675,3.63674431209967,0.00522501252206424,1013.54911830238,0.902735904027009,0,0.998767137726525,11.0838637808746,3349.58995218941,0.999845906708085,3.92512260502374,4595.6818012729,TRUE,3.64355448301466,0.00535713885564461,12.4142131500756,2023-06-22 12:01:00,2023-06-22 12:05:59,380.78549,TRUE,FALSE,TRUE,FALSE,FALSE,FALSE,FALSE,FALSE
"2023-06-22_OWC_TR_126_207",2023-06-22,"Jun","OWC","TR",126,207,2023-06-22 11:22:59.5,5174.43112162469,1.40081133574368,5.00548305334918e-115,0.663177958565833,52.8222007378308,2362.36681268037,1.31033928000358,0.0018596405659225,959.289163080185,0.256873967295234,0,0.999038165217074,2.82271140940636,1761.81183534517,0.999727032386445,1.50689250521012,2362.39274308349,TRUE,1.3105978215672,0.00191705237073232,3.49987162388079,2023-06-22 11:21:00,2023-06-22 11:24:59,363.44489,TRUE,FALSE,TRUE,FALSE,FALSE,FALSE,FALSE,FALSE
"2023-06-22_OWC_TR_127_208",2023-06-22,"Jun","OWC","TR",127,208,2023-06-22 11:34:59.5,4849.67145048585,1.01060479502566,1.21993798272021e-113,0.658652115711693,37.6615713408323,1858.58851998216,0.928176324779885,0.00110033444007827,1069.09629510871,0.151990270675922,0,0.999328687566114,1.67017575067306,1814.46656040911,0.999392725707967,1.59185222357059,1858.63464458051,TRUE,0.92794051815934,0.00112844510646857,1.73991314813659,2023-06-22 11:33:00,2023-06-22 11:36:59,403.54623,TRUE,FALSE,TRUE,FALSE,FALSE,FALSE,FALSE,FALSE
"2023-06-22_OWC_TR_128_209",2023-06-22,"Jun","OWC","TR",128,209,2023-06-22 11:05:59.5,5961.34849832645,3.0694321359637,1.2743438740524e-113,0.658589861249512,119.897495262066,2312.72373709889,2.95536637534071,0.00176591980012771,1166.75697177276,0.24392822639841,0,0.999829363049921,2.68045452398719,2005.05788587965,0.999910857666609,1.94144179321206,2313.02333016598,TRUE,2.95569387827217,0.00180929764651104,2.74675636893766,2023-06-22 11:04:00,2023-06-22 11:07:59,439.68491,TRUE,FALSE,TRUE,FALSE,FALSE,FALSE,FALSE,FALSE
"2023-06-22_OWC_UP_101_194",2023-06-22,"Jun","OWC","UP",101,194,2023-06-22 14:32:14.5,4888.86585149997,2.31618678835052,7.93311407415629e-97,0.648049252884863,81.156845267743,1619.2197051894,2.25108640607607,0.00133233469186445,984.419570569441,0.160959963806815,0,0.999853595294136,1.65524288307564,1357.97153610733,0.999922146295272,1.2099441620513,1620.05447024273,TRUE,2.25024058514134,0.00141233382058213,1.64926266046807,2023-06-22 14:30:30,2023-06-22 14:33:59,372.66895,TRUE,FALSE,TRUE,FALSE,FALSE,FALSE,FALSE,FALSE
"2023-06-22_OWC_UP_102_195",2023-06-22,"Jun","OWC","UP",102,195,2023-06-22 14:22:44.5,6586.19519616241,3.0296011550678,2.01310291230725e-137,0.685967844980943,107.306592353649,3794.42180272506,2.45005275687437,0.00446702954245026,993.159748687642,0.694406411515919,0,0.998214774644939,8.0906956963681,2212.42274220405,0.99990534254501,1.86648927422998,3795.8520578364,TRUE,2.4462222859662,0.00452236645539752,9.38941475886288,2023-06-22 14:20:30,2023-06-22 14:24:59,365.07956,TRUE,FALSE,TRUE,FALSE,FALSE,FALSE,FALSE,FALSE
"2023-06-22_OWC_UP_103_196",2023-06-22,"Jun","OWC","UP",103,196,2023-06-22 14:08:29.5,NA,NA,NA,NA,NA,3536.42942850363,2.16925174405103,0.00216565379213953,917.825192667043,0.374164353788808,0,0.999404337083362,4.59401992382706,3399.89177979667,0.999528723242757,4.09315381724769,3558.38483369118,TRUE,2.17871359442287,0.00126771465386429,2.75279399772828,2023-06-22 14:06:00,2023-06-22 14:10:59,359.53778,TRUE,FALSE,TRUE,FALSE,FALSE,FALSE,FALSE,FALSE
"2023-06-22_OWC_UP_104_197",2023-06-22,"Jun","OWC","UP",104,197,2023-06-22 12:59:44.5,5503.44564994672,0.9498491495794,6.2401783759856e-130,0.6651901391669,39.3755163278457,2176.32622523638,0.871159787050193,0.000998488154005448,1031.94359547229,0.155216474253214,0,0.999293738332917,1.80846437967706,1989.03822498154,0.99950441010279,1.51773904479788,2187.02613321793,TRUE,0.874019709756132,0.000766818774653511,1.26002542987813,2023-06-22 12:57:30,2023-06-22 13:01:59,390.68451,TRUE,FALSE,TRUE,FALSE,FALSE,FALSE,FALSE,FALSE
"2023-06-22_OWC_UP_105_198",2023-06-22,"Jun","OWC","UP",105,198,2023-06-22 13:07:29.5,NA,NA,NA,NA,NA,4579.17476705432,3.49922961809344,0.00516382067901643,915.399493851461,0.892163666444884,0,0.998699430970751,10.9540570005122,4258.57172781525,0.999242857031857,8.37191289927871,4580.72770841304,TRUE,3.50541788481639,0.00471496080058746,9.54452963981564,2023-06-22 13:05:00,2023-06-22 13:09:59,369.13129,TRUE,FALSE,TRUE,FALSE,FALSE,FALSE,FALSE,FALSE
"2023-06-22_OWC_UP_106_199",2023-06-22,"Jun","OWC","UP",106,199,2023-06-22 13:20:29.5,7372.68102373489,2.3979220536167,8.93686068704218e-148,0.674249765213231,112.351434933157,3251.38861433379,2.26886912943673,0.00170776976209723,1017.31371032208,0.295054810595509,0,0.999661316672576,3.62270661213729,1912.73892903204,0.999963863043845,1.18533061427726,3252.04746713833,TRUE,2.26848139064917,0.00178572086951029,4.22806344132865,2023-06-22 13:18:00,2023-06-22 13:22:59,383.31573,TRUE,FALSE,TRUE,FALSE,FALSE,FALSE,FALSE,FALSE
"2023-06-22_OWC_UP_107_200",2023-06-22,"Jun","OWC","UP",107,200,2023-06-22 13:59:29.5,4213.27832948654,2.88652012887283,1.49993453554586e-82,0.645155252663236,83.7041964977283,1695.46303399208,2.69632613623366,0.00257162654350438,1219.20107100536,0.266137464084536,0,0.999674453839743,2.53532903488772,1165.36055924936,0.999926161056688,1.21084148554089,1696.29778810267,TRUE,2.69518930496738,0.00270987695282816,2.78469667798635,2023-06-22 13:58:00,2023-06-22 14:00:59,460.42853,TRUE,FALSE,TRUE,FALSE,FALSE,FALSE,FALSE,FALSE
"2023-06-22_OWC_UP_108_201",2023-06-22,"Jun","OWC","UP",108,201,2023-06-22 13:29:29.5,NA,NA,NA,NA,NA,1984.64629743687,0.782207589759222,0.000594264774367098,948.467394981614,0.102672318210588,0,0.999654961756466,1.26061895182882,1926.26017598577,0.999689035613542,1.19876209981604,1985.85442295835,TRUE,0.782710254760069,0.000603398830577738,1.28275785544707,2023-06-22 13:27:00,2023-06-22 13:31:59,361.29178,TRUE,FALSE,TRUE,FALSE,FALSE,FALSE,FALSE,FALSE
"2023-06-29_CRC_TR_309_217",2023-06-29,"Jun","CRC","TR",309,217,2023-06-29 11:48:29.5,3922.61035869011,2.02107722488024,9.06028060472903e-85,0.655125910218983,55.9010743217242,2019.41985810637,1.82526439666538,0.0040328714002419,955.542147240501,0.417361599471142,0,0.998255375905432,3.97594898871606,1554.20099837308,0.999526141539121,2.07792900274555,2020.03764642967,TRUE,1.82264357121471,0.00433130103795484,4.57985997188612,2023-06-29 11:47:00,2023-06-29 11:49:59,367.18881,TRUE,FALSE,TRUE,FALSE,FALSE,FALSE,FALSE,FALSE
"2023-06-29_CRC_TR_311_219",2023-06-29,"Jun","CRC","TR",311,219,2023-06-29 12:10:16.5,4325.37613911098,1.45501249381013,8.09357850251666e-98,0.658968645760877,45.853700097158,2281.48535923122,1.31561731986531,0.00317986410916084,927.607307025284,0.376817251207665,0,0.99761052310451,3.83820926239081,2007.56283699777,0.998782858299995,2.74605764148335,2282.277632629,TRUE,1.31730473513729,0.00339986522399856,4.01670526358509,2023-06-29 12:08:34,2023-06-29 12:11:59,346.34326,TRUE,FALSE,TRUE,FALSE,FALSE,FALSE,FALSE,FALSE
"2023-06-29_CRC_TR_313_220",2023-06-29,"Jun","CRC","TR",313,220,2023-06-29 11:31:59.5,5957.42827865492,3.0135455425998,1.85160798547263e-113,0.65805630166261,119.408884702373,2138.61673113143,2.9410999653819,0.00147301338348751,1080.7781269145,0.203468777047092,0,0.999880113676808,2.23585770281144,1620.23444211852,0.99995962351538,1.30027156070711,2146.61122226455,TRUE,2.9382848475082,0.00140192778387681,1.82586044120555,2023-06-29 11:30:00,2023-06-29 11:33:59,415.827,TRUE,FALSE,TRUE,FALSE,FALSE,FALSE,FALSE,FALSE
"2023-06-29_CRC_TR_314_221",2023-06-29,"Jun","CRC","TR",314,221,2023-06-29 11:14:59.5,6440.52358662002,5.22853513385789,6.66708946867052e-114,0.659513042568816,197.50776273638,2941.05260667933,4.87483571485589,0.00339797928502563,1185.36938622342,0.469366196740587,0,0.99976780731677,5.15772513921812,2309.03799939178,0.999938284375868,2.66466098926997,2941.15240154898,TRUE,4.87490912574366,0.00358566577031577,5.91926528685644,2023-06-29 11:13:00,2023-06-29 11:16:59,451.33429,TRUE,FALSE,TRUE,FALSE,FALSE,FALSE,FALSE,FALSE
"2023-06-29_CRC_TR_315_222",2023-06-29,"Jun","CRC","TR",315,222,2023-06-29 11:21:59.5,5466.95342612757,1.82422972247702,1.50253347228055e-113,0.658354730425673,71.6391924443909,2222.73300166301,1.76503505589585,0.001607903792524,947.853580700265,0.222101320966723,0,0.999603476343214,2.44060517045872,1963.6879645737,0.999770770150591,1.85955501786248,2222.87686916514,TRUE,1.76449283588661,0.00173872752181213,2.59341975722937,2023-06-29 11:20:00,2023-06-29 11:23:59,364.16196,TRUE,FALSE,TRUE,FALSE,FALSE,FALSE,FALSE,FALSE
"2023-06-29_CRC_TR_316_223",2023-06-29,"Jun","CRC","TR",316,223,2023-06-29 11:57:29.5,NA,NA,NA,NA,NA,4959.68245059175,3.8649023282569,0.00709057532656482,899.258164216252,1.22505293536967,0,0.997991305706703,15.0412981243203,4650.8072958389,0.998807530562637,11.6085903803406,4959.76357951738,TRUE,3.86578178109667,0.0074013329125378,18.9135722808308,2023-06-29 11:55:00,2023-06-29 11:59:59,356.96143,TRUE,FALSE,TRUE,FALSE,FALSE,FALSE,FALSE,FALSE
"2023-06-29_CRC_TR_316_224",2023-06-29,"Jun","CRC","TR",316,224,2023-06-29 12:03:59.5,6364.36145244922,4.77165277292093,3.68571213889456e-114,0.660355502134031,182.443827684565,3185.59005994069,4.50811760869567,0.0043837627933236,1118.07646166632,0.605533435351614,0,0.999548211407819,6.65402631002904,3082.78165271499,0.999638342786581,5.96589933722412,3187.09612324839,TRUE,4.50758480741713,0.0038681885448328,5.98151548928426,2023-06-29 12:02:00,2023-06-29 12:05:59,425.94778,TRUE,FALSE,TRUE,FALSE,FALSE,FALSE,FALSE,FALSE
"2023-06-29_CRC_TR_327_218",2023-06-29,"Jun","CRC","TR",327,218,2023-06-29 11:38:59.5,5502.98941284774,2.02861705408021,2.4623885371634e-116,0.667391728671547,74.379457205504,2757.79052350709,1.85663168802051,0.00280746775905373,957.615190767234,0.387798263028237,0,0.998908229072077,4.26139944473104,1748.71391832721,0.999867712167148,1.48647258884402,2757.81957942612,TRUE,1.85705178406086,0.00285528456379085,5.53057078620762,2023-06-29 11:37:00,2023-06-29 11:40:59,367.78329,TRUE,FALSE,TRUE,FALSE,FALSE,FALSE,FALSE,FALSE
"2023-06-29_CRC_UP_301_210",2023-06-29,"Jun","CRC","UP",301,210,2023-06-29 09:37:29.5,3550.89219128001,1.05135572196611,1.2439718105962e-80,0.636301951629815,33.3583583483341,1187.86990951811,1.06129925353693,0.0012706748589807,1137.919404852,0.131502058687055,0,0.999487075591611,1.25273977748167,1115.85293772938,0.999584712842273,1.13038126113435,1188.21857011249,TRUE,1.06196871179084,0.00124381975462196,1.26475525899571,2023-06-29 09:36:00,2023-06-29 09:38:59,434.62357,TRUE,FALSE,TRUE,FALSE,FALSE,FALSE,FALSE,FALSE
"2023-06-29_CRC_UP_302_211",2023-06-29,"Jun","CRC","UP",302,211,2023-06-29 09:44:29.5,3632.91096138301,1.41205057469265,2.83869142895206e-85,0.657351469756969,37.3832717359736,1649.83012692456,1.22480304861945,0.00241369690451316,1030.04485956622,0.249793335995225,0,0.998611606455852,2.37962851133576,1156.53389376304,0.999651191099681,1.19608808547174,1650.78167720026,TRUE,1.22345468940954,0.00241594346140077,2.68788803210453,2023-06-29 09:43:00,2023-06-29 09:45:59,390.36115,TRUE,FALSE,TRUE,FALSE,FALSE,FALSE,FALSE,FALSE
"2023-06-29_CRC_UP_304_212",2023-06-29,"Jun","CRC","UP",304,212,2023-06-29 10:01:59.5,NA,NA,NA,NA,NA,2122.7690839588,2.65482977140576,0.00144889653664128,1177.1656086139,0.200137493442311,0,0.99985764672626,2.19925122089272,1778.87553572696,0.999931039520075,1.53391650931277,2124.26480851362,TRUE,2.65311802949098,0.00153984887891401,2.18672958100134,2023-06-29 10:00:00,2023-06-29 10:03:59,448.25494,TRUE,FALSE,TRUE,FALSE,FALSE,FALSE,FALSE,FALSE
"2023-06-29_CRC_UP_305_213",2023-06-29,"Jun","CRC","UP",305,213,2023-06-29 10:12:29.5,7951.19164891024,4.15411437133638,5.39686802208008e-151,0.682219533011753,181.948550615445,4369.43308804843,3.71924981785771,0.00433573876616507,1104.40848346245,0.749094291768828,0,0.999187985281249,9.19743975171282,2579.27424627276,0.99995917667006,2.06569727481183,4375.70738303659,TRUE,3.71066443249878,0.00413244613385177,10.5180002432854,2023-06-29 10:10:00,2023-06-29 10:14:59,412.81863,TRUE,FALSE,TRUE,FALSE,FALSE,FALSE,FALSE,FALSE
"2023-06-29_CRC_UP_306_214",2023-06-29,"Jun","CRC","UP",306,214,2023-06-29 10:20:29.5,3029.2220115593,0.593378853276863,2.40286252837207e-85,0.657669931770914,16.1636751489369,1241.79288119235,0.529557815150172,0.00136949376995718,1049.20076564354,0.141728821370502,0,0.997611430942955,1.35016389795806,1142.16835455577,0.998208866681355,1.17246006972706,1247.73431251998,TRUE,0.526628599291483,0.00119310441433595,1.04827356704477,2023-06-29 10:19:00,2023-06-29 10:21:59,399.15576,TRUE,FALSE,TRUE,FALSE,FALSE,FALSE,FALSE,FALSE
"2023-06-29_CRC_UP_307_215",2023-06-29,"Jun","CRC","UP",307,215,2023-06-29 10:28:29.5,7468.19612858206,2.85653050858753,1.37794460279503e-149,0.678760078323453,121.65968640398,4811.52865197261,2.46969955722741,0.00626704520629646,993.943573627813,1.08276998303711,0,0.996164080636473,13.2943366320834,3684.02212204437,0.999418087438625,5.18666579785978,4811.5935109319,TRUE,2.47095894216153,0.00649511421687936,17.6675373526912,2023-06-29 10:26:00,2023-06-29 10:30:59,377.24408,TRUE,FALSE,TRUE,FALSE,FALSE,FALSE,FALSE,FALSE
"2023-06-29_CRC_UP_308_216",2023-06-29,"Jun","CRC","UP",308,216,2023-06-29 10:38:29.5,3514.77875066205,1.67394212730028,2.28888762469163e-94,0.695130156404436,31.7264529140197,2256.97128423687,1.09763682000212,0.00560921715257846,1089.93163003699,0.580497519073058,0,0.99073748773981,5.53004523376207,1784.57408537597,0.99753387088395,2.8614667607693,2261.34259431506,TRUE,1.08904625204271,0.00526341517211599,5.3016125581057,2023-06-29 10:37:00,2023-06-29 10:39:59,410.91196,TRUE,FALSE,TRUE,FALSE,FALSE,FALSE,FALSE,FALSE
"2023-07-13_CRC_TR_309_232",2023-07-13,"Jul","CRC","TR",309,232,2023-07-13 10:42:59.5,5438.2515825093,1.76280367877144,9.13124590665913e-113,0.655768220476329,69.5290430538497,1811.17139917446,1.70678247075153,0.00104730619171638,959.124597321385,0.144665426948028,0,0.999820054605939,1.58968522771134,1550.81089807359,0.999896258482723,1.20956034675344,1811.63597549566,TRUE,1.70728982931936,0.00111391349914342,1.64251580630135,2023-07-13 10:41:00,2023-07-13 10:44:59,363.61639,TRUE,FALSE,TRUE,FALSE,FALSE,FALSE,FALSE,FALSE
"2023-07-13_CRC_TR_311_234",2023-07-13,"Jul","CRC","TR",311,234,2023-07-13 10:34:59.5,5231.43923739741,1.60122174037404,5.12182450613653e-118,0.672732506562132,56.0539726997418,2681.51017311776,1.41020024706494,0.00259302260800519,1009.76154418692,0.358176744909901,0,0.998386467875725,3.93589741726999,2218.39783319126,0.999390261478008,2.42458409194724,2685.09873247128,TRUE,1.40624548254332,0.00273385574067724,3.8658318253606,2023-07-13 10:33:00,2023-07-13 10:36:59,380.44455,TRUE,FALSE,TRUE,FALSE,FALSE,FALSE,FALSE,FALSE
"2023-07-13_CRC_TR_313_235",2023-07-13,"Jul","CRC","TR",313,235,2023-07-13 11:01:44.5,6555.8442795013,2.53165789157821,1.90570767087765e-132,0.672314799406809,104.332966476008,3142.66693907352,2.33340010215005,0.00244304919752453,997.915178889353,0.379775645154858,0,0.999410597157114,4.42485715408661,1932.5754751108,0.999937772789758,1.44042964402649,3144.28219012358,TRUE,2.33251731311456,0.00255221609341066,4.84897897442552,2023-07-13 10:59:30,2023-07-13 11:03:59,375.43335,TRUE,FALSE,TRUE,FALSE,FALSE,FALSE,FALSE,FALSE
"2023-07-13_CRC_TR_314_236",2023-07-13,"Jul","CRC","TR",314,236,2023-07-13 10:16:03.5,NA,NA,NA,NA,NA,3281.49629850647,3.82112786209545,0.00573386128266823,1122.55731987825,0.765540272246288,0,0.998960794006102,8.27178998992694,3017.03580129355,0.999417322665887,6.20732968644356,3282.05509020769,TRUE,3.81754643433552,0.00591430359251395,10.5887643887145,2023-07-13 10:14:08,2023-07-13 10:17:59,431.03516,TRUE,FALSE,TRUE,FALSE,FALSE,FALSE,FALSE,FALSE
"2023-07-13_CRC_TR_315_237",2023-07-13,"Jul","CRC","TR",315,237,2023-07-13 10:23:03.5,4000.72519531031,0.522111953886591,1.99749072916806e-109,0.657042929420966,17.9552413257646,1903.64506115851,0.455960517804464,0.00129905319369482,999.102802290044,0.173439413082691,0,0.996263923390042,1.87404171015925,1734.96631257504,0.997424912405964,1.55922734041838,1903.76380134169,TRUE,0.456405261815546,0.00137878751288655,1.89310534722523,2023-07-13 10:21:08,2023-07-13 10:24:59,378.98019,TRUE,FALSE,TRUE,FALSE,FALSE,FALSE,FALSE,FALSE
"2023-07-13_CRC_TR_316_238",2023-07-13,"Jul","CRC","TR",316,238,2023-07-13 11:08:31,7794.97316337585,3.36013590761985,9.79688802048257e-137,0.649078821468065,170.566035321809,5530.42080430562,3.33965613346521,0.0121335718654878,912.649071624923,2.07532560218789,0,0.992246193168811,25.3539280639136,5320.5217504491,0.994590890322584,21.2121898976436,5535.74147814432,TRUE,3.3140279202022,0.0119346056177666,21.3553932723205,2023-07-13 11:06:03,2023-07-13 11:10:59,370.37436,TRUE,FALSE,TRUE,FALSE,FALSE,FALSE,FALSE,FALSE
"2023-07-13_CRC_TR_327_233",2023-07-13,"Jul","CRC","TR",327,233,2023-07-13 10:49:29.5,4047.51202319385,2.52386911624945,1.10949190696611e-83,0.650272537032398,66.4904369890405,2188.32593634367,2.15563311048898,0.00509913238076616,981.020611210043,0.527708879143532,0,0.998000797447866,5.02716011014397,1890.66923276606,0.999135139373616,3.31576616686066,2192.77655776592,TRUE,2.16426350260951,0.00495971270371229,4.68589713187548,2023-07-13 10:48:00,2023-07-13 10:50:59,369.57974,TRUE,FALSE,TRUE,FALSE,FALSE,FALSE,FALSE,FALSE
"2023-07-13_CRC_TR_327_239",2023-07-13,"Jul","CRC","TR",327,239,2023-07-13 10:54:29.5,4047.49010724593,2.16262234145944,4.47181011442337e-81,0.638371540745461,66.4884131296288,1830.46706936067,2.12111176383591,0.00310199111260338,1045.53122759842,0.321024858919072,0,0.999234923919409,3.05820771434017,1763.3101606369,0.999372140006801,2.7781941157726,1830.59343386565,TRUE,2.12007244177851,0.00314381886928731,3.4159282007248,2023-07-13 10:53:00,2023-07-13 10:55:59,395.98041,TRUE,FALSE,TRUE,FALSE,FALSE,FALSE,FALSE,FALSE
"2023-07-13_CRC_UP_301_225",2023-07-13,"Jul","CRC","UP",301,225,2023-07-13 14:19:59.5,2532.01097184913,1.71271402435168,8.39428907635174e-64,0.697926089083444,46.888312766297,1582.12935724372,1.22269246458075,0.00603820823869969,1078.89150326322,0.834063600274354,2.00729361043576e-268,0.994229079125748,6.4808289024074,1293.54453554756,0.998294721840253,3.53783918719056,1598.07272963201,TRUE,1.20071413484101,0.00412736906908539,4.21075631638219,2023-07-13 14:18:00,2023-07-13 14:21:59,404.21005,TRUE,FALSE,TRUE,FALSE,FALSE,FALSE,FALSE,FALSE
"2023-07-13_CRC_UP_302_226",2023-07-13,"Jul","CRC","UP",302,226,2023-07-13 14:26:29.5,1744.62208030983,1.13767880186916,4.43526999306733e-42,0.646766736848919,30.4520676732151,1173.3374828319,0.973309592946445,0.00893557942975432,994.795477730206,0.924742535251683,7.62588756825103e-165,0.985219254980757,6.22922692535693,795.597039880581,0.998227226830564,2.16953290751491,1177.14154007634,TRUE,0.988164423511796,0.00820965294078869,6.624259738744,2023-07-13 14:25:00,2023-07-13 14:27:59,381.16769,TRUE,FALSE,TRUE,FALSE,FALSE,FALSE,FALSE,FALSE
"2023-07-13_CRC_UP_304_227",2023-07-13,"Jul","CRC","UP",304,227,2023-07-13 14:33:19.243781,2394.90957034129,3.02505384021193,3.64618429761834e-48,0.657332283941806,92.6308860517449,1189.23544654459,2.72743293107247,0.00564179844099779,1064.67044318969,0.647680534386844,1.85475529597656e-307,0.999149233444233,4.6155602861538,724.907658145339,0.99991722312157,1.44699546782154,1189.60752754108,TRUE,2.7251117022318,0.00585830946427305,5.64459358406242,2023-07-13 14:31:40,2023-07-13 14:34:59,402.83856,TRUE,FALSE,TRUE,FALSE,FALSE,FALSE,FALSE,FALSE
"2023-07-13_CRC_UP_305_228",2023-07-13,"Jul","CRC","UP",305,228,2023-07-13 14:39:49.5,1619.90337885486,3.02360614201278,1.32701440418934e-30,0.617661211259034,77.6488294113164,600.460745211466,3.08462800828742,0.00425928116903238,1035.63884305368,0.342428723419742,6.50830964552968e-249,0.99973695390615,2.03669811517505,519.474272940719,0.999856650880772,1.51453159058084,600.73095422102,TRUE,3.08682420623204,0.00424793321824655,2.18765701476099,2023-07-13 14:38:40,2023-07-13 14:40:59,397.55798,TRUE,FALSE,TRUE,FALSE,FALSE,FALSE,FALSE,FALSE
"2023-07-13_CRC_UP_306_229",2023-07-13,"Jul","CRC","UP",306,229,2023-07-13 14:46:29.5,NA,NA,NA,NA,NA,707.62349590129,0.43329721304127,0.0024507424813404,999.870361218438,0.253627180336758,6.19929601836057e-202,0.994337899653103,1.7084769008988,689.549501456264,0.994991374095437,1.61597000516527,709.741976594231,TRUE,0.436428288902061,0.00221304294317905,1.37979330433946,2023-07-13 14:45:00,2023-07-13 14:47:59,384.11359,TRUE,FALSE,TRUE,FALSE,FALSE,FALSE,FALSE,FALSE
"2023-07-13_CRC_UP_307_230",2023-07-13,"Jul","CRC","UP",307,230,2023-07-13 14:54:59.5,2688.6106226352,2.91562038484517,4.94966284539822e-71,0.737299512367171,64.9759838324563,2054.77170121734,1.80502466071792,0.016163875884306,1048.77642840998,2.23273195979663,1.3922189214959e-207,0.981272012794441,17.3487415247698,1207.92520618732,0.999459453536824,2.95986168393481,2074.80091366802,TRUE,1.74189794081868,0.0138218864310116,13.1349931521738,2023-07-13 14:53:00,2023-07-13 14:56:59,380.29929,TRUE,FALSE,TRUE,FALSE,FALSE,FALSE,FALSE,FALSE
"2023-07-13_CRC_UP_307_241",2023-07-13,"Jul","CRC","UP",307,241,2023-07-13 15:03:29.5,2033.56460695358,1.94609807042933,7.79998809834892e-38,0.605902466722208,67.9499921654764,1557.76053713475,2.04226811813129,0.0259944437551117,1026.4380975001,2.69016329713497,4.1630209054354e-140,0.971970921711059,18.1214089384991,1453.58647861465,0.984632183425649,13.4942050174159,1559.82829544007,TRUE,2.0357755623883,0.0215666996705561,12.958978043876,2023-07-13 15:02:00,2023-07-13 15:04:59,403.23648,TRUE,FALSE,TRUE,FALSE,FALSE,FALSE,FALSE,FALSE
"2023-07-13_CRC_UP_308_231",2023-07-13,"Jul","CRC","UP",308,231,2023-07-13 14:06:44.5,1133.67093123921,0.626212327023949,1.09538100391451e-35,0.651402991727401,10.4507744017116,681.591115541246,0.40256116809057,0.00436675970389144,991.703960618602,0.376281093281998,1.23806994255725e-132,0.982883359603371,2.31577258549689,559.407474958643,0.992619607345669,1.53101980541338,681.922728227971,TRUE,0.404956347983282,0.00478367027552503,2.270249364313,2023-07-13 14:05:30,2023-07-13 14:07:59,376.32339,TRUE,FALSE,TRUE,FALSE,FALSE,FALSE,FALSE,FALSE
"2023-07-13_CRC_UP_308_240",2023-07-13,"Jul","CRC","UP",308,240,2023-07-13 14:12:29.5,1409.10258768726,0.40975704865525,1.96316237719714e-44,0.667578926263475,11.9909872501835,794.359668004453,0.395843559993765,0.00311841494927125,996.539217800189,0.322724560709896,1.59312618795153e-176,0.9890737951679,2.17392890065442,635.287609488455,0.995584115576706,1.38986680815218,794.439714382149,TRUE,0.39513941172466,0.00325920276288324,2.06655676165662,2023-07-13 14:11:00,2023-07-13 14:13:59,378.74371,TRUE,FALSE,TRUE,FALSE,FALSE,FALSE,FALSE,FALSE
"2023-07-25_OWC_TR_120_250",2023-07-25,"Jul","OWC","TR",120,250,2023-07-25 12:59:14.5,5284.85344646671,3.83050915152627,2.97275752773562e-98,0.653529509644349,130.034194073492,2378.32538969832,3.63487837274295,0.0032891528992302,1161.23737109413,0.397364066887957,0,0.999657850412427,4.08632077288301,1332.3351750487,0.999971913997222,1.17357510372658,2379.48246969215,TRUE,3.63273113084981,0.00329589809409681,4.83990887945913,2023-07-25 12:57:30,2023-07-25 13:00:59,447.25168,TRUE,FALSE,TRUE,FALSE,FALSE,FALSE,FALSE,FALSE
"2023-07-25_OWC_TR_121_251",2023-07-25,"Jul","OWC","TR",121,251,2023-07-25 13:05:09.5,3519.53857810343,2.13246910913923,4.92158759100155e-71,0.632143270586486,58.7975567157918,1382.51005082494,2.09188163800057,0.00252410627630242,1109.33543334613,0.232073694046987,0,0.999537227917089,2.08546786907673,1263.98792160194,0.999684438681176,1.72755477772043,1382.89415442533,TRUE,2.09079484751266,0.00254463796302746,2.11522588726283,2023-07-25 13:03:50,2023-07-25 13:06:29,429.01602,TRUE,FALSE,TRUE,FALSE,FALSE,FALSE,FALSE,FALSE
"2023-07-25_OWC_TR_122_252",2023-07-25,"Jul","OWC","TR",122,252,2023-07-25 13:21:39.5,5173.03484978413,2.5276693540064,3.38087767253043e-103,0.65473058950795,86.0535594048573,3041.55185512417,2.29763921373269,0.00573182594650453,1171.8008529719,0.725557250580797,0,0.997281594544136,7.63566565482035,2582.38287884008,0.99905125126664,4.52125708304581,3042.468408161,TRUE,2.29936373487547,0.00623567064640443,7.89741945842698,2023-07-25 13:19:50,2023-07-25 13:23:29,452.78824,TRUE,FALSE,TRUE,FALSE,FALSE,FALSE,FALSE,FALSE
"2023-07-25_OWC_TR_123_253",2023-07-25,"Jul","OWC","TR",123,253,2023-07-25 13:53:59.5,NA,NA,NA,NA,NA,1499.64509168348,1.13884865614704,0.0101699604600835,1137.41545042514,0.700190268367647,7.26591075707538e-208,0.981374067014074,5.45758399082116,1276.91552632483,0.992758355410216,3.41737383796047,1530.63049095172,TRUE,1.1873323525994,0.00645103311762106,3.35786701752556,2023-07-25 13:53:00,2023-07-25 13:54:59,437.08975,TRUE,FALSE,TRUE,FALSE,FALSE,FALSE,FALSE,FALSE
"2023-07-25_OWC_TR_124_254",2023-07-25,"Jul","OWC","TR",124,254,2023-07-25 13:25:54.5,2540.28937963543,4.65342433809857,8.92978532841311e-47,0.612566890582332,77.1210525683348,1739.1188815075,3.86448128694154,0.0265091523850888,1058.70789363229,1.67207411162294,2.86717095135849e-219,0.989846087180751,12.4850790768184,1681.33068145244,0.992332399870741,10.8994775578316,1739.76921843452,TRUE,3.85162856775129,0.0262863418957039,13.5423334106189,2023-07-25 13:25:00,2023-07-25 13:26:49,410.15131,TRUE,FALSE,TRUE,FALSE,FALSE,FALSE,FALSE,FALSE
"2023-07-25_OWC_TR_126_255",2023-07-25,"Jul","OWC","TR",126,255,2023-07-25 13:38:19.5,3892.69364897661,1.93211614853018,1.73894767883356e-83,0.649394757845382,53.6259242697229,2628.25310443413,1.7290114983069,0.00939408616137383,1079.96153450629,0.972193367149157,0,0.989542430415119,9.26149228834459,2432.86180871116,0.993989779912847,7.04088563389236,2629.59018304473,TRUE,1.73967011226841,0.00963016965856456,9.05573523363977,2023-07-25 13:36:50,2023-07-25 13:39:49,414.43677,TRUE,FALSE,TRUE,FALSE,FALSE,FALSE,FALSE,FALSE
"2023-07-25_OWC_TR_127_256",2023-07-25,"Jul","OWC","TR",127,256,2023-07-25 13:47:14.5,NA,NA,NA,NA,NA,1910.57549343125,1.39381799525922,0.00774000818496931,1148.00716579674,0.666951913854216,4.020406412306e-306,0.990894280017933,5.8048771371572,1862.75632391047,0.992338772488596,5.34253459422955,1914.07780117493,TRUE,1.37950560086568,0.00746602368123919,5.07303461456524,2023-07-25 13:46:00,2023-07-25 13:48:29,443.35272,TRUE,FALSE,TRUE,FALSE,FALSE,FALSE,FALSE,FALSE
"2023-07-25_OWC_TR_128_257",2023-07-25,"Jul","OWC","TR",128,257,2023-07-25 12:46:40.317972,5414.09248599172,3.52283723395936,1.36992232524343e-101,0.653923998164855,123.210248922941,3034.40752144256,3.28836148362163,0.00600462872779386,1212.13707099124,0.764315444248185,0,0.998561625969966,7.9432276456292,2951.20125665082,0.998823460814088,7.20065388982054,3035.67653916026,TRUE,3.28476715662823,0.00309404614112222,4.53667063150958,2023-07-25 12:44:50,2023-07-25 12:48:29,466.04102,TRUE,FALSE,TRUE,FALSE,FALSE,FALSE,FALSE,FALSE
"2023-07-25_OWC_UP_101_242",2023-07-25,"Jul","OWC","UP",101,242,2023-07-25 15:19:44.5,NA,NA,NA,NA,NA,2919.28006531165,2.82973359120409,0.00626277711687195,945.886922041061,0.756608969365794,0,0.9979567063074,7.78064049092998,2645.19032816265,0.998946155781116,5.60118137522704,2942.91428419814,TRUE,2.85708878340632,0.00286027840558264,3.20642220100426,2023-07-25 15:18:00,2023-07-25 15:21:29,381.38138,TRUE,FALSE,TRUE,FALSE,FALSE,FALSE,FALSE,FALSE
"2023-07-25_OWC_UP_102_243",2023-07-25,"Jul","OWC","UP",102,243,2023-07-25 15:26:29.5,4168.96166031172,2.77219981240185,3.53931692952553e-84,0.652494448344529,78.7074791198811,2066.02883868941,2.5611258839444,0.00430257346435469,1059.61842566393,0.445273048582074,0,0.998990656034399,4.24184431307467,1061.7733699884,0.999938665270976,1.04858796543807,2067.48967019482,TRUE,2.55759952186495,0.0044159749312072,4.8635037845724,2023-07-25 15:25:00,2023-07-25 15:27:59,407.14822,TRUE,FALSE,TRUE,FALSE,FALSE,FALSE,FALSE,FALSE
"2023-07-25_OWC_UP_103_244",2023-07-25,"Jul","OWC","UP",103,244,2023-07-25 15:38:44.5,NA,NA,NA,NA,NA,2603.89884698713,3.92555733217696,0.00430238656689519,946.266294680459,0.519773289939095,0,0.999498149357124,5.34512445602372,2492.14954020621,0.999619034445197,4.66825864562224,2618.10461087811,TRUE,3.94021602694241,0.00228231409820107,2.78359878519436,2023-07-25 15:37:00,2023-07-25 15:40:29,379.91876,TRUE,FALSE,TRUE,FALSE,FALSE,FALSE,FALSE,FALSE
"2023-07-25_OWC_UP_104_245",2023-07-25,"Jul","OWC","UP",104,245,2023-07-25 15:52:44.5,NA,NA,NA,NA,NA,1717.23189993164,1.20684532733025,0.00149722589862859,989.435624614264,0.180880545950988,0,0.999357063024186,1.86009756271785,1658.46930937786,0.999446306123695,1.73032569855108,1728.55642807004,TRUE,1.21125935324377,0.00103596493141451,1.31578348522519,2023-07-25 15:51:00,2023-07-25 15:54:29,388.16589,TRUE,FALSE,TRUE,FALSE,FALSE,FALSE,FALSE,FALSE
"2023-07-25_OWC_UP_105_246",2023-07-25,"Jul","OWC","UP",105,246,2023-07-25 15:59:14.5,3475.05635094489,3.56053810067411,2.08078193273015e-69,0.647318043065112,78.7412016022992,1853.07826433023,3.0494606975197,0.00703272341580928,1193.65283417041,0.606005604863577,0,0.998417551933833,5.27442534849764,937.158513372837,0.999926275942838,1.14229245188743,1854.8014666036,TRUE,3.0445078901113,0.00726245437634453,5.73422973028192,2023-07-25 15:58:00,2023-07-25 16:00:29,457.24924,TRUE,FALSE,TRUE,FALSE,FALSE,FALSE,FALSE,FALSE
"2023-07-25_OWC_UP_106_247",2023-07-25,"Jul","OWC","UP",106,247,2023-07-25 16:04:47.5,953.608994082403,3.21702009620755,1.0433361023685e-19,0.570913524962985,27.9162174584248,344.081321602497,2.92209696118845,0.00918314716150725,1205.81714964456,0.26111484075428,1.5488671033143e-149,0.999033059438834,1.32520800028699,337.470062269594,0.999130407741862,1.26975348509295,345.196614313442,TRUE,2.91711973229981,0.00950612343369304,1.16429759628276,2023-07-25 16:04:23,2023-07-25 16:05:12,465.06973,TRUE,FALSE,TRUE,FALSE,FALSE,FALSE,FALSE,FALSE
"2023-07-25_OWC_UP_107_248",2023-07-25,"Jul","OWC","UP",107,248,2023-07-25 15:32:59.5,4104.30929308835,2.47855359628733,8.96500798932595e-83,0.646172526219628,71.9479707786728,1632.30126384949,2.32090726748543,0.00235564344279051,1060.40657943393,0.243785387009312,0,0.9996313396568,2.3223944516497,1094.5839448318,0.999918132227897,1.09747787590858,1634.81645257995,TRUE,2.31871815586889,0.00240072649164415,2.40659583863168,2023-07-25 15:31:30,2023-07-25 15:34:29,407.91025,TRUE,FALSE,TRUE,FALSE,FALSE,FALSE,FALSE,FALSE
"2023-07-25_OWC_UP_108_249",2023-07-25,"Jul","OWC","UP",108,249,2023-07-25 15:46:44.5,4161.20097294268,1.08680747457254,6.88414153416414e-98,0.652136406216031,34.1279238732951,2038.41934330948,0.951179529820583,0.00219455655039464,999.550983895371,0.265125381092656,0,0.997779863998974,2.72643513204963,2014.37296444205,0.99792327659998,2.64323747809626,2038.7301889663,TRUE,0.95234979796077,0.00130214709265707,1.53973126343607,2023-07-25 15:45:00,2023-07-25 15:48:29,383.42346,TRUE,FALSE,TRUE,FALSE,FALSE,FALSE,FALSE,FALSE
"2023-07-27_PTR_TR_1_266",2023-07-27,"Jul","PTR","TR",1,266,2023-07-27 10:37:19.5,3968.29265775363,2.27642645639436,4.04161254573614e-84,0.652237093325293,59.5628010764327,2442.9617971331,1.93354631975002,0.00726255228600974,1017.45537759825,0.751601064727731,0,0.994974671743274,7.16004418472801,2240.7897068759,0.997165712661619,5.39227381709067,2445.66286548276,TRUE,1.94084205095576,0.00743257864604927,7.33892633696507,2023-07-27 10:35:50,2023-07-27 10:38:49,389.01309,TRUE,FALSE,TRUE,FALSE,FALSE,FALSE,FALSE,FALSE
"2023-07-27_PTR_TR_2_267",2023-07-27,"Jul","PTR","TR",2,267,2023-07-27 10:43:19.5,4620.04378286643,4.95451494968872,3.39572793962281e-82,0.643534243250257,147.266096726946,1987.70246800022,4.73322643130907,0.00385907183692429,1104.47157533081,0.399375093943276,0,0.999762080054828,3.80460253864812,1599.12660074157,0.999920046458711,2.21171536099456,2009.33272165433,TRUE,4.71665533483548,0.00312115450585964,2.43808070175214,2023-07-27 10:41:50,2023-07-27 10:44:49,422.85849,TRUE,FALSE,TRUE,FALSE,FALSE,FALSE,FALSE,FALSE
"2023-07-27_PTR_TR_3_268",2023-07-27,"Jul","PTR","TR",3,268,2023-07-27 10:47:29.5,NA,NA,NA,NA,NA,1887.25145947415,2.2936807106581,0.00335654243915213,974.931430332353,0.347368359182808,0,0.999233929815624,3.30916614790368,1494.31183222607,0.999745662095811,1.91208128828613,1887.25650746695,TRUE,2.29355749755362,0.00348670248608615,4.14876447056058,2023-07-27 10:46:00,2023-07-27 10:48:59,378.02075,TRUE,FALSE,TRUE,FALSE,FALSE,FALSE,FALSE,FALSE
"2023-07-27_PTR_TR_6_263",2023-07-27,"Jul","PTR","TR",6,263,2023-07-27 10:18:29.5,4431.88412124213,4.05974349738909,5.86219181642844e-84,0.651514919941382,113.398511921594,2179.00973268831,3.68540630896921,0.00503357884993551,1090.93763426695,0.520924748492398,0,0.999332615538616,4.96253184190877,1512.79099171208,0.999896284916406,1.96179099272503,2187.41596480027,TRUE,3.67133393032795,0.00457739833379438,3.75720165028822,2023-07-27 10:17:00,2023-07-27 10:19:59,413.01785,TRUE,FALSE,TRUE,FALSE,FALSE,FALSE,FALSE,FALSE
"2023-07-27_PTR_TR_7_270",2023-07-27,"Jul","PTR","TR",7,270,2023-07-27 10:23:59.5,4217.93926374623,3.63607714942147,5.40620731686905e-90,0.677510752035908,84.247814935465,3028.34616089476,2.83027949789153,0.0163751535759376,1068.44013589555,1.69466358079977,0,0.988158095017154,16.1440246511243,2887.82539788571,0.992073608036507,13.2451021677687,3036.43568857441,TRUE,2.78982841675259,0.0160249808023865,12.5457754299504,2023-07-27 10:22:30,2023-07-27 10:25:29,396.82004,TRUE,FALSE,TRUE,FALSE,FALSE,FALSE,FALSE,FALSE
"2023-07-27_PTR_TR_7_271",2023-07-27,"Jul","PTR","TR",7,271,2023-07-27 10:29:59.5,5638.21232583657,5.05832831877759,5.5978737408241e-142,0.740144319447623,85.6301115653066,4876.00568848217,2.35444587058795,0.0255020044226142,1125.30181464942,3.52261677340207,7.47062520540422e-307,0.946898992185904,38.7089850402007,4133.7891174241,0.988781344623496,17.8295867720545,4876.00580188832,TRUE,2.35421141381326,0.025597190161394,54.1736603516498,2023-07-27 10:28:00,2023-07-27 10:31:59,403.65402,TRUE,FALSE,TRUE,FALSE,FALSE,FALSE,FALSE,FALSE
"2023-07-27_PTR_UP_1_258",2023-07-27,"Jul","PTR","UP",1,258,2023-07-27 12:43:59.5,5693.74672244943,2.46383002550349,2.09090497359881e-115,0.664404652905733,90.7297512674202,2481.34230888727,2.2554221512517,0.00210500119214158,1087.78388059743,0.290765870187594,0,0.999583805710158,3.19513942143142,1753.33778109403,0.999909428213142,1.4936494893015,2488.00348659831,TRUE,2.25037252045717,0.00209490870028445,3.17640573992081,2023-07-27 12:42:00,2023-07-27 12:45:59,417.55243,TRUE,FALSE,TRUE,FALSE,FALSE,FALSE,FALSE,FALSE
"2023-07-27_PTR_UP_2_259",2023-07-27,"Jul","PTR","UP",2,259,2023-07-27 12:55:54.5,NA,NA,NA,NA,NA,2260.78029003379,2.39215089405851,0.00197508959704683,977.397808211333,0.261417863097185,0,0.99968787657454,2.81254076267448,2074.69233882878,0.999793528161567,2.29253710373873,2261.33725851212,TRUE,2.39108316556988,0.00203586786662884,2.6211524634776,2023-07-27 12:54:00,2023-07-27 12:57:49,380.09583,TRUE,FALSE,TRUE,FALSE,FALSE,FALSE,FALSE,FALSE
"2023-07-27_PTR_UP_3_260",2023-07-27,"Jul","PTR","UP",3,260,2023-07-27 13:00:54.5,5848.99321113859,3.50491575296685,2.45273508261742e-106,0.649529494516813,138.978562803879,2361.03018703967,3.52780062565498,0.00220247348964376,946.184896231027,0.291513819956199,0,0.999821515186562,3.1363369426861,1875.51458111109,0.999938419875878,1.84625921697268,2374.64186038278,TRUE,3.53454045689324,0.00207163463327669,2.65495177343676,2023-07-27 12:59:00,2023-07-27 13:02:49,369.71921,TRUE,FALSE,TRUE,FALSE,FALSE,FALSE,FALSE,FALSE
"2023-07-27_PTR_UP_4_261",2023-07-27,"Jul","PTR","UP",4,261,2023-07-27 13:06:14.5,4328.29230297956,2.21440746973973,3.17863676976691e-113,0.706157256851179,41.638873128607,3478.74675517996,1.23928578311245,0.01219048207272,981.728384761405,1.47273771762768,6.88139379856658e-297,0.961126326714004,15.1449998377613,2796.59902922157,0.992411513378499,6.70749789168623,3478.74675517996,TRUE,1.23928578311245,0.01219048207272,22.2427251466416,2023-07-27 13:04:30,2023-07-27 13:07:59,373.54529,TRUE,FALSE,TRUE,FALSE,FALSE,FALSE,FALSE,FALSE
"2023-07-27_PTR_UP_5_262",2023-07-27,"Jul","PTR","UP",5,262,2023-07-27 12:31:24.5,7463.4589485926,3.1632882075223,2.93728808235745e-143,0.675186543924381,150.149656307126,4059.91823878875,3.14016816385713,0.0039604801229943,1005.11479436805,0.661394251651015,0,0.999081416621245,7.98484752761316,3749.88670470554,0.999465464044203,6.10166662389835,4062.52720464217,TRUE,3.14289395231448,0.00420835000881967,8.01840326522853,2023-07-27 12:29:00,2023-07-27 12:33:49,384.10428,TRUE,FALSE,TRUE,FALSE,FALSE,FALSE,FALSE,FALSE
"2023-07-27_PTR_UP_6_269",2023-07-27,"Jul","PTR","UP",6,269,2023-07-27 11:04:29.5,8043.0896133839,4.9057661472416,1.44299335179124e-159,0.70250713940098,196.42989422283,5662.29829931749,4.13991028307219,0.0127340523257619,1104.27737534873,2.20008778728866,0,0.994373966282158,27.0128541819289,4660.08953917913,0.998948318719575,11.6987333686477,5665.70523298614,TRUE,4.12111452725361,0.012064288721294,20.8979017766269,2023-07-27 11:02:00,2023-07-27 11:06:59,400.09732,TRUE,FALSE,TRUE,FALSE,FALSE,FALSE,FALSE,FALSE
"2023-07-27_PTR_UP_7_264",2023-07-27,"Jul","PTR","UP",7,264,2023-07-27 12:50:14.5,5080.40595437502,3.12270365277032,5.74368733204517e-98,0.652437352783777,101.942362054011,2684.94975533389,2.84397708301989,0.00473820826412074,985.666113249975,0.572425108614987,0,0.998841092457179,5.88657306276458,2419.70404729654,0.999389564975867,4.28251942327099,2685.49820767885,TRUE,2.84598422348244,0.00483214925705521,6.32729454619137,2023-07-27 12:48:30,2023-07-27 12:51:59,377.51868,TRUE,FALSE,TRUE,FALSE,FALSE,FALSE,FALSE,FALSE
"2023-07-27_PTR_UP_8_265",2023-07-27,"Jul","PTR","UP",8,265,2023-07-27 12:38:03.840517,6055.70311444248,4.92105462394598,8.86486457621744e-114,0.671589625453295,164.399251437184,3707.8805636562,4.29470296030809,0.0091309658262597,1061.29225279199,1.21210673224954,0,0.997915974053117,13.0961295498493,2163.21771129157,0.999925973628922,2.47358423057588,3707.99331124884,TRUE,4.29722922357873,0.00951564029876216,17.013875654915,2023-07-27 12:36:09,2023-07-27 12:39:59,379.95712,TRUE,FALSE,TRUE,FALSE,FALSE,FALSE,FALSE,FALSE
"2023-08-03_CRC_TR_309_272",2023-08-03,"Aug","CRC","TR",309,272,2023-08-03 13:20:49.5,4988.47178190315,2.08347253746405,3.67413128356106e-103,0.654599579835568,69.7724426398592,2711.00905788852,1.86329424389703,0.00393699337511051,1049.41388575416,0.498360228565906,0,0.998048393778832,5.24467514857445,2702.91896114223,0.998101288982554,5.18496396443559,2711.02906299775,TRUE,1.86274780306776,0.00405829596196879,6.74054223788558,2023-08-03 13:19:00,2023-08-03 13:22:39,404.57394,TRUE,FALSE,TRUE,FALSE,FALSE,FALSE,FALSE,FALSE
"2023-08-03_CRC_TR_314_273",2023-08-03,"Aug","CRC","TR",314,273,2023-08-03 13:27:07.5,6120.96936895268,5.74202728771826,5.2873203239051e-103,0.647369582396843,223.193968271842,2921.84625948828,5.79878845787589,0.00458948220412844,1086.3803139957,0.591553813069081,0,0.999720702921194,6.28139008634618,2651.63654772758,0.999848558295148,4.6357633470396,2921.94272078468,TRUE,5.79997042095854,0.00496666885032438,6.89702902169811,2023-08-03 13:25:16,2023-08-03 13:28:59,388.42227,TRUE,FALSE,TRUE,FALSE,FALSE,FALSE,FALSE,FALSE
"2023-08-03_CRC_TR_316_274",2023-08-03,"Aug","CRC","TR",316,274,2023-08-03 13:12:14.5,7327.64648665835,4.37728591038576,2.35699077709716e-121,0.639709968866444,213.19751978705,4725.01056202279,4.54200801615361,0.0105738070963834,1076.41428709,1.64371409951178,0,0.997092733791429,19.151307318646,3897.58618483706,0.999376534332895,8.88527839135427,4725.43210075129,TRUE,4.54008942341945,0.0115829063192767,21.8260125985499,2023-08-03 13:10:00,2023-08-03 13:14:29,430.94855,TRUE,FALSE,TRUE,FALSE,FALSE,FALSE,FALSE,FALSE
