"Plot_clean","Date","Month","Site","Zone","Replicate","Row_ID","TIMESTAMP","HM81_AIC","HM81_flux.estimate","HM81_p.value","HM81_r.squared","HM81_RMSE","lin_AIC","lin_flux.estimate","lin_flux.std.error","lin_int.estimate","lin_int.std.error","lin_p.value","lin_r.squared","lin_RMSE","poly_AIC","poly_r.squared","poly_RMSE","rob_AIC","rob_converged","rob_flux.estimate","rob_flux.std.error","rob_RMSE","TIMESTAMP_min","TIMESTAMP_max","CH4_lin_pass","CH4_HM81_pass","CH4_poly_pass","CH4_neg_flux","CH4_rejected_model","CH4_rejected_manual","CH4_flux_rejected"
"2023-01-12_PTR_TR_1_26",2023-01-12,"Jan","PTR","TR",1,26,2023-01-12 11:25:29.5,928.001488622825,0.0155489127309605,1.38549392157501e-133,0.63666863138447,0.522602308421309,445.57330561698,0.00914606222862985,0.00016480519526136,6336.33562219853,0.0284737244751779,4.71639049122432e-238,0.837404047019703,0.349602671178995,405.874708700134,0.848825119977997,0.337665861283913,445.833959934174,TRUE,0.00914779106043271,0.000168566456391501,0.357243212266554,2023-01-12 11:23:00,2023-01-12 11:27:59,TRUE,TRUE,TRUE,FALSE,FALSE,FALSE,FALSE
"2023-01-12_PTR_TR_2_27",2023-01-12,"Jan","PTR","TR",2,27,2023-01-12 11:41:49.5,NA,NA,NA,NA,NA,574.473222088378,0.017116600616051,0.000116455754081651,6346.90883238113,0.0254991568068168,0,0.966101624425727,0.352175563233123,406.615482305662,0.972962129615649,0.314941375722216,574.891248324907,TRUE,0.017057138526578,0.000122612721156554,0.347300274849586,2023-01-12 11:38:40,2023-01-12 11:44:59,TRUE,FALSE,TRUE,FALSE,FALSE,FALSE,FALSE
"2023-01-12_PTR_TR_3_28",2023-01-12,"Jan","PTR","TR",3,28,2023-01-12 11:55:29.5,1213.06648613074,0.0325092825245772,8.67947369308613e-139,0.650926254255023,0.662734816361585,349.957197179295,0.0123837821858546,0.00015218304675164,6364.84091604519,0.0262929705348633,0,0.917171871146314,0.322827199519756,341.530268630092,0.918869726578022,0.320036951866937,350.012233053233,TRUE,0.0123656814903384,0.000154934993901054,0.349717021974815,2023-01-12 11:53:00,2023-01-12 11:57:59,TRUE,TRUE,TRUE,FALSE,FALSE,FALSE,FALSE
"2023-01-12_PTR_TR_4_29",2023-01-12,"Jan","PTR","TR",4,29,2023-01-12 12:07:29.5,1054.41061314981,0.00903497568052042,9.67401464799811e-106,0.549887759025035,0.580657863027775,321.809811630334,0.00929132970915653,0.000148654957142398,6391.46258993333,0.0256834154095046,2.16363339502428e-264,0.86724628559449,0.315343032836819,319.324486393522,0.868673476890155,0.314169184573908,321.945127433726,TRUE,0.00930976964855855,0.000148583905373705,0.301926209242127,2023-01-12 12:05:00,2023-01-12 12:09:59,TRUE,TRUE,TRUE,FALSE,FALSE,FALSE,FALSE
"2023-01-12_PTR_TR_4_30",2023-01-12,"Jan","PTR","TR",4,30,2023-01-12 12:18:29.5,1604.60127964393,0.0156159522972276,4.36370937794837e-127,0.618042777159629,0.918419198325455,244.969882982094,0.0167881402217086,0.000139434453403039,6403.27586668627,0.0240903704658636,0,0.960383080287597,0.295783499341629,239.019953983183,0.961034638785781,0.293832889156309,245.108489156262,TRUE,0.0167818487018267,0.00014651291379219,0.306289855590603,2023-01-12 12:16:00,2023-01-12 12:20:59,TRUE,TRUE,TRUE,FALSE,FALSE,FALSE,FALSE
"2023-01-12_PTR_TR_5_31",2023-01-12,"Jan","PTR","TR",5,31,2023-01-12 12:26:29.5,697.403081800189,0.0252277622291088,5.75733807884939e-146,0.66968361503693,0.431235968603096,593.507776987932,0.00735065751718842,0.000186427582812342,6413.95918224215,0.0322094677850037,1.81354570059591e-168,0.722202593028377,0.395470426944234,260.180075763976,0.841670348605167,0.299060123860852,594.03638314778,TRUE,0.00727642763860808,0.000198970759789883,0.371293973603023,2023-01-12 12:24:00,2023-01-12 12:28:59,TRUE,TRUE,TRUE,FALSE,FALSE,FALSE,FALSE
"2023-01-12_PTR_TR_6_32",2023-01-12,"Jan","PTR","TR",6,32,2023-01-12 12:39:44.5,NA,NA,NA,NA,NA,462.661383043851,0.0177526899879614,0.000204284898995883,6429.49055440221,0.0317563925401782,7.85346988003412e-319,0.93349726368918,0.370001348196229,271.823807743698,0.953640196971866,0.309501731506031,462.67896925352,TRUE,0.0177787668208851,0.000206077312247228,0.412263238742428,2023-01-12 12:37:30,2023-01-12 12:41:59,TRUE,FALSE,TRUE,FALSE,FALSE,FALSE,FALSE
"2023-01-12_PTR_TR_7_33",2023-01-12,"Jan","PTR","TR",7,33,2023-01-12 11:04:57,661.978487807484,0.0230187307923985,1.18838057437831e-156,0.689739604028543,0.414945036157827,769.85507464343,0.00670318526638209,0.000208458967625437,6372.5062653961,0.0366176437848878,2.77284699620758e-133,0.629720252027223,0.453306954741558,341.592275628405,0.817704088121833,0.318589416630083,770.671590726775,TRUE,0.00659656346395638,0.000213344992780067,0.456467295995527,2023-01-12 11:02:25,2023-01-12 11:07:29,TRUE,TRUE,TRUE,FALSE,FALSE,FALSE,FALSE
"2023-01-12_PTR_TR_8_34",2023-01-12,"Jan","PTR","TR",8,34,2023-01-12 11:18:54.5,896.33766361243,0.0195193367163895,1.04586492756307e-114,0.647076973705425,0.590611487741706,212.018730249752,0.0131163647351687,0.000184618424280706,6342.97585992522,0.0265674187524589,8.75378961476356e-263,0.910197563216981,0.297924317677787,177.460176628012,0.916862571518644,0.28723279180609,212.321465587087,TRUE,0.0132170762869295,0.000182039790076695,0.261014456128585,2023-01-12 11:16:50,2023-01-12 11:20:59,TRUE,TRUE,TRUE,FALSE,FALSE,FALSE,FALSE
"2023-01-12_PTR_UP_301_18",2023-01-12,"Jan","PTR","UP",301,18,2023-01-12 12:33:47,1181.95922575333,0.0185471641735795,3.64402591542511e-104,0.589527531575936,0.735170616223631,346.594969371261,0.0143223340836514,0.000189818909672293,6463.21542160025,0.0289596726688785,5.67621847644662e-285,0.91512752091434,0.334294759090333,302.102597177615,0.922548274766108,0.319952686631313,346.933712095297,TRUE,0.0142939570086628,0.00019067819904865,0.342440359821209,2023-01-12 12:31:35,2023-01-12 12:35:59,TRUE,TRUE,TRUE,FALSE,FALSE,FALSE,FALSE
"2023-01-12_PTR_UP_302_21",2023-01-12,"Jan","PTR","UP",302,21,2023-01-12 13:00:44.5,834.608238199714,0.0143547836605913,1.55352440357257e-116,0.624554110696761,0.522122317768954,384.405574508224,0.00998292189898141,0.000190006161633375,6533.56667093812,0.0295367414994468,5.36911145720995e-214,0.836893115131476,0.344139661401777,355.625656261926,0.846499754098793,0.334473612754308,384.41526026622,TRUE,0.00997796939838424,0.000202099076280337,0.344304095759287,2023-01-12 12:58:30,2023-01-12 13:02:59,TRUE,TRUE,TRUE,FALSE,FALSE,FALSE,FALSE
"2023-01-12_PTR_UP_303_20",2023-01-12,"Jan","PTR","UP",303,20,2023-01-12 13:20:49.5,843.171068071983,-0.014634506151871,1.16992791733935e-99,0.580058373112579,0.542243797545136,261.020585734391,-0.0103363695495916,0.000181014220717657,6488.54234461202,0.0270938443009407,1.1381804040178e-225,0.862915769280063,0.309808892664119,261.583248493392,0.863818943825294,0.309384468630701,261.259902479507,TRUE,-0.0103549460020258,0.000185583857881038,0.321795140802533,2023-01-12 13:18:40,2023-01-12 13:22:59,TRUE,TRUE,TRUE,TRUE,FALSE,FALSE,FALSE
"2023-01-12_PTR_UP_304_25",2023-01-12,"Jan","PTR","UP",304,25,2023-01-12 11:23:44.5,NA,NA,NA,NA,NA,1275.23016405063,-0.0485060905580044,0.0026844983138906,6370.71513699037,0.231321627238673,8.49554836497082e-50,0.522808540582022,2.01332899328224,910.761428929995,0.860273257540257,1.09312659420081,1275.25136741656,TRUE,-0.0488391647483118,0.00285829335021391,2.46155816651458,2023-01-12 11:22:30,2023-01-12 11:24:59,TRUE,FALSE,TRUE,TRUE,FALSE,FALSE,FALSE
"2023-01-12_PTR_UP_305_22",2023-01-12,"Jan","PTR","UP",305,22,2023-01-12 12:54:44.5,NA,NA,NA,NA,NA,348.351489551877,0.00826138219854427,0.000183767815645588,6529.27543314266,0.0285669813019806,2.49382538256435e-184,0.789761705636252,0.332840752684876,329.777442992518,0.798369294720629,0.326563514115641,348.866281996135,TRUE,0.00836681977459734,0.000192826804096385,0.305210961905576,2023-01-12 12:52:30,2023-01-12 12:56:59,TRUE,FALSE,TRUE,FALSE,FALSE,FALSE,FALSE
"2023-01-12_PTR_UP_306_23",2023-01-12,"Jan","PTR","UP",306,23,2023-01-12 12:43:47,2664.56168739012,0.0738632509604396,4.47390373283741e-125,0.657889976515709,2.97733585359067,343.420388319773,0.066273339195512,0.000189251273765661,6476.01338221292,0.0288730714441663,0,0.995712857160069,0.333295081508231,346.845213821906,0.995717507193462,0.333746975094882,343.529098854572,TRUE,0.0662334361538919,0.000194976989469446,0.293945740679061,2023-01-12 12:41:35,2023-01-12 12:45:59,TRUE,TRUE,TRUE,FALSE,FALSE,FALSE,FALSE
"2023-01-12_PTR_UP_307_24",2023-01-12,"Jan","PTR","UP",307,24,2023-01-12 13:29:39.359431,NA,NA,NA,NA,NA,2679.87145313293,0.0929113606839667,0.00136720077408135,6476.65199289921,0.220185482234384,1.18825962477445e-272,0.891854381723675,2.61622697259686,2002.85780719906,0.967808237943278,1.4299479958881,2685.28803294023,TRUE,0.0940741290584785,0.00137871950169111,2.36158935345702,2023-01-12 13:27:20,2023-01-12 13:31:59,TRUE,FALSE,TRUE,FALSE,FALSE,FALSE,FALSE
"2023-01-12_PTR_UP_308_19",2023-01-12,"Jan","PTR","UP",308,19,2023-01-12 13:09:29.5,1725.89065174993,0.0859158853081213,1.49464085723289e-178,0.742946846512157,1.01610137957006,1377.13144072267,0.0213783770628479,0.000358189647423636,6507.9985981665,0.0618851445455189,4.61510797992624e-254,0.856258358096367,0.759830764615012,355.309400261479,0.973994341890566,0.323732990748209,1379.21509710793,TRUE,0.0218026169926457,0.000365666487937542,0.872024792472962,2023-01-12 13:07:00,2023-01-12 13:11:59,TRUE,TRUE,TRUE,FALSE,FALSE,FALSE,FALSE
"2023-01-20_CRC_TR_311_43",2023-01-20,"Jan","CRC","TR",311,43,2023-01-20 12:14:29.5,1117.40236760318,-0.0633718482968724,9.39838566242876e-99,0.711837761045685,1.13594100731367,425.098565696657,-0.039747379441724,0.000440494861055258,5879.24231258152,0.045586784581778,2.58427121960145e-248,0.957882744131643,0.434277447389525,178.881564558825,0.97898134641425,0.30764949282215,426.090021608491,TRUE,-0.0393826976303999,0.000465231745081728,0.411244455474576,2023-01-20 12:13:00,2023-01-20 12:15:59,TRUE,TRUE,TRUE,TRUE,FALSE,FALSE,FALSE
"2023-01-20_CRC_TR_312_44",2023-01-20,"Jan","CRC","TR",312,44,2023-01-20 12:04:29.5,NA,NA,NA,NA,NA,1141.55795423711,-0.0243256776609108,0.000294344646802902,5789.43307183923,0.0508545156026061,0,0.919493280185872,0.624395818386308,363.144556662022,0.978147434527012,0.325853655283986,1141.68255476528,TRUE,-0.0243624014551579,0.000307789691134745,0.726493215870331,2023-01-20 12:02:00,2023-01-20 12:06:59,TRUE,FALSE,TRUE,TRUE,FALSE,FALSE,FALSE
"2023-01-20_CRC_TR_313_45",2023-01-20,"Jan","CRC","TR",313,45,2023-01-20 12:22:29.5,NA,NA,NA,NA,NA,368.225389448269,0.0120598584656045,0.000154517528784077,5755.21376468076,0.0266963036826953,9.40483699610692e-316,0.910607048382296,0.327779356234626,323.765139347207,0.917543180641393,0.315333935281623,368.27998718878,TRUE,0.0120272649053719,0.00015318685543366,0.33844857823212,2023-01-20 12:20:00,2023-01-20 12:24:59,TRUE,FALSE,TRUE,FALSE,FALSE,FALSE,FALSE
"2023-01-20_CRC_TR_314_46",2023-01-20,"Jan","CRC","TR",314,46,2023-01-20 11:47:29.5,NA,NA,NA,NA,NA,1095.21047399361,0.0382133518427227,0.000283192944665005,5749.61948058684,0.04892781363426,0,0.968201861975462,0.600739617200305,732.380619563833,0.982746333964956,0.443254939842697,1095.35710209764,TRUE,0.0381060852314623,0.000304292527496274,0.636528379072127,2023-01-20 11:45:00,2023-01-20 11:49:59,TRUE,FALSE,TRUE,FALSE,FALSE,FALSE,FALSE
"2023-01-20_CRC_TR_315_47",2023-01-20,"Jan","CRC","TR",315,47,2023-01-20 11:55:29.5,1651.23318746852,0.0212743892670262,9.22758748994243e-139,0.650854818578536,0.954811417728329,191.290101649129,0.0183402082978345,0.000133334561766935,5770.47690532852,0.0230364799407536,0,0.969361746213451,0.282843747008565,192.902226866446,0.969483437755365,0.282754707047799,191.338353003399,TRUE,0.0183279990053699,0.000136739068711256,0.276383837714446,2023-01-20 11:53:00,2023-01-20 11:57:59,TRUE,TRUE,TRUE,FALSE,FALSE,FALSE,FALSE
"2023-01-20_CRC_TR_316_48",2023-01-20,"Jan","CRC","TR",316,48,2023-01-20 11:31:29.5,NA,NA,NA,NA,NA,3192.98930173258,0.0147345216457293,0.00162664919886537,5765.17295526388,0.281039448015026,1.86744631345463e-18,0.120654283104522,3.45062486709019,2847.87178884943,0.50857191772715,2.58389801754005,3224.96959686466,TRUE,0.0238889183228215,0.000866726453027116,1.90761114194339,2023-01-20 11:29:00,2023-01-20 11:33:59,TRUE,FALSE,TRUE,FALSE,FALSE,FALSE,FALSE
"2023-01-20_CRC_UP_301_35",2023-01-20,"Jan","CRC","UP",301,35,2023-01-20 14:02:54.5,NA,NA,NA,NA,NA,968.674869789451,0.00497819846795041,0.000393447351363118,5742.64882400639,0.0566188373746302,5.17667997263267e-32,0.243267547956439,0.634917853695707,272.975924264989,0.813279682675141,0.316021028067739,984.382796796713,TRUE,0.00638056188440446,0.000369733796356623,0.534318476710599,2023-01-20 14:00:50,2023-01-20 14:04:59,TRUE,FALSE,TRUE,FALSE,FALSE,FALSE,FALSE
"2023-01-20_CRC_UP_302_36",2023-01-20,"Jan","CRC","UP",302,36,2023-01-20 14:09:59.5,NA,NA,NA,NA,NA,540.925715232211,0.0113913070072344,0.000278886259706235,5707.21715138551,0.0385228313834572,5.27500152625387e-158,0.777298617113332,0.423315903957464,467.323504168526,0.810543298396648,0.391262824968084,540.998765930869,TRUE,0.0114481983147096,0.00028937118733534,0.448466027754588,2023-01-20 14:08:00,2023-01-20 14:11:59,TRUE,FALSE,TRUE,FALSE,FALSE,FALSE,FALSE
"2023-01-20_CRC_UP_303_37",2023-01-20,"Jan","CRC","UP",303,37,2023-01-20 14:18:44.5,NA,NA,NA,NA,NA,473.803078483191,0.00402887779809188,0.000206403288869867,5703.07926175916,0.032085699408782,1.49230250019736e-64,0.414586647920266,0.373838181526701,229.823472512248,0.630150306273753,0.297696492913903,474.547219876615,TRUE,0.00389027387383574,0.00021341557053028,0.361411890928863,2023-01-20 14:16:30,2023-01-20 14:20:59,TRUE,FALSE,TRUE,FALSE,FALSE,FALSE,FALSE
"2023-01-20_CRC_UP_304_38",2023-01-20,"Jan","CRC","UP",304,38,2023-01-20 14:25:59.5,1759.59243358036,0.0440345767443211,7.95235703395721e-111,0.649281238593156,1.50652840968201,247.487080308469,0.0363652641585255,0.000205436869566764,5692.14070475178,0.0283771954007414,0,0.98497425344425,0.311828536258654,232.64341018418,0.985552700364407,0.306409085411944,247.490721312831,TRUE,0.036366097874151,0.000218670193626884,0.314112789715818,2023-01-20 14:24:00,2023-01-20 14:27:59,TRUE,TRUE,TRUE,FALSE,FALSE,FALSE,FALSE
"2023-01-20_CRC_UP_305_39",2023-01-20,"Jan","CRC","UP",305,39,2023-01-20 14:34:29.5,925.090772132932,0.0194014233578959,3.29543084000325e-132,0.632800967710104,0.521336221919273,309.503071332193,0.00924205626465943,0.000147138199784681,5718.80978848309,0.0254213621955216,1.66688967997417e-265,0.868379270954203,0.312125522472856,301.321306073998,0.871024614002423,0.309490994544484,309.707939715714,TRUE,0.00919225742587703,0.000152388727138665,0.313954736804639,2023-01-20 14:32:00,2023-01-20 14:36:59,TRUE,TRUE,TRUE,FALSE,FALSE,FALSE,FALSE
"2023-01-20_CRC_UP_306_40",2023-01-20,"Jan","CRC","UP",306,40,2023-01-20 14:31:59.5,NA,NA,NA,NA,NA,1603.0605557025,0.0219930710867416,0.000263422767372547,5666.88952768433,0.0546373154013404,0,0.906614009435368,0.734564199569719,474.92218960434,0.980618346113709,0.335112032058112,1603.45532742484,TRUE,0.0221038495782425,0.000278589099949078,0.877342916240389,2023-01-20 14:29:00,2023-01-20 14:34:59,TRUE,FALSE,TRUE,FALSE,FALSE,FALSE,FALSE
"2023-01-20_CRC_UP_307_41",2023-01-20,"Jan","CRC","UP",307,41,2023-01-20 14:15:29.5,627.24357881809,0.038926266296159,8.74355282297467e-86,0.659595086733991,0.575040556996096,283.807862147873,0.0176317089943973,0.000362006327474059,5674.11075298455,0.0374640113354928,5.25387639219725e-160,0.868875437718489,0.356896748937485,141.227063895306,0.912732436254334,0.291973547392251,284.233377517924,TRUE,0.0174671623415856,0.00039018294291156,0.359334043400728,2023-01-20 14:14:00,2023-01-20 14:16:59,TRUE,TRUE,TRUE,FALSE,FALSE,FALSE,FALSE
"2023-01-20_CRC_UP_308_42",2023-01-20,"Jan","CRC","UP",308,42,2023-01-20 14:02:29.5,2200.21352591371,0.0247034875881371,6.64918107050469e-133,0.634759554259072,1.50869070064167,361.250706608002,0.0285315422214382,0.000153622041399791,5699.86849022485,0.0265415885293853,0,0.982959074045512,0.325879751182388,325.412760326331,0.984053788414941,0.315767191653845,361.729532980734,TRUE,0.028631438434938,0.000158325265243584,0.336919815739789,2023-01-20 14:00:00,2023-01-20 14:04:59,TRUE,TRUE,TRUE,FALSE,FALSE,FALSE,FALSE
"2023-01-05_OWC_TR_120_10",2023-01-05,"Jan","OWC","TR",120,10,2023-01-05 13:22:29.5,3424.83631788366,0.100753073080639,7.13896511376137e-153,0.686780073318513,4.18606512758111,715.374055270774,0.0860761841465556,0.000206355023335948,5583.77590300889,0.0356523716938571,0,0.996574884659279,0.437742677074245,225.041411881351,0.998497324165869,0.290429951504167,715.586997199967,TRUE,0.0861002334420862,0.000210965134783794,0.470593691248132,2023-01-05 13:20:00,2023-01-05 13:24:59,TRUE,TRUE,TRUE,FALSE,FALSE,FALSE,FALSE
"2023-01-05_OWC_TR_121_11",2023-01-05,"Jan","OWC","TR",121,11,2023-01-05 13:33:29.5,650.033218319963,0.00701730842007455,7.96352967399843e-87,0.479423673660004,0.4145445903435,314.051230280347,0.00555188054192225,0.000147696931215532,5561.11755556787,0.0255178953466303,1.27118226778024e-159,0.702633157170686,0.313310764238975,317.972682385183,0.702672083855283,0.313815471205123,314.059239729547,TRUE,0.00554811483759934,0.000148589734308222,0.306001266566575,2023-01-05 13:31:00,2023-01-05 13:35:59,TRUE,TRUE,TRUE,FALSE,FALSE,FALSE,FALSE
"2023-01-05_OWC_TR_122_13",2023-01-05,"Jan","OWC","TR",122,13,2023-01-05 13:55:59.5,3126.67063470789,0.192123238052122,5.26455658962151e-120,0.678935045821351,6.25791917891875,1111.97247169927,0.158693498428813,0.000505548712456511,5551.95978410037,0.069831937315952,0,0.995172370248552,0.767362330555418,387.846244237793,0.998940893135831,0.360175246328409,1114.67534155685,TRUE,0.159388466174189,0.000544057131014807,0.809590183845331,2023-01-05 13:54:00,2023-01-05 13:57:59,TRUE,FALSE,TRUE,FALSE,FALSE,FALSE,FALSE
"2023-01-05_OWC_TR_123_12",2023-01-05,"Jan","OWC","TR",123,12,2023-01-05 13:43:29.5,2315.76835973477,0.03668722694933,1.03883282879583e-153,0.688791202016205,1.66119609801069,396.092841710836,0.0341089187903463,0.000158147860553239,5554.75707012129,0.0273235233913015,0,0.987307581250578,0.335480410086431,331.462189773228,0.988679441076098,0.317363053586328,396.099133302065,TRUE,0.0341172726506434,0.000163051291628226,0.332752141711109,2023-01-05 13:41:00,2023-01-05 13:45:59,TRUE,TRUE,TRUE,FALSE,FALSE,FALSE,FALSE
"2023-01-05_OWC_TR_124_14",2023-01-05,"Jan","OWC","TR",124,14,2023-01-05 13:07:29.5,912.496639078778,0.0282352695653909,3.90785682729069e-127,0.61818355176914,0.515893352185663,373.795335224382,0.00884424657321852,0.000155236407756105,5597.12037325594,0.0268205058460317,8.64871804133594e-244,0.844428647531871,0.329304320350453,336.834242102156,0.854694852572255,0.318786980905902,374.280107776676,TRUE,0.0088542332871701,0.000160884557288226,0.32383504601091,2023-01-05 13:05:00,2023-01-05 13:09:59,TRUE,TRUE,TRUE,FALSE,FALSE,FALSE,FALSE
"2023-01-05_OWC_TR_124_17",2023-01-05,"Jan","OWC","TR",124,17,2023-01-05 14:31:59.5,961.249965422601,0.0140768907883973,9.01736178225458e-87,0.557952429077168,0.655865986234761,234.916769872217,0.0134995369444589,0.000202764399069786,5581.11769127782,0.0280080444413474,6.12569167948254e-244,0.902658701377681,0.307772046471672,226.556858789511,0.905133225785832,0.304472548949159,235.186566152133,TRUE,0.0134653719305245,0.000208668958607317,0.313789628458786,2023-01-05 14:30:00,2023-01-05 14:33:59,TRUE,TRUE,TRUE,FALSE,FALSE,FALSE,FALSE
"2023-01-05_OWC_TR_126_15",2023-01-05,"Jan","OWC","TR",126,15,2023-01-05 14:07:42,2279.21169763457,0.0424095798698678,5.26328843154555e-131,0.661498587067545,1.91446660999074,240.396413036823,0.0412026373321706,0.000161129899415725,5544.09182125271,0.0255130255771738,0,0.991688904865227,0.299983024973013,222.583346858104,0.992012073094042,0.294631076354093,240.44799275138,TRUE,0.04121865227106,0.00016596697455667,0.309948512124369,2023-01-05 14:05:25,2023-01-05 14:09:59,TRUE,TRUE,TRUE,FALSE,FALSE,FALSE,FALSE
"2023-01-05_OWC_TR_128_9",2023-01-05,"Jan","OWC","TR",128,9,2023-01-05 11:57:29.5,NA,NA,NA,NA,NA,370.292725234739,0.00986828318358021,0.000154783957898275,5614.33255670806,0.0267423351756821,7.13545263250294e-269,0.871748853362248,0.328344534594785,328.43118683743,0.881186560536508,0.316562458142332,370.354295284759,TRUE,0.0099012459975758,0.000156441897345064,0.321820469583298,2023-01-05 11:55:00,2023-01-05 11:59:59,TRUE,FALSE,TRUE,FALSE,FALSE,FALSE,FALSE
"2023-01-05_OWC_UP_101_1",2023-01-05,"Jan","OWC","UP",101,1,2023-01-05 13:30:29.5,NA,NA,NA,NA,NA,2972.16049713268,-0.0436616226174626,0.00135323522557951,5613.33161275916,0.233801166899805,4.84889862706589e-133,0.635144674157835,2.87062946556896,2697.05271409715,0.770862727071858,2.27872609362459,2972.31639844719,TRUE,-0.0436557307765418,0.00149811527706777,3.1594364891626,2023-01-05 13:28:00,2023-01-05 13:32:59,TRUE,FALSE,TRUE,TRUE,FALSE,FALSE,FALSE
"2023-01-05_OWC_UP_102_2",2023-01-05,"Jan","OWC","UP",102,2,2023-01-05 13:22:59.5,1028.65266979423,0.0245966166335165,3.51184606548389e-93,0.584383691901487,0.703570179475848,311.730063963868,0.0149679222714624,0.000219655093062516,5599.06788254975,0.0303411724961929,2.63997720007057e-248,0.906667000640882,0.333410094769689,293.997867056466,0.910798458040694,0.326631290299247,312.048797658143,TRUE,0.0150227409704493,0.000221676622087246,0.342217191804013,2023-01-05 13:21:00,2023-01-05 13:24:59,TRUE,TRUE,TRUE,FALSE,FALSE,FALSE,FALSE
"2023-01-05_OWC_UP_103_3",2023-01-05,"Jan","OWC","UP",103,3,2023-01-05 13:06:39.5,NA,NA,NA,NA,NA,6924.56841031291,-0.108282514692236,0.0610443462284058,5633.37769306998,9.84187460235337,0.0766359649869052,0.00560724490261115,116.762691930149,6923.5367185109,0.0145020065326427,116.448178355675,6930.65307107095,TRUE,0.0171940850770461,0.00017682507519186,0.320203699095302,2023-01-05 13:04:20,2023-01-05 13:08:59,FALSE,FALSE,FALSE,TRUE,TRUE,TRUE,TRUE
"2023-01-05_OWC_UP_104_4",2023-01-05,"Jan","OWC","UP",104,4,2023-01-05 12:00:59.5,1608.79760280767,0.0121203605231476,3.014890619116e-173,0.666229832173111,0.737496585296683,299.603834842938,0.0119296735785243,0.000106546546253554,5649.67965744198,0.0220991424190224,0,0.945829961623952,0.29710901318933,262.906542347385,0.948806941803596,0.289232774381101,299.816187071404,TRUE,0.0118812499744858,0.000110388018006189,0.299081400044192,2023-01-05 11:58:00,2023-01-05 12:03:59,TRUE,TRUE,TRUE,FALSE,FALSE,FALSE,FALSE
"2023-01-05_OWC_UP_105_5",2023-01-05,"Jan","OWC","UP",105,5,2023-01-05 12:07:59.5,417.579069016142,0.0159129317524678,3.00633188093396e-66,0.461521793113675,0.372274925507129,235.670866691103,0.00580631962263726,0.000202923736630651,5661.53409257743,0.0280300538942216,1.18640690893426e-105,0.631378045901562,0.308013901784598,232.875034310816,0.636560218553949,0.306483023223766,235.973199837917,TRUE,0.00582003564106327,0.000206781808281231,0.28292584819911,2023-01-05 12:06:00,2023-01-05 12:09:59,TRUE,TRUE,TRUE,FALSE,FALSE,FALSE,FALSE
"2023-01-05_OWC_UP_106_6",2023-01-05,"Jan","OWC","UP",106,6,2023-01-05 11:48:24.5,1303.62353938966,0.0151400726613015,2.48939639891744e-134,0.626636489795934,0.690145781181558,248.111294281573,0.0121647402631547,0.000132219718141148,5637.6688985215,0.0236072373255693,0,0.931958800395496,0.294619089465586,242.3827500653,0.933018115790664,0.292790825122282,248.345992660154,TRUE,0.0121243275815757,0.000139079944228079,0.340114606732916,2023-01-05 11:45:50,2023-01-05 11:50:59,TRUE,TRUE,TRUE,FALSE,FALSE,FALSE,FALSE
"2023-01-05_OWC_UP_107_7",2023-01-05,"Jan","OWC","UP",107,7,2023-01-05 13:16:14.5,988.893909310449,0.0748556549344353,3.83920636315335e-133,0.76400933708469,0.781578178988798,673.340809041448,0.0249594873297151,0.000432093406994981,5621.15930003836,0.0522014022270548,2.27204514123147e-201,0.888672608299799,0.536816718141205,515.264829817675,0.924314988187111,0.443681614643645,681.874623876524,TRUE,0.0239579838531901,0.000414911029809587,0.48708039270901,2023-01-05 13:14:30,2023-01-05 13:17:59,TRUE,TRUE,TRUE,FALSE,FALSE,FALSE,FALSE
"2023-01-05_OWC_UP_108_8",2023-01-05,"Jan","OWC","UP",108,8,2023-01-05 12:56:44.5,NA,NA,NA,NA,NA,212.969101988616,0.0125716239745215,0.000162117118337536,5633.30020604663,0.0252013480815979,3.46914019723904e-294,0.917881001808323,0.293626952581478,197.704120130201,0.920759027038268,0.288973314434709,213.102899646079,TRUE,0.0126001260596882,0.000164048230180528,0.291179583821111,2023-01-05 12:54:30,2023-01-05 12:58:59,TRUE,FALSE,TRUE,FALSE,FALSE,FALSE,FALSE
"2023-02-10_OWC_TR_120_57",2023-02-10,"Feb","OWC","TR",120,57,2023-02-10 12:23:59.5,4725.96348854987,0.0424174909837329,7.96333305022918e-244,0.686935479915979,2.83040139417192,913.894751072958,0.0363615924835388,9.05298269918718e-05,5697.50228373216,0.0250491576189149,0,0.994096742194894,0.388666383055853,909.478758183735,0.994148267860618,0.387371023717585,913.955090276496,TRUE,0.0363457006367882,9.41994398061495e-05,0.405173800327548,2023-02-10 12:20:00,2023-02-10 12:27:59,TRUE,TRUE,TRUE,FALSE,FALSE,FALSE,FALSE
"2023-02-10_OWC_TR_121_58",2023-02-10,"Feb","OWC","TR",121,58,2023-02-10 12:11:59.5,1427.78086348552,0.0270380998903233,1.64811603939937e-235,0.776072760911794,0.65037907754722,1273.78664271785,0.011953401319842,0.000209578376693582,5695.19579454938,0.0434692869675679,7.22361066207689e-269,0.81919116527154,0.584417110406098,397.884180430196,0.946731052748287,0.317655125253352,1291.57906796339,TRUE,0.0111933169912845,0.000197808673332384,0.513032786227458,2023-02-10 12:09:00,2023-02-10 12:14:59,TRUE,TRUE,TRUE,FALSE,FALSE,FALSE,FALSE
"2023-02-10_OWC_TR_122_59",2023-02-10,"Feb","OWC","TR",122,59,2023-02-10 11:53:44.5,1686.10112927323,0.0297256562996238,1.10650144689991e-124,0.649819809214568,1.14862543122399,229.059821767308,0.0245626935578944,0.000164550553867899,5714.85427993904,0.0255796292678396,0,0.976424142307746,0.298034397436229,160.501079497274,0.979388376421508,0.27918847361094,229.506303900721,TRUE,0.0246722640388256,0.000165197069804168,0.273288819287781,2023-02-10 11:51:30,2023-02-10 11:55:59,TRUE,TRUE,TRUE,FALSE,FALSE,FALSE,FALSE
"2023-02-10_OWC_TR_123_60",2023-02-10,"Feb","OWC","TR",123,60,2023-02-10 12:01:59.5,4277.18004155362,0.0900158556137068,3.20948209375275e-182,0.684884200810362,4.70464133419676,689.860104775401,0.0804465546155731,0.000139713408489863,5710.53400586361,0.0289783819432021,0,0.997839042551528,0.389596044032787,393.110956313483,0.998576890543019,0.316603924621029,690.266187171387,TRUE,0.080365935774513,0.000142831011956859,0.374134026679789,2023-02-10 11:59:00,2023-02-10 12:04:59,TRUE,TRUE,TRUE,FALSE,FALSE,FALSE,FALSE
"2023-02-10_OWC_TR_124_61",2023-02-10,"Feb","OWC","TR",124,61,2023-02-10 11:45:59.5,NA,NA,NA,NA,NA,1114.85461486192,0.00997375191373214,0.000507068767849795,5830.85185732866,0.0700419040517484,1.53332022192077e-63,0.447326225173489,0.769669592388795,1062.92942527666,0.508109024769567,0.727637042063477,1133.54166995222,TRUE,0.0116261623437398,0.000387178037511,0.526935779998623,2023-02-10 11:44:00,2023-02-10 11:47:59,TRUE,FALSE,TRUE,FALSE,FALSE,FALSE,FALSE
"2023-02-10_OWC_TR_126_62",2023-02-10,"Feb","OWC","TR",126,62,2023-02-10 11:36:14.5,7481.16480014368,0.313835811106483,4.06912120033069e-257,0.72939888664281,15.4104083455618,4431.02584889447,0.226753353464289,0.000726357919721522,5839.32557177728,0.18839877183925,0,0.990869663495254,2.83069285884388,2270.22362805089,0.999176122355657,0.851265200779313,4431.02584889441,TRUE,0.226753353464289,0.000726357919721522,3.96196880030661,2023-02-10 11:32:30,2023-02-10 11:39:59,TRUE,FALSE,TRUE,FALSE,FALSE,FALSE,FALSE
"2023-02-10_OWC_TR_127_63",2023-02-10,"Feb","OWC","TR",127,63,2023-02-10 12:58:44.5,407.262799751375,0.0190021588280474,3.98756200667313e-52,0.539625962737354,0.47386978689915,144.102626195106,0.0144544864170941,0.00040749822574817,5798.45579115685,0.0351138803809956,5.62669447548419e-109,0.808509403105422,0.305616877598567,145.52577683532,0.810147167323192,0.305333478263818,144.352038661925,TRUE,0.014494708325982,0.00040137327312399,0.305278265450269,2023-02-10 12:57:30,2023-02-10 12:59:59,TRUE,TRUE,TRUE,FALSE,FALSE,FALSE,FALSE
"2023-02-10_OWC_TR_128_64",2023-02-10,"Feb","OWC","TR",128,64,2023-02-10 12:42:59.5,4405.00358787242,0.589288477595378,1.49814229828663e-112,0.655055156099361,23.6992773599375,1140.53136414634,0.581103372255451,0.000520814142058501,5838.45675516976,0.0719405660134466,0,0.999616186786507,0.790533422376408,1052.97887648393,0.999682835152696,0.720133924010595,1143.6475220046,TRUE,0.581894155472303,0.000528267295901825,0.7778243958496,2023-02-10 12:41:00,2023-02-10 12:44:59,TRUE,FALSE,TRUE,FALSE,FALSE,FALSE,FALSE
"2023-02-10_OWC_UP_101_49",2023-02-10,"Feb","OWC","UP",101,49,2023-02-10 12:33:36.5,NA,NA,NA,NA,NA,411.559976623413,0.012259387601861,0.000174990544371624,5758.56284256689,0.0288190354423387,2.90843566770561e-282,0.89594824908277,0.345529675205803,309.215058339581,0.913601467471401,0.315411191221519,411.802413519074,TRUE,0.0122451566252772,0.000180765591579051,0.344461147481601,2023-02-10 12:31:14,2023-02-10 12:35:59,TRUE,FALSE,TRUE,FALSE,FALSE,FALSE,FALSE
"2023-02-10_OWC_UP_102_50",2023-02-10,"Feb","OWC","UP",102,50,2023-02-10 12:26:29.5,1282.18708802965,0.0161471634768871,4.43543835738016e-128,0.620949288772476,0.702029507371328,246.586043013007,0.0126936083697288,0.000139622370243272,5728.50053742358,0.0241228372356433,0,0.932530998379415,0.296182128943085,239.966177865334,0.933714678208729,0.294064673608527,247.030076413304,TRUE,0.0127637680419969,0.00014467340784232,0.316043572699656,2023-02-10 12:24:00,2023-02-10 12:28:59,TRUE,TRUE,TRUE,FALSE,FALSE,FALSE,FALSE
"2023-02-10_OWC_UP_103_51",2023-02-10,"Feb","OWC","UP",103,51,2023-02-10 12:05:29.5,NA,NA,NA,NA,NA,173.158638362099,0.0231665416853512,0.000131335079852443,5715.149657628,0.0226910254358997,0,0.981143001542924,0.278602228910958,174.887229350925,0.981214253183512,0.278541556677233,173.232308318222,TRUE,0.0231517776612728,0.000137631578018697,0.298618680592913,2023-02-10 12:03:00,2023-02-10 12:07:59,TRUE,FALSE,TRUE,FALSE,FALSE,FALSE,FALSE
"2023-02-10_OWC_UP_104_52",2023-02-10,"Feb","OWC","UP",104,52,2023-02-10 11:44:29.5,466.987211751225,0.0336512585187804,1.10316375646908e-152,0.686324191192256,0.35589730004136,570.623059108507,0.00580133883056682,0.000182905983513244,5819.31004133152,0.0316010340035598,3.09979167621917e-130,0.627183474907642,0.388000028211754,327.514999309351,0.753036724728634,0.316320858236903,575.240702274408,TRUE,0.00552902199497845,0.000165546394682423,0.318552101824846,2023-02-10 11:42:00,2023-02-10 11:46:59,TRUE,TRUE,TRUE,FALSE,FALSE,FALSE,FALSE
"2023-02-10_OWC_UP_105_53",2023-02-10,"Feb","OWC","UP",105,53,2023-02-10 11:51:29.5,706.246338798404,0.0263893811643667,4.85982075892158e-131,0.629484437251836,0.434425649234416,282.392973425813,0.00743736759904547,0.000143851358161266,5723.84697039008,0.0248534879690431,7.91447569071949e-223,0.817185281461337,0.305153117206954,193.382174834371,0.843437518158553,0.282867819288844,283.00096777401,TRUE,0.00733594909809175,0.00014531059707069,0.288335901286971,2023-02-10 11:49:00,2023-02-10 11:53:59,TRUE,TRUE,TRUE,FALSE,FALSE,FALSE,FALSE
"2023-02-10_OWC_UP_106_54",2023-02-10,"Feb","OWC","UP",106,54,2023-02-10 11:36:29.5,716.564240375519,0.0120627717653941,2.22204624490205e-187,0.638575315167311,0.369800453925158,565.063234397095,0.00423428301336206,9.61625662161185e-05,5842.27167024134,0.023276539315231,3.21910305783795e-220,0.698220886131801,0.337911618044799,223.649585885239,0.799965747514476,0.275441635753296,565.331962094019,TRUE,0.00423659605909783,0.000102636509436476,0.343847128719294,2023-02-10 11:33:00,2023-02-10 11:39:59,TRUE,TRUE,TRUE,FALSE,FALSE,FALSE,FALSE
"2023-02-10_OWC_UP_107_55",2023-02-10,"Feb","OWC","UP",107,55,2023-02-10 12:19:59.5,948.796869468289,0.017911635635645,1.29365525592025e-105,0.631244704811379,0.647413053239158,241.558011884247,0.0146932756595152,0.000204171978334149,5716.54263252344,0.0282024747396241,1.24870591574152e-258,0.915502750735512,0.309908583027161,238.153185844965,0.916796263237027,0.308172730534818,242.85237167496,TRUE,0.0145256628604584,0.000203449496166974,0.246457732274874,2023-02-10 12:18:00,2023-02-10 12:21:59,TRUE,TRUE,TRUE,FALSE,FALSE,FALSE,FALSE
"2023-02-10_OWC_UP_108_56",2023-02-10,"Feb","OWC","UP",108,56,2023-02-10 11:57:59.5,1386.65929570217,0.118770077946115,6.00550496507492e-127,0.699689392648334,1.02156515700641,1677.83835697281,0.0179952891878896,0.000911496750591619,5725.62727011739,0.125905936228615,6.90815619279013e-64,0.44916222795763,1.38354277954539,1448.99849762041,0.660878889775596,1.08784900864612,1744.74095083514,TRUE,0.0114354331961882,0.000233319191733943,0.323533257977725,2023-02-10 11:56:00,2023-02-10 11:59:59,TRUE,TRUE,TRUE,FALSE,FALSE,FALSE,FALSE
"2023-02-21_CRC_TR_309_73",2023-02-21,"Feb","CRC","TR",309,73,2023-02-21 14:18:29.5,NA,NA,NA,NA,NA,2354.78421008452,0.0653646023096144,0.000808979218367866,5738.24563775943,0.139768963796447,4.94065645841247e-324,0.916087329152409,1.71609453950273,2227.8664868007,0.93253692441655,1.54130280059722,2391.01692379728,TRUE,0.0696391492811331,0.000194958524892051,0.38490237286295,2023-02-21 14:16:00,2023-02-21 14:20:59,TRUE,FALSE,TRUE,FALSE,FALSE,FALSE,FALSE
"2023-02-21_CRC_TR_311_75",2023-02-21,"Feb","CRC","TR",311,75,2023-02-21 13:44:59.5,241.49874348304,0.0368729322557643,1.19842413558349e-85,0.553149571407982,0.309889450507105,205.063341188904,0.00511071657587482,0.000196556001922919,5747.99778361556,0.0271504724809998,1.53943609817007e-93,0.585813299794099,0.298348443985407,142.850276667624,0.639182260383043,0.279048771691684,205.078240054321,TRUE,0.00512548840293654,0.000197635842241453,0.296918641087631,2023-02-21 13:43:00,2023-02-21 13:46:59,TRUE,TRUE,TRUE,FALSE,FALSE,FALSE,FALSE
"2023-02-21_CRC_TR_312_76",2023-02-21,"Feb","CRC","TR",312,76,2023-02-21 13:31:59.5,2591.28077214935,0.347284513883775,1.21007566522271e-157,0.77652406788647,3.58281912935081,2285.47229452694,0.102512337868473,0.00171649559649301,5756.21033718724,0.237101212888004,8.44424712947536e-224,0.881820727868672,2.60543450879879,1304.10886933492,0.984829355801304,0.935453036386922,2286.07280963258,TRUE,0.101422895823825,0.00175033868104269,3.3015767074936,2023-02-21 13:30:00,2023-02-21 13:33:59,TRUE,TRUE,TRUE,FALSE,FALSE,FALSE,FALSE
"2023-02-21_CRC_TR_313_77",2023-02-21,"Feb","CRC","TR",313,77,2023-02-21 13:51:14.5,NA,NA,NA,NA,NA,1244.63613079625,0.0230775451308289,0.000852996345376747,5741.81128987057,0.103050878820136,6.79331912690258e-94,0.636507779316489,1.0597308158347,588.031291596322,0.924593820277671,0.483830172211119,1244.68789968552,TRUE,0.0232656519171851,0.000905747576781817,1.23102879577155,2023-02-21 13:49:30,2023-02-21 13:52:59,TRUE,FALSE,TRUE,FALSE,FALSE,FALSE,FALSE
"2023-02-21_CRC_TR_314_78",2023-02-21,"Feb","CRC","TR",314,78,2023-02-21 13:07:19.5,1230.56545775404,0.0498348476430497,6.71010915851776e-92,0.646494340271773,1.12105988072186,756.954080747067,0.0307641458556155,0.000537101495633311,5707.67937221055,0.0617865182125422,2.68008516148561e-194,0.891811935227234,0.620183633731305,695.188426073489,0.908214262874394,0.572680200325761,757.071416415938,TRUE,0.0308988388663328,0.000549448192180164,0.671862725039104,2023-02-21 13:05:40,2023-02-21 13:08:59,TRUE,TRUE,TRUE,FALSE,FALSE,FALSE,FALSE
"2023-02-21_CRC_TR_315_79",2023-02-21,"Feb","CRC","TR",315,79,2023-02-21 13:15:29.5,NA,NA,NA,NA,NA,1831.34849693545,0.0193815462177679,0.000522997561251345,5707.16959225796,0.0903593387128631,4.91649895980372e-157,0.696652768123023,1.10943920271207,605.168244777231,0.960960353413497,0.398670307038089,1839.29299700805,TRUE,0.020626278889764,0.000526677013102859,1.20518575449476,2023-02-21 13:13:00,2023-02-21 13:17:59,TRUE,FALSE,TRUE,FALSE,FALSE,FALSE,FALSE
"2023-02-21_CRC_TR_316_80",2023-02-21,"Feb","CRC","TR",316,80,2023-02-21 14:27:29.5,NA,NA,NA,NA,NA,1756.74567308052,0.0399303110272716,0.000491473381861495,5725.34133582835,0.0849128429465787,0,0.916932144505629,1.04256669117541,1645.01088020028,0.931504606940155,0.948299429879126,1758.55487562764,TRUE,0.040498775475134,0.00051087053329617,1.08292507029499,2023-02-21 14:25:00,2023-02-21 14:29:59,TRUE,FALSE,TRUE,FALSE,FALSE,FALSE,FALSE
"2023-02-21_CRC_TR_316_83",2023-02-21,"Feb","CRC","TR",316,83,2023-02-21 14:33:59.5,NA,NA,NA,NA,NA,1701.23927095594,0.0354145596844084,0.000933988365278411,5742.84003422216,0.129012724928186,3.3789504457339e-146,0.750488236644256,1.41768235391034,1378.37788656473,0.87371454703267,1.01069602125626,1701.85858592585,TRUE,0.0352878598088894,0.000936941364733461,1.66674822554294,2023-02-21 14:32:00,2023-02-21 14:35:59,TRUE,FALSE,TRUE,FALSE,FALSE,FALSE,FALSE
"2023-02-21_CRC_TR_327_74",2023-02-21,"Feb","CRC","TR",327,74,2023-02-21 13:59:59.5,NA,NA,NA,NA,NA,5168.89367036674,-0.0166862717135969,0.000830331191323898,5737.60154869004,0.229748554465272,3.1679750337769e-75,0.296543137943983,3.56481208010364,3263.50594711232,0.903739215795118,1.3200683293992,5181.84800480085,TRUE,-0.0140584189735959,0.000785649864871341,3.75420488185597,2023-02-21 13:56:00,2023-02-21 14:03:59,TRUE,FALSE,TRUE,TRUE,FALSE,FALSE,FALSE
"2023-02-21_CRC_TR_327_82",2023-02-21,"Feb","CRC","TR",327,82,2023-02-21 14:09:29.5,NA,NA,NA,NA,NA,2053.68841200233,0.00993459055218065,0.000629458586636652,5734.27345918831,0.108752823817255,3.62549663342393e-47,0.29405821923849,1.33527588699944,1781.06196174016,0.554815551717204,1.06214551051787,2081.66590195147,TRUE,0.00805139174055263,0.000475437735989354,0.96197370740953,2023-02-21 14:07:00,2023-02-21 14:11:59,TRUE,FALSE,TRUE,FALSE,FALSE,FALSE,FALSE
"2023-02-21_CRC_UP_301_65",2023-02-21,"Feb","CRC","UP",301,65,2023-02-21 11:54:29.5,886.570837645906,0.0269442503851463,4.21411862247737e-73,0.599377298982466,0.824368237775727,186.974223362765,0.024268161508264,0.000316451669177675,5639.40422888625,0.0327495627049712,2.8550789200675e-224,0.942619979914125,0.311985076927823,183.436846366422,0.943808865110343,0.309602093894794,187.221035101636,TRUE,0.0243290096024006,0.00033753299620638,0.30080882020274,2023-02-21 11:53:00,2023-02-21 11:55:59,TRUE,TRUE,TRUE,FALSE,FALSE,FALSE,FALSE
"2023-02-21_CRC_UP_302_66",2023-02-21,"Feb","CRC","UP",302,66,2023-02-21 11:58:14.5,NA,NA,NA,NA,NA,1063.36790339937,0.037625774622589,0.00188587158819009,5641.29516827096,0.162504436037836,7.74048365472874e-57,0.57187493097431,1.41437225960019,812.0021264864,0.817235924923339,0.927227051203016,1063.81235999804,TRUE,0.0386071004058675,0.0019261289510042,1.74701172425618,2023-02-21 11:57:00,2023-02-21 11:59:29,TRUE,FALSE,TRUE,FALSE,FALSE,FALSE,FALSE
"2023-02-21_CRC_UP_302_81",2023-02-21,"Feb","CRC","UP",302,81,2023-02-21 12:02:29.5,1502.75375862543,-0.025448579646554,1.39001975303633e-17,0.114802579724808,0.843686512798209,1329.30672884331,0.00600123960518146,0.000344195104547223,5644.21133976802,0.0594672792750271,2.37227615207785e-55,0.337028295751022,0.730144021040186,912.242733126709,0.671361295501894,0.514929595795432,1331.30737149304,TRUE,0.00639231083393223,0.000346804220366011,0.82208055913386,2023-02-21 12:00:00,2023-02-21 12:04:59,TRUE,TRUE,TRUE,FALSE,FALSE,FALSE,FALSE
"2023-02-21_CRC_UP_303_67",2023-02-21,"Feb","CRC","UP",303,67,2023-02-21 12:10:44.5,NA,NA,NA,NA,NA,1072.32656603037,-0.0118055649247795,0.000359250667258598,5657.40277174701,0.0558460525758925,9.93322696421616e-131,0.667467540191305,0.650675756648831,599.116423422397,0.86258370164617,0.419059286381579,1072.80484785468,TRUE,-0.0120106072953333,0.000387726810889876,0.673589079143155,2023-02-21 12:08:30,2023-02-21 12:12:59,TRUE,FALSE,TRUE,TRUE,FALSE,FALSE,FALSE
"2023-02-21_CRC_UP_304_68",2023-02-21,"Feb","CRC","UP",304,68,2023-02-21 11:16:04.5,1857.63902685986,0.036017701004185,5.88897028658279e-185,0.70059742264247,0.909456043890132,1030.43244319657,0.0156544491470818,0.000188429547717666,5684.85432155552,0.0379948454125125,0,0.908158396749889,0.503701998984009,415.012830706793,0.962091315485165,0.324075645467992,1030.70887034516,TRUE,0.0157428730800349,0.00019491906252321,0.572676189212164,2023-02-21 11:13:10,2023-02-21 11:18:59,TRUE,TRUE,TRUE,FALSE,FALSE,FALSE,FALSE
"2023-02-21_CRC_UP_305_69",2023-02-21,"Feb","CRC","UP",305,69,2023-02-21 11:25:29.5,693.825485678992,0.0246193305820993,5.41056683068128e-80,0.633307558180388,0.630753693263478,166.006199980651,0.019125854107982,0.000307368782072603,5680.22980136573,0.0318095753079615,4.74332686585878e-194,0.915364078456712,0.303030391242119,156.400698191372,0.918503039872833,0.298192037208934,166.999972932662,TRUE,0.0194163479303708,0.000313270700376565,0.315106940325674,2023-02-21 11:24:00,2023-02-21 11:26:59,TRUE,TRUE,TRUE,FALSE,FALSE,FALSE,FALSE
"2023-02-21_CRC_UP_306_70",2023-02-21,"Feb","CRC","UP",306,70,2023-02-21 11:31:59.5,NA,NA,NA,NA,NA,265.964382270735,0.00292408198796676,0.000209429249734785,5652.80502720373,0.028928666771878,2.11605171707273e-37,0.28968571014785,0.317888490669991,188.043775807993,0.401132959882444,0.292499552594528,266.138461508745,TRUE,0.00293031136347446,0.000218310679698392,0.339910225010597,2023-02-21 11:30:00,2023-02-21 11:33:59,TRUE,FALSE,TRUE,FALSE,FALSE,FALSE,FALSE
"2023-02-21_CRC_UP_307_71",2023-02-21,"Feb","CRC","UP",307,71,2023-02-21 11:38:59.5,NA,NA,NA,NA,NA,197.187743701935,-0.00273134425610966,0.000674344287524352,5657.05610128283,0.0464278410429521,6.92335276837364e-05,0.064485640600956,0.361878554232293,80.4237479985359,0.434385257431975,0.282572865019004,198.045592562284,TRUE,-0.00216598451495032,0.000689289955935449,0.348595769085895,2023-02-21 11:38:00,2023-02-21 11:39:59,TRUE,FALSE,TRUE,TRUE,FALSE,FALSE,FALSE
"2023-02-21_CRC_UP_308_72",2023-02-21,"Feb","CRC","UP",308,72,2023-02-21 11:48:02,NA,NA,NA,NA,NA,635.620242610503,0.0109502997609746,0.000322152008499741,5642.12171008567,0.0435691982502824,1.73121155742754e-128,0.711715190400787,0.473786933809331,570.967333481759,0.750893903949409,0.441361397403436,636.605247149343,TRUE,0.0106533744601773,0.000303778703967833,0.433337332183646,2023-02-21 11:46:05,2023-02-21 11:49:59,TRUE,FALSE,TRUE,FALSE,FALSE,FALSE,FALSE
"2023-02-24_PTR_TR_12_91",2023-02-24,"Feb","PTR","TR",12,91,2023-02-24 10:35:59.5,NA,NA,NA,NA,NA,214.998331781214,0.00182606314546739,0.000198600711920938,5740.44443032526,0.0274329102696695,1.16116034375605e-18,0.150284921643737,0.301452068603035,201.646917881993,0.180452537924306,0.296673757880327,215.017135808792,TRUE,0.00185310457520563,0.00020010034827086,0.269354734187964,2023-02-24 10:34:00,2023-02-24 10:37:59,TRUE,FALSE,TRUE,FALSE,FALSE,FALSE,FALSE
"2023-02-24_PTR_TR_12_99",2023-02-24,"Feb","PTR","TR",12,99,2023-02-24 11:40:49.5,NA,NA,NA,NA,NA,303.884068415341,0.0108869986323597,0.000188630576928758,5738.67078663474,0.0282338451721759,9.5102846426184e-228,0.865424287376323,0.322844414815594,227.160555773647,0.884774689251578,0.299311846729338,303.922277665859,TRUE,0.0109170396670465,0.000195327211353987,0.30421850560507,2023-02-24 11:38:40,2023-02-24 11:42:59,TRUE,FALSE,TRUE,FALSE,FALSE,FALSE,FALSE
"2023-02-24_PTR_TR_551_92",2023-02-24,"Feb","PTR","TR",551,92,2023-02-24 10:45:24.5,NA,NA,NA,NA,NA,239.515797296899,0.00691052450055138,0.000131306359859381,5739.74183772453,0.0234441613031417,1.66024007293896e-230,0.817581447781072,0.292583895402906,233.560414264855,0.820487164059767,0.290715073805181,239.584926247482,TRUE,0.00691576521356873,0.000137683268856987,0.296230059527654,2023-02-24 10:42:50,2023-02-24 10:47:59,TRUE,FALSE,TRUE,FALSE,FALSE,FALSE,FALSE
"2023-02-24_PTR_TR_552_93",2023-02-24,"Feb","PTR","TR",552,93,2023-02-24 10:54:29.5,1317.52133507361,0.0153747616896526,8.98596227901575e-215,0.689057874365756,0.528834803731765,812.614595310412,0.00711578230233082,0.000111429506015765,5740.50482645783,0.0269719640366458,4.94065645841247e-324,0.829535450965921,0.391559066665262,539.104831879837,0.877494174303248,0.332336077144988,813.307409725385,TRUE,0.00720764488660686,0.000108623335227024,0.372477378649771,2023-02-24 10:51:00,2023-02-24 10:57:59,TRUE,TRUE,TRUE,FALSE,FALSE,FALSE,FALSE
"2023-02-24_PTR_TR_553_94",2023-02-24,"Feb","PTR","TR",553,94,2023-02-24 11:04:44.5,NA,NA,NA,NA,NA,320.826814969476,0.00818556548270317,0.000179143521289594,5745.20528377183,0.0278481278404077,2.41899612826419e-187,0.795112412844943,0.324465218543176,318.706900792794,0.797421331202374,0.323233172148263,320.949559920512,TRUE,0.00816146460126292,0.000187915563255394,0.311503690967058,2023-02-24 11:02:30,2023-02-24 11:06:59,TRUE,FALSE,TRUE,FALSE,FALSE,FALSE,FALSE
"2023-02-24_PTR_TR_554_95",2023-02-24,"Feb","PTR","TR",554,95,2023-02-24 11:11:59.5,NA,NA,NA,NA,NA,260.707786946475,0.0097148186906311,0.000208285628594089,5741.06341942789,0.0287706972669766,4.97807665425074e-180,0.819857739350195,0.316152610897827,246.691435632015,0.826493890774159,0.310925846916163,261.022496051722,TRUE,0.00959820686226931,0.000208866438005244,0.296670214358641,2023-02-24 11:10:00,2023-02-24 11:13:59,TRUE,FALSE,TRUE,FALSE,FALSE,FALSE,FALSE
"2023-02-24_PTR_TR_555_96",2023-02-24,"Feb","PTR","TR",555,96,2023-02-24 11:17:29.5,NA,NA,NA,NA,NA,198.964932545325,-0.000296191575624208,0.000321765908415046,5755.31676620856,0.033299532978744,0.357921560424054,0.00236132409443176,0.31722430774494,202.264143631718,0.00430147433162347,0.317804663684306,199.089648528112,TRUE,-0.000190078881549198,0.00033864755126012,0.338317910714864,2023-02-24 11:16:00,2023-02-24 11:18:59,TRUE,FALSE,TRUE,TRUE,FALSE,FALSE,FALSE
"2023-02-24_PTR_TR_556_97",2023-02-24,"Feb","PTR","TR",556,97,2023-02-24 11:23:59.5,397.577610803431,0.013589567357035,4.67237218921206e-93,0.583887606789424,0.364598874782349,107.938477565975,0.00715501844633802,0.000177642953183694,5743.12657360538,0.0245379945902077,9.4814578858957e-156,0.772411189316958,0.269640703661198,99.8660916843915,0.778063848439421,0.266829901615985,108.025239559838,TRUE,0.00718172490221312,0.00018768285396017,0.263989531041947,2023-02-24 11:22:00,2023-02-24 11:25:59,TRUE,TRUE,TRUE,FALSE,FALSE,FALSE,FALSE
"2023-02-24_PTR_TR_557_98",2023-02-24,"Feb","PTR","TR",557,98,2023-02-24 11:33:29.5,NA,NA,NA,NA,NA,244.333614019365,0.00964354575468335,0.000139360541487182,5739.52131035408,0.0240776005557634,1.29818031091214e-287,0.888980429290417,0.295626709361952,208.862069624279,0.896048900531585,0.286540426584222,244.454417442415,TRUE,0.00960352077098562,0.000143327066985015,0.300803724226273,2023-02-24 11:31:00,2023-02-24 11:35:59,TRUE,FALSE,TRUE,FALSE,FALSE,FALSE,FALSE
"2023-02-24_PTR_UP_1_84",2023-02-24,"Feb","PTR","UP",1,84,2023-02-24 12:04:29.5,632.811816837848,0.012327422109813,3.55023506664515e-64,0.550740484289065,0.579504968279205,480.673824297322,0.0139379157831188,0.000475842367329454,5750.03477256992,0.0492448957119842,4.40679628175467e-97,0.705583576415137,0.469126037358473,362.548089417968,0.790283415936682,0.397046546842153,484.184638591768,TRUE,0.0131635086980821,0.000449609847616724,0.464701958982696,2023-02-24 12:03:00,2023-02-24 12:05:59,TRUE,TRUE,TRUE,FALSE,FALSE,FALSE,FALSE
"2023-02-24_PTR_UP_2_85",2023-02-24,"Feb","PTR","UP",2,85,2023-02-24 12:11:14.5,NA,NA,NA,NA,NA,212.469491885051,0.0118833847665773,0.000249631406229464,5750.20978790568,0.0301580844190963,6.82469468853824e-171,0.844268945330347,0.310132739976362,194.623733141129,0.852162041401984,0.302896641388814,212.670601748459,TRUE,0.0118799038495817,0.000257634454249478,0.303003846079422,2023-02-24 12:09:30,2023-02-24 12:12:59,TRUE,FALSE,TRUE,FALSE,FALSE,FALSE,FALSE
"2023-02-24_PTR_UP_3_86",2023-02-24,"Feb","PTR","UP",3,86,2023-02-24 12:19:29.5,897.553525257376,0.0397186937678098,3.59783513848743e-94,0.508004926254163,0.509508974817227,997.190662547477,0.00542115086583862,0.000260980390521361,5759.36756637537,0.0450901060573048,1.44981437182754e-72,0.41912789750848,0.553619935991161,585.183059417086,0.709621688862319,0.392085706935498,997.324005239432,TRUE,0.00532664265214133,0.000275960315844565,0.597311435740437,2023-02-24 12:17:00,2023-02-24 12:21:59,TRUE,TRUE,TRUE,FALSE,FALSE,FALSE,FALSE
"2023-02-24_PTR_UP_3_87",2023-02-24,"Feb","PTR","UP",3,87,2023-02-24 12:27:29.5,NA,NA,NA,NA,NA,256.881563672721,-0.00187789062986998,0.000348718167893378,5761.9070896446,0.0360888205629112,1.31354464037364e-07,0.0749343539851853,0.343796146561834,159.620353746665,0.301745559012294,0.299528461456981,257.124093524033,TRUE,-0.00204337614140032,0.000350926461370734,0.343945800560997,2023-02-24 12:26:00,2023-02-24 12:28:59,TRUE,FALSE,TRUE,TRUE,FALSE,FALSE,FALSE
"2023-02-24_PTR_UP_4_100",2023-02-24,"Feb","PTR","UP",4,100,2023-02-24 12:23:59.5,NA,NA,NA,NA,NA,2099.13215782002,-0.00240461506174066,0.0014136577006832,5725.93721250857,0.195269918620975,0.0895955710928929,0.00601663711288399,2.14576289302129,1797.23339907413,0.474457328749497,1.56353150653682,2155.24154976962,TRUE,0.0068314113029588,0.000428917264384034,0.526430379517779,2023-02-24 12:22:00,2023-02-24 12:25:59,TRUE,FALSE,TRUE,TRUE,FALSE,FALSE,FALSE
"2023-02-24_PTR_UP_4_88",2023-02-24,"Feb","PTR","UP",4,88,2023-02-24 12:35:14.5,972.220820511609,0.0206480373961585,3.69827473543858e-153,0.652478505255924,0.50387069000887,768.44107523598,0.00773154219515448,0.000176433087368265,5773.12494841876,0.0335386104243663,2.65015177903077e-197,0.744794442400726,0.431790740028729,394.285488941528,0.856101769206584,0.324725964088056,768.620382971953,TRUE,0.00780253873985175,0.000184650897459425,0.472185524699998,2023-02-24 12:32:30,2023-02-24 12:37:59,TRUE,TRUE,TRUE,FALSE,FALSE,FALSE,FALSE
"2023-02-24_PTR_UP_550_90",2023-02-24,"Feb","PTR","UP",550,90,2023-02-24 11:57:14.5,NA,NA,NA,NA,NA,150.080031218302,0.0105865922796133,0.000231762302291669,5742.96590748078,0.0279993097953846,1.32501525735898e-164,0.833103106341335,0.287932832325092,134.741779647699,0.840613389670909,0.282055423796866,150.107148669176,TRUE,0.0106149646176135,0.000251443553826081,0.304418469031557,2023-02-24 11:55:30,2023-02-24 11:58:59,TRUE,FALSE,TRUE,FALSE,FALSE,FALSE,FALSE
"2023-02-24_PTR_UP_6_101",2023-02-24,"Feb","PTR","UP",6,101,2023-02-24 11:42:29.5,NA,NA,NA,NA,NA,6650.13139180703,-0.74478046876294,0.0290051654898783,5883.19903749449,5.01128067720186,1.41505012247131e-98,0.524390720730453,61.52890579189,6504.20367445549,0.62955049510474,54.3933746134153,6662.04934861439,TRUE,-0.805204281032522,0.0230591115694085,52.8749404462173,2023-02-24 11:40:00,2023-02-24 11:44:59,FALSE,FALSE,FALSE,TRUE,TRUE,TRUE,TRUE
"2023-02-24_PTR_UP_7_89",2023-02-24,"Feb","PTR","UP",7,89,2023-02-24 11:48:29.5,2898.00040527687,0.0637437877214174,4.90368192733371e-153,0.687172972072593,2.69859496750499,643.863354556268,0.0554166059260603,0.000194417099601693,5741.90989021005,0.0335898326417609,0,0.992693566022048,0.412418657287075,338.190687763332,0.995639292933187,0.319147532326923,644.238244387945,TRUE,0.0554553104681832,0.000194433348195368,0.416613309405215,2023-02-24 11:46:00,2023-02-24 11:50:59,TRUE,TRUE,TRUE,FALSE,FALSE,FALSE,FALSE
"2023-03-24_CRC_TR_1_110",2023-03-24,"Mar","CRC","TR",1,110,2023-03-24 13:44:29.5,NA,NA,NA,NA,NA,156.643064429301,0.129139547353575,0.000303397527105768,5675.14796399596,0.0313985903891845,0,0.998027889442952,0.299115188994813,160.29714041643,0.998029783533895,0.299810145033148,156.75107951787,TRUE,0.129041409924309,0.000320811717883017,0.313224409883704,2023-03-24 13:43:00,2023-03-24 13:45:59,TRUE,FALSE,TRUE,FALSE,FALSE,FALSE,FALSE
"2023-03-24_CRC_TR_3_112",2023-03-24,"Mar","CRC","TR",3,112,2023-03-24 13:28:59.5,NA,NA,NA,NA,NA,2808.73075161018,-0.0444538447748481,0.00296046295939983,5727.68873125535,0.40893163945065,4.98810306306913e-42,0.320516510500473,4.49362781483389,2249.21878769997,0.789949143095003,2.50368879445993,2808.73076774858,TRUE,-0.0444641028335424,0.00298489182734704,6.6758581092582,2023-03-24 13:27:00,2023-03-24 13:30:59,TRUE,FALSE,TRUE,TRUE,FALSE,FALSE,FALSE
"2023-03-24_CRC_TR_327_111",2023-03-24,"Mar","CRC","TR",327,111,2023-03-24 13:37:59.5,348.560158206564,0.055779979189073,8.42635684057643e-47,0.580576553319309,0.496045604411536,152.879028205323,0.0198711941390303,0.000614882362419585,5668.66264872474,0.0423339547923441,5.19414164382713e-89,0.814409435631985,0.329969044673343,146.154135333649,0.822520354891693,0.324042523822955,153.07387536287,TRUE,0.0196486358459788,0.000617593813916841,0.353533732460705,2023-03-24 13:37:00,2023-03-24 13:38:59,TRUE,TRUE,TRUE,FALSE,FALSE,FALSE,FALSE
"2023-03-24_CRC_TR_4_113",2023-03-24,"Mar","CRC","TR",4,113,2023-03-24 13:21:29.5,895.045432561604,0.0855982224485889,1.46391025291445e-90,0.679852819830828,0.834128603495055,876.489837284736,0.0236024982513303,0.000824544490227425,5730.66817807138,0.0853320557793621,1.42418563749049e-94,0.695936212143644,0.81290636539377,775.294024236724,0.772982543349182,0.704375618637293,883.063120977203,TRUE,0.0218247492606741,0.000814921771498632,0.779596061170848,2023-03-24 13:20:00,2023-03-24 13:22:59,TRUE,TRUE,TRUE,FALSE,FALSE,FALSE,FALSE
"2023-03-24_CRC_TR_5_114",2023-03-24,"Mar","CRC","TR",5,114,2023-03-24 13:54:29.5,NA,NA,NA,NA,NA,307.580124668496,0.0181424692598538,0.000146902606173925,5657.22370474496,0.025380658214375,0,0.96227187803983,0.311625755730052,302.821934643167,0.962818594892999,0.309878262494841,307.597597280488,TRUE,0.0181243369232489,0.000148239849780391,0.298957689633895,2023-03-24 13:52:00,2023-03-24 13:56:59,TRUE,FALSE,TRUE,FALSE,FALSE,FALSE,FALSE
"2023-03-24_CRC_TR_6_115",2023-03-24,"Mar","CRC","TR",6,115,2023-03-24 13:02:59.5,NA,NA,NA,NA,NA,1546.56092345229,-0.0128329789184658,0.000794998877438476,5796.04667049495,0.109813971250716,4.21170781670316e-47,0.352802085322709,1.20671297611624,435.151139970102,0.936636894402555,0.378367763296587,1555.9943680051,TRUE,-0.0106168101478578,0.000785702526892701,1.09743218911842,2023-03-24 13:01:00,2023-03-24 13:04:59,TRUE,FALSE,TRUE,TRUE,FALSE,FALSE,FALSE
"2023-03-24_CRC_TR_7_116",2023-03-24,"Mar","CRC","TR",7,116,2023-03-24 13:11:34.5,NA,NA,NA,NA,NA,369.168806811628,0.0494925981935961,0.000457507391524243,5719.71711743865,0.0447059873785216,2.51408699647278e-264,0.971928429587642,0.413988576961427,223.423876620765,0.981928591113419,0.333149925934693,369.331855095643,TRUE,0.049574479186183,0.000488519287711758,0.443805447561675,2023-03-24 13:10:10,2023-03-24 13:12:59,TRUE,FALSE,TRUE,FALSE,FALSE,FALSE,FALSE
"2023-03-24_CRC_TR_8_117",2023-03-24,"Mar","CRC","TR",8,117,2023-03-24 14:03:29.5,NA,NA,NA,NA,NA,405.520602014668,0.0479335429577165,0.000428678475220333,5652.07964750126,0.0443639075786243,1.64216896594672e-280,0.972163998319857,0.422627845245547,272.867110940253,0.980956284034443,0.350547635920783,405.645187444246,TRUE,0.0480842098095536,0.00044992597137865,0.459558766477227,2023-03-24 14:02:00,2023-03-24 14:04:59,TRUE,FALSE,TRUE,FALSE,FALSE,FALSE,FALSE
"2023-03-24_CRC_UP_1_102",2023-03-24,"Mar","CRC","UP",1,102,2023-03-24 10:36:44.5,NA,NA,NA,NA,NA,385.081779540209,-0.0101274043597691,0.000190125164738611,5650.2183823563,0.0295552407098239,1.08548294532599e-216,0.840610412529036,0.344355200140046,329.540277472944,0.857250777763775,0.326491809391341,385.595875185276,TRUE,-0.010254344494721,0.000184921384095516,0.319965521367693,2023-03-24 10:34:30,2023-03-24 10:38:59,TRUE,FALSE,TRUE,TRUE,FALSE,FALSE,FALSE
"2023-03-24_CRC_UP_2_103",2023-03-24,"Mar","CRC","UP",2,103,2023-03-24 10:46:59.5,NA,NA,NA,NA,NA,1161.50227605001,0.0252222014289113,0.000532316344382342,5643.28241260371,0.0735293764522486,1.02005964295473e-182,0.824461661114198,0.807992386397607,706.776198535594,0.932496587909978,0.5021050751085,1161.58548872173,TRUE,0.0252279170021373,0.000557256809998829,0.982627937612637,2023-03-24 10:45:00,2023-03-24 10:48:59,TRUE,FALSE,TRUE,FALSE,FALSE,FALSE,FALSE
"2023-03-24_CRC_UP_3_104",2023-03-24,"Mar","CRC","UP",3,104,2023-03-24 10:54:59.5,822.728135657402,0.0416945593787509,4.94819950434016e-154,0.768616199794239,0.567739624543133,532.021226214377,0.0158908576031309,0.000276311407577749,5654.71123403443,0.0381671645446267,6.36176568844555e-217,0.873727987438347,0.419407587149475,366.715594196801,0.911259325819509,0.352334008885792,548.585002626938,TRUE,0.0149040179418686,0.00021158871607284,0.304821339457788,2023-03-24 10:53:00,2023-03-24 10:56:59,TRUE,TRUE,TRUE,FALSE,FALSE,FALSE,FALSE
"2023-03-24_CRC_UP_4_105",2023-03-24,"Mar","CRC","UP",4,105,2023-03-24 11:02:29.5,676.843050989075,0.0198116595665643,3.57902202427673e-78,0.62463317578269,0.616050368976213,153.047859988891,0.0184328785884657,0.000301886336333514,5652.75391689393,0.0312421973542428,2.30837002108228e-191,0.912388076289886,0.297625328092643,113.779130393977,0.922310028000403,0.281052385486974,153.094119258108,TRUE,0.0184900970412796,0.000319405989661019,0.307730057424917,2023-03-24 11:01:00,2023-03-24 11:03:59,TRUE,TRUE,TRUE,FALSE,FALSE,FALSE,FALSE
"2023-03-24_CRC_UP_5_107",2023-03-24,"Mar","CRC","UP",5,107,2023-03-24 11:20:59.5,739.317643303905,0.0392574686660684,7.31514959531436e-126,0.696534616078578,0.520493279626329,385.629063979592,0.0125822427791167,0.000237231553308347,5660.15057522922,0.0327690261132245,2.17532667856039e-202,0.854755817863071,0.360089054016995,301.814066613753,0.87903896975689,0.329301536940997,387.051353321183,TRUE,0.0123821751672647,0.000239567603819789,0.373460286886336,2023-03-24 11:19:00,2023-03-24 11:22:59,TRUE,TRUE,TRUE,FALSE,FALSE,FALSE,FALSE
"2023-03-24_CRC_UP_6_106",2023-03-24,"Mar","CRC","UP",6,106,2023-03-24 11:14:14.5,508.298069403662,0.0197134342020078,1.40945237655928e-72,0.540461813985045,0.441058393083277,213.204564479203,0.00941010194909783,0.00024984995089225,5652.92967659029,0.0301844868998145,1.98829451022436e-136,0.772393454961539,0.3104042517068,212.181548066756,0.77509931703476,0.309294466895684,213.38267296209,TRUE,0.00940762672597704,0.000254225011443497,0.329274763106722,2023-03-24 11:12:30,2023-03-24 11:15:59,TRUE,TRUE,TRUE,FALSE,FALSE,FALSE,FALSE
"2023-03-24_CRC_UP_7_108",2023-03-24,"Mar","CRC","UP",7,108,2023-03-24 11:30:59.5,NA,NA,NA,NA,NA,1818.90462855368,0.00271465958184305,0.00105577678291487,5655.49103736683,0.14583547798174,0.0104347098801823,0.0136424699754246,1.6025425695324,1450.0292815343,0.546409297182604,1.0890176956075,1818.90522791202,TRUE,0.00269815076702672,0.00106749207391371,2.13153190604497,2023-03-24 11:29:00,2023-03-24 11:32:59,TRUE,FALSE,TRUE,FALSE,FALSE,FALSE,FALSE
"2023-03-24_CRC_UP_8_109",2023-03-24,"Mar","CRC","UP",8,109,2023-03-24 11:42:59.5,718.406727520483,0.0216627469597862,3.5401603737746e-107,0.636748674544041,0.509278374949236,290.245602814769,0.0112285928310707,0.000214793888524483,5657.54940981907,0.0296696895664264,7.93873031650229e-200,0.851127146685871,0.326031369136137,258.680886387487,0.861758874181603,0.31483335295571,290.322291456727,TRUE,0.0112439960482192,0.000218708380886346,0.343775481840952,2023-03-24 11:41:00,2023-03-24 11:44:59,TRUE,TRUE,TRUE,FALSE,FALSE,FALSE,FALSE
"2023-03-28_OWC_TR_120_125",2023-03-28,"Mar","OWC","TR",120,125,2023-03-28 14:09:59.5,1216.11932016424,0.0398315305804205,2.62156418549768e-133,0.717523337543472,0.855294103069274,545.899007074225,0.0223543275498243,0.000280334782219616,5642.9247278771,0.0387229172127014,2.70654523076513e-278,0.930083364041846,0.425514587455892,256.142833471947,0.962086335457578,0.314002094252303,546.038932068953,TRUE,0.0222698695847683,0.000295358419708061,0.416862371643959,2023-03-28 14:08:00,2023-03-28 14:11:59,TRUE,TRUE,TRUE,FALSE,FALSE,FALSE,FALSE
"2023-03-28_OWC_TR_121_129",2023-03-28,"Mar","OWC","TR",121,129,2023-03-28 14:40:44.5,2182.63506301436,0.0942602214202161,5.37570121222401e-128,0.659603047582242,1.8190594696883,950.154492230431,0.0392284812197231,0.000320825734252806,5625.44498952044,0.0498728393728619,0,0.965265236468382,0.581080416580256,927.99519538114,0.966907791099601,0.568232000152265,952.445064391186,TRUE,0.0395938909774802,0.000244709724776378,0.413996859725331,2023-03-28 14:38:30,2023-03-28 14:42:59,TRUE,TRUE,TRUE,FALSE,FALSE,FALSE,FALSE
"2023-03-28_OWC_TR_122_126",2023-03-28,"Mar","OWC","TR",122,126,2023-03-28 14:22:59.5,887.094084739135,0.0389002083137122,5.9840297947681e-80,0.633101457990351,0.824967550358308,254.991067070781,0.0252964320151673,0.000347803743206157,5636.93009259116,0.0359941868113784,1.56924560900256e-216,0.936613960388178,0.342894628623475,202.919877075176,0.945756111252682,0.318094233229127,255.045388170026,TRUE,0.0253462047591463,0.000351921898656014,0.369531656372509,2023-03-28 14:21:30,2023-03-28 14:24:29,TRUE,TRUE,TRUE,FALSE,FALSE,FALSE,FALSE
"2023-03-28_OWC_TR_123_127",2023-03-28,"Mar","OWC","TR",123,127,2023-03-28 14:16:59.5,2852.30751371042,0.123416104359096,4.87691232681868e-112,0.653349333528463,4.70230499335544,304.132822613403,0.114939274311297,0.000217923648292732,5652.06385835899,0.0301020063394005,0,0.998284644625036,0.33078196920823,255.262997839058,0.998463549621993,0.313714444596275,304.140125707319,TRUE,0.114957649548874,0.000225505778859575,0.352286216337165,2023-03-28 14:15:00,2023-03-28 14:18:59,TRUE,TRUE,TRUE,FALSE,FALSE,FALSE,FALSE
"2023-03-28_OWC_TR_124_128",2023-03-28,"Mar","OWC","TR",124,128,2023-03-28 14:28:14.5,NA,NA,NA,NA,NA,103.29361398851,0.0495110278804227,0.000380703767024747,5650.05870805737,0.0328050177675195,1.54898456956478e-264,0.982685840052446,0.285521480135274,83.3216362218994,0.984015522929033,0.275264095191472,103.346434030623,TRUE,0.0494365866966902,0.000388292023951605,0.312104266857113,2023-03-28 14:27:00,2023-03-28 14:29:29,TRUE,FALSE,TRUE,FALSE,FALSE,FALSE,FALSE
"2023-03-28_OWC_TR_126_130",2023-03-28,"Mar","OWC","TR",126,130,2023-03-28 13:43:59.5,NA,NA,NA,NA,NA,1633.09523624948,0.444704067408408,0.000869989038192046,5660.090633272,0.120172435382908,0,0.998173921372198,1.32053904886988,1542.29218860162,0.998501200443383,1.19887460559971,1633.40197952334,TRUE,0.445182832384649,0.000913650571455072,1.46934266303008,2023-03-28 13:42:00,2023-03-28 13:45:59,TRUE,FALSE,TRUE,FALSE,FALSE,FALSE,FALSE
"2023-03-28_OWC_TR_127_131",2023-03-28,"Mar","OWC","TR",127,131,2023-03-28 14:00:39.5,3541.849812195,0.131267817743287,6.03488686897363e-139,0.676732477352067,5.69654094204122,663.645690737423,0.123616632567918,0.000227977353058338,5644.30746825041,0.0367556483049454,0,0.998105736692483,0.436064125293469,593.08277059063,0.998341884137204,0.408711940976507,669.94095497759,TRUE,0.123201103507839,0.000174026698609653,0.302830952924968,2023-03-28 13:58:20,2023-03-28 14:02:59,TRUE,FALSE,TRUE,FALSE,FALSE,FALSE,FALSE
"2023-03-28_OWC_TR_128_132",2023-03-28,"Mar","OWC","TR",128,132,2023-03-28 13:53:59.5,4756.73455490571,0.891461148833039,1.9526854134739e-115,0.664500571281624,34.1865051700243,1783.13158239457,0.849838992379862,0.00101715874199411,5640.62277375085,0.140501130279143,0,0.999315718529275,1.54392501369205,1103.28224546157,0.999835372849784,0.758874597430525,1787.31957837029,TRUE,0.847920783328748,0.00105108234732152,1.54327645393978,2023-03-28 13:52:00,2023-03-28 13:55:59,TRUE,FALSE,TRUE,FALSE,FALSE,FALSE,FALSE
"2023-03-28_OWC_UP_102_118",2023-03-28,"Mar","OWC","UP",102,118,2023-03-28 14:52:44.5,1135.48029518188,0.0380943243519792,1.84802029090565e-88,0.614112086814464,0.930593713603537,602.14631452055,0.0232786385307576,0.000396980211416995,5634.15134156669,0.0479593610013135,8.42844234435033e-204,0.891613435689444,0.49319339478454,398.204111295129,0.93393734221953,0.385965976897469,603.530636872195,TRUE,0.0228498378308018,0.000407221661652586,0.54195517530693,2023-03-28 14:51:00,2023-03-28 14:54:29,TRUE,TRUE,TRUE,FALSE,FALSE,FALSE,FALSE
"2023-03-28_OWC_UP_103_119",2023-03-28,"Mar","OWC","UP",103,119,2023-03-28 13:11:59.5,1375.2027180096,0.031447260557885,5.22008706075937e-113,0.656571803456243,1.00944632125442,179.894423697136,0.0244551578454898,0.000191469737111142,5650.93299675947,0.0264479017558516,0,0.971532803002167,0.290628103840889,165.736700185909,0.972589563056716,0.285781233409772,179.961195031382,TRUE,0.0244059823036769,0.000186188982770325,0.290160358615588,2023-03-28 13:10:00,2023-03-28 13:13:59,TRUE,TRUE,TRUE,FALSE,FALSE,FALSE,FALSE
"2023-03-28_OWC_UP_104_120",2023-03-28,"Mar","OWC","UP",104,120,2023-03-28 13:27:04.458874,873.836966784482,0.0153475213019302,3.25415087141413e-96,0.610426642188201,0.62030013095632,266.622774122982,0.0141627768941689,0.000225772175132458,5650.94475174725,0.0298586493751764,1.39850086809018e-227,0.895338037531799,0.321515330209815,269.793824301003,0.895525660317435,0.321927622931097,266.716743757116,TRUE,0.0140953705524382,0.000226910457129424,0.277226956346843,2023-03-28 13:25:10,2023-03-28 13:28:59,TRUE,TRUE,TRUE,FALSE,FALSE,FALSE,FALSE
"2023-03-28_OWC_UP_105_122",2023-03-28,"Mar","OWC","UP",105,122,2023-03-28 13:32:59.5,1237.1864742369,0.0548177227606815,7.31698211247057e-133,0.716308583744228,0.874270952703753,429.015415358649,0.0230116759979711,0.000248198988733881,5637.07414671569,0.0342839686781677,1.1041855353812e-307,0.9473220280318,0.376736306004761,280.41738602992,0.961668009147382,0.322043183798322,430.560715534273,TRUE,0.0227225352078228,0.000256841619071412,0.376284406769913,2023-03-28 13:31:00,2023-03-28 13:34:59,TRUE,TRUE,TRUE,FALSE,FALSE,FALSE,FALSE
"2023-03-28_OWC_UP_106_121",2023-03-28,"Mar","OWC","UP",106,121,2023-03-28 13:37:29.5,NA,NA,NA,NA,NA,321.128209460571,0.0131279199239642,0.000381265318427036,5644.97065314381,0.0394571230592767,1.19977431464852e-115,0.768074238566003,0.375883906722529,171.885187511313,0.848476267072397,0.304674481924099,323.369505803035,TRUE,0.0136795898930824,0.000374323826299123,0.338934986441246,2023-03-28 13:36:00,2023-03-28 13:38:59,TRUE,FALSE,TRUE,FALSE,FALSE,FALSE,FALSE
"2023-03-28_OWC_UP_107_123",2023-03-28,"Mar","OWC","UP",107,123,2023-03-28 13:00:57.296748,4941.06677287929,0.0222228659908634,0.0450473889546141,0.00817246846877066,36.5400854889188,4936.90059339514,0.0674248795877075,0.023490421254964,5635.93680525339,3.20668786149881,0.00427798778509164,0.0165356507204005,36.3857046571548,4939.25764547302,0.0198142806006407,36.3993638706385,4945.19569860699,TRUE,0.0161882259228493,0.000245812224583695,0.359102341488609,2023-03-28 12:59:00,2023-03-28 13:02:59,FALSE,FALSE,FALSE,FALSE,TRUE,FALSE,TRUE
"2023-03-28_OWC_UP_108_124",2023-03-28,"Mar","OWC","UP",108,124,2023-03-28 13:19:44.5,1290.45677704271,0.0205479466522106,3.88527838576745e-116,0.623273953567835,0.796306264363399,233.093528120931,0.0161669499418242,0.000165166285054011,5636.54309535901,0.025675345599989,0,0.946832986055175,0.299149611385511,209.063231358727,0.949522372998264,0.292028687362535,233.260635005014,TRUE,0.0161001621466474,0.000166739252990466,0.298568666243948,2023-03-28 13:17:30,2023-03-28 13:21:59,TRUE,TRUE,TRUE,FALSE,FALSE,FALSE,FALSE
"2023-04-14_CRC_TR_309_138",2023-04-14,"Apr","CRC","TR",309,138,2023-04-14 10:46:19.5,2717.49644478353,0.262412604905217,5.42341558119946e-99,0.674312185381635,7.19177702640817,801.754063403479,0.21743227164114,0.000568037285398503,5460.02816873073,0.0653452771310826,0,0.997290989754193,0.655904760305905,205.280543675035,0.999396253248211,0.310425082881966,810.505922267132,TRUE,0.21600161151837,0.000534356951647611,0.645689438231059,2023-04-14 10:44:40,2023-04-14 10:47:59,TRUE,FALSE,TRUE,FALSE,FALSE,FALSE,FALSE
"2023-04-14_CRC_TR_311_140",2023-04-14,"Apr","CRC","TR",311,140,2023-04-14 10:32:29.5,3680.22862248437,2.15612299701546,2.93438828477376e-95,0.698604592148531,39.9225887715,2604.10433458983,1.38498967367035,0.009084234162743,5407.34915948326,0.940126803920749,0,0.98483198526484,8.9560137301803,1373.27175725987,0.999508798857201,1.61620549261888,2604.93936828817,TRUE,1.38699225588644,0.00956440874715838,9.65321820426987,2023-04-14 10:31:00,2023-04-14 10:33:59,TRUE,FALSE,TRUE,FALSE,FALSE,FALSE,FALSE
"2023-04-14_CRC_TR_312_141",2023-04-14,"Apr","CRC","TR",312,141,2023-04-14 10:21:59.5,5768.1682776798,0.27881798148251,5.06984213895036e-192,0.704072883360539,13.2494764264291,2478.51038559303,0.233681750095708,0.000483819301416317,5366.33583781604,0.100350429207033,0,0.996931637898287,1.34914814473358,1082.29485209652,0.999561151002643,0.510939644726648,2486.62219235307,TRUE,0.23292181047364,0.000488160639319616,1.3619866817042,2023-04-14 10:19:00,2023-04-14 10:24:59,TRUE,FALSE,TRUE,FALSE,FALSE,FALSE,FALSE
"2023-04-14_CRC_TR_313_142",2023-04-14,"Apr","CRC","TR",313,142,2023-04-14 11:03:29.5,NA,NA,NA,NA,NA,2339.35997869365,0.029921167052808,0.000798647524415585,5858.67818427224,0.137983936288712,5.14395964115035e-159,0.701240648246279,1.69417782869884,1050.86832012836,0.965343488106204,0.577987074881995,2339.4065427571,TRUE,0.0300753485781002,0.000843901861059577,2.07155019901387,2023-04-14 11:01:00,2023-04-14 11:05:59,TRUE,FALSE,TRUE,FALSE,FALSE,FALSE,FALSE
"2023-04-14_CRC_TR_314_143",2023-04-14,"Apr","CRC","TR",314,143,2023-04-14 09:58:29.5,NA,NA,NA,NA,NA,4463.70286178007,0.00852873848421981,0.000372329000716036,5557.51647219774,0.115919458702918,6.20134183853473e-95,0.32738747259928,1.90739717295967,1946.51196528632,0.934847321913459,0.594193695398778,4495.64692609907,TRUE,0.0103076629908827,0.000349244869771433,1.97522812155165,2023-04-14 09:54:00,2023-04-14 10:02:59,TRUE,FALSE,TRUE,FALSE,FALSE,FALSE,FALSE
"2023-04-14_CRC_TR_315_144",2023-04-14,"Apr","CRC","TR",315,144,2023-04-14 10:11:59.5,1642.88575948953,0.0735584125364326,1.59010829685123e-261,0.810475078473168,0.755163127727627,1718.88524368684,0.0148093261352646,0.000285486297491401,5492.52238446161,0.0592135791237009,4.61712028343874e-245,0.789375828608555,0.796089175193855,467.182018218874,0.963179928802819,0.333315597351918,1720.47095287752,TRUE,0.0145237627757132,0.000292432358693667,0.916744095563194,2023-04-14 10:09:00,2023-04-14 10:14:59,TRUE,TRUE,TRUE,FALSE,FALSE,FALSE,FALSE
"2023-04-14_CRC_TR_316_145",2023-04-14,"Apr","CRC","TR",316,145,2023-04-14 11:15:44.5,4210.82309876216,0.436302860970146,1.74411095622533e-123,0.646215145363238,11.8968240455668,2948.87833155925,0.251728704075446,0.00204176174240323,6263.09957811225,0.317394911146036,0,0.96581611893649,3.6980442563202,2497.06798703502,0.985302741373031,2.42934016823746,2949.58338057008,TRUE,0.252128337410289,0.00226322164886074,3.92934231452805,2023-04-14 11:13:30,2023-04-14 11:17:59,TRUE,FALSE,TRUE,FALSE,FALSE,FALSE,FALSE
"2023-04-14_CRC_TR_327_139",2023-04-14,"Apr","CRC","TR",327,139,2023-04-14 10:54:49.5,919.260717664398,0.351081661908181,1.2304118344034e-99,0.80158491598486,1.24044281116692,835.859878107681,0.063402074496034,0.00158049049944736,6045.4923684941,0.127064948902103,1.24692582369393e-117,0.852695616946711,1.06880195292639,205.37393271153,0.984720992225122,0.345465622385673,839.850576096378,TRUE,0.0609699571435156,0.00145695886264923,1.15153889169889,2023-04-14 10:53:40,2023-04-14 10:55:59,TRUE,TRUE,TRUE,FALSE,FALSE,FALSE,FALSE
"2023-04-14_CRC_UP_301_133",2023-04-14,"Apr","CRC","UP",301,133,2023-04-14 13:59:29.5,1664.91052875729,-0.0745742000888886,1.60742954582359e-63,0.546942755095604,2.42999546324134,959.640024156828,-0.0670364246350502,0.000925484580777907,5592.86020116085,0.095778339199256,6.21760183782079e-216,0.936124635757101,0.912421725819353,715.802245896524,0.967911571637504,0.648514454836044,960.08786241858,TRUE,-0.0666459138398827,0.000962134157300116,1.05336683434686,2023-04-14 13:58:00,2023-04-14 14:00:59,TRUE,TRUE,TRUE,TRUE,FALSE,FALSE,FALSE
"2023-04-14_CRC_UP_302_134",2023-04-14,"Apr","CRC","UP",302,134,2023-04-14 14:07:59.5,NA,NA,NA,NA,NA,2417.87498605063,-0.0194653962982078,0.00197033630002037,5569.60192765513,0.272164477139685,4.54543282719261e-21,0.169560887790621,2.99073426142221,1588.49267767088,0.853687979313356,1.25798193431818,2417.96084788081,TRUE,-0.0199300689197448,0.00193238242503336,4.3990227211284,2023-04-14 14:06:00,2023-04-14 14:09:59,TRUE,FALSE,TRUE,TRUE,FALSE,FALSE,FALSE
"2023-04-14_CRC_UP_306_135",2023-04-14,"Apr","CRC","UP",306,135,2023-04-14 14:23:29.5,3293.99936078603,0.0949279825142057,3.54195552657957e-148,0.675255707035661,3.7536563242144,1564.76337128762,0.0752391343015067,0.000418812166603658,5570.8722291693,0.0723590188999389,0,0.981808069815976,0.888429833384203,852.559745802435,0.994485916861886,0.489945598442759,1565.90709086411,TRUE,0.0756208558186392,0.000435746389652454,1.02486265211696,2023-04-14 14:21:00,2023-04-14 14:25:59,TRUE,TRUE,TRUE,FALSE,FALSE,FALSE,FALSE
"2023-04-14_CRC_UP_307_136",2023-04-14,"Apr","CRC","UP",307,136,2023-04-14 14:33:59.5,2568.2601435336,0.10997456911478,6.15074762127469e-123,0.687870287632421,3.49792569890241,727.839300509981,0.0898771482978641,0.000338832430115916,5528.72020795964,0.0468032544391095,0,0.993252252425387,0.514307003133495,266.9509497499,0.997438248103197,0.317557247744374,728.071316772601,TRUE,0.0897271387036826,0.000345473618107554,0.524337557105319,2023-04-14 14:32:00,2023-04-14 14:35:59,TRUE,TRUE,TRUE,FALSE,FALSE,FALSE,FALSE
"2023-04-14_CRC_UP_308_137",2023-04-14,"Apr","CRC","UP",308,137,2023-04-14 13:50:59.5,NA,NA,NA,NA,NA,293.509177330788,-0.000753069590613643,0.000215525335138842,5603.65072210222,0.0297707250015197,0.000519892234600611,0.0249053383291825,0.327141617396773,255.454710979175,0.106701239092091,0.313777099999406,293.525486361895,TRUE,-0.00076540038833355,0.000216290755505543,0.307257838002132,2023-04-14 13:49:00,2023-04-14 13:52:59,TRUE,FALSE,TRUE,TRUE,FALSE,FALSE,FALSE
"2023-04-21_OWC_TR_120_154",2023-04-21,"Apr","OWC","TR",120,154,2023-04-21 10:58:59.5,3439.14775180082,0.0876795075347369,1.43182261707483e-181,0.683569683446781,2.62894512209995,878.100725292995,0.067058334768639,0.000238838078400282,5407.30731223312,0.0329909369929325,0,0.990974144522871,0.444003777790902,209.284932334436,0.996454685366072,0.278660607963742,885.127718813142,TRUE,0.0675984699180447,0.000247420390457788,0.441289260083261,2023-04-21 10:57:00,2023-04-21 11:00:59,TRUE,TRUE,TRUE,FALSE,FALSE,FALSE,FALSE
"2023-04-21_OWC_TR_121_156",2023-04-21,"Apr","OWC","TR",121,156,2023-04-21 10:49:29.5,4418.89494084734,0.072355827331016,4.72517369779722e-236,0.698544006025754,2.8116798462369,1151.12346195892,0.0588303411949003,0.000176151267004609,5406.29333074027,0.0304340080704889,0,0.992013386323075,0.457651873872822,123.063021090242,0.99746287125419,0.258231562240147,1151.60845352349,TRUE,0.0588362872786286,0.000182692963646995,0.487926871033448,2023-04-21 10:47:00,2023-04-21 10:51:59,TRUE,TRUE,TRUE,FALSE,FALSE,FALSE,FALSE
"2023-04-21_OWC_TR_122_155",2023-04-21,"Apr","OWC","TR",122,155,2023-04-21 11:26:59.5,NA,NA,NA,NA,NA,1304.51490208502,0.0699151553379924,0.000321149511369321,5473.14570668407,0.0443606956054115,0,0.985076649266756,0.597022037854045,659.646202330588,0.993939934418207,0.380979460553484,1307.45641120768,TRUE,0.069527885380623,0.000334957581000567,0.643462257495013,2023-04-21 11:25:00,2023-04-21 11:28:59,TRUE,FALSE,TRUE,FALSE,FALSE,FALSE,FALSE
"2023-04-21_OWC_TR_123_157",2023-04-21,"Apr","OWC","TR",123,157,2023-04-21 11:34:24.5,2122.20518060626,0.319138700863067,2.69583109490512e-68,0.605902111919512,5.99228300516193,130.122687016725,0.299558401164186,0.000507828697461407,5584.37371655559,0.0320314737276189,0,0.999058248925635,0.292926272047005,121.130541882618,0.999094605418244,0.288096067216079,130.305702707258,TRUE,0.29976088866262,0.00050052120280196,0.274757504701636,2023-04-21 11:33:30,2023-04-21 11:35:19,TRUE,FALSE,TRUE,FALSE,FALSE,FALSE,FALSE
"2023-04-21_OWC_TR_124_158",2023-04-21,"Apr","OWC","TR",124,158,2023-04-21 11:18:29.5,3375.00216083521,0.190585453283422,1.79509119775207e-120,0.636983287721833,5.48689873085727,1591.93250173245,0.173764668367219,0.000871844141517727,5460.4125286489,0.0902270936215714,0,0.986637289592451,1.05271524777629,751.822249090461,0.997200891740163,0.48270547636698,1595.4912770028,TRUE,0.175227501302393,0.000938236126985429,1.13762792835451,2023-04-21 11:17:00,2023-04-21 11:19:59,TRUE,FALSE,TRUE,FALSE,FALSE,FALSE,FALSE
"2023-04-21_OWC_TR_126_159",2023-04-21,"Apr","OWC","TR",126,159,2023-04-21 11:11:54.5,3667.64219266423,1.17358286758298,1.80746866670989e-83,0.619690577447327,26.5238740260772,783.186346746858,1.14303994528317,0.000886614758456825,5424.76504224117,0.0661613058140714,0,0.999766612575293,0.657063192827556,584.24447565264,0.999861296845881,0.507848054147362,783.23561963208,TRUE,1.1432286774369,0.000955959207749276,0.633577656406317,2023-04-21 11:10:50,2023-04-21 11:12:59,TRUE,FALSE,TRUE,FALSE,FALSE,FALSE,FALSE
"2023-04-21_OWC_TR_127_160",2023-04-21,"Apr","OWC","TR",127,160,2023-04-21 11:39:29.5,NA,NA,NA,NA,NA,175.283833887935,0.275880050879431,0.000234838710840061,5548.21052123129,0.0243034429434249,0,0.999610316707673,0.283557897446093,141.110333574483,0.99963691292882,0.274220545179004,175.321018034648,TRUE,0.275921231618348,0.000239885927222695,0.298827230584595,2023-04-21 11:38:00,2023-04-21 11:40:59,TRUE,FALSE,TRUE,FALSE,FALSE,FALSE,FALSE
"2023-04-21_OWC_TR_128_161",2023-04-21,"Apr","OWC","TR",128,161,2023-04-21 11:04:44.5,4227.64380254285,1.1957623939797,1.16916472815505e-102,0.644467559802859,26.4169005619112,2026.35366816009,1.01953837712371,0.00249203038071874,5583.16254636184,0.214736779611016,0,0.997330581540632,2.28902520218062,1288.60921150148,0.999486476954617,1.00622196031386,2026.55490081841,TRUE,1.01997071669437,0.00258603078982764,2.67709842339738,2023-04-21 11:03:30,2023-04-21 11:05:59,TRUE,FALSE,TRUE,FALSE,FALSE,FALSE,FALSE
"2023-04-21_OWC_UP_101_146",2023-04-21,"Apr","OWC","UP",101,146,2023-04-21 13:03:29.5,1209.18718162323,0.0262242206559455,1.93475629870068e-116,0.624248030310912,0.738583557664782,181.910616703507,0.0224873580348058,0.000236284089860681,5552.58185645941,0.0244530251244614,0,0.943931998781684,0.285303132014251,176.082421967224,0.944943226355788,0.283245568716762,182.110843913593,TRUE,0.0225074733065,0.000226141575956973,0.271293529260515,2023-04-21 13:02:00,2023-04-21 13:04:59,TRUE,TRUE,TRUE,FALSE,FALSE,FALSE,FALSE
"2023-04-21_OWC_UP_102_147",2023-04-21,"Apr","OWC","UP",102,147,2023-04-21 12:54:29.5,NA,NA,NA,NA,NA,626.882509183347,0.0168584652710754,0.000356753784020682,5562.38233018932,0.0369204259544015,1.23602790004474e-193,0.805849929249743,0.430765236876719,171.034343458647,0.917147597360961,0.281924726666993,627.064133901354,TRUE,0.0167365179088585,0.000380410378090967,0.471362586533087,2023-04-21 12:53:00,2023-04-21 12:55:59,TRUE,FALSE,TRUE,FALSE,FALSE,FALSE,FALSE
"2023-04-21_OWC_UP_103_148",2023-04-21,"Apr","OWC","UP",103,148,2023-04-21 12:06:59.5,2843.94740608478,0.0906572570217805,9.02978770300731e-205,0.7272963829317,1.73889368545952,795.157124467933,0.0476144195884694,0.000225469772478449,5479.56652935865,0.0311443598419044,0,0.984155166328363,0.419151884944861,479.287250450459,0.989838767112735,0.336129395749511,803.152947532691,TRUE,0.0470392703823776,0.000191800055978622,0.325205340097734,2023-04-21 12:05:00,2023-04-21 12:08:59,TRUE,TRUE,TRUE,FALSE,FALSE,FALSE,FALSE
"2023-04-21_OWC_UP_104_149",2023-04-21,"Apr","OWC","UP",104,149,2023-04-21 12:25:59.5,NA,NA,NA,NA,NA,255.76444160638,0.0192649923839637,0.000155028326418861,5490.42514929296,0.0214142141121764,0,0.955570481773751,0.288200118907396,201.986768704986,0.958996505058914,0.277251881703725,255.917604859865,TRUE,0.0193041973306087,0.000167781670389571,0.286899737508168,2023-04-21 12:24:00,2023-04-21 12:27:59,TRUE,FALSE,TRUE,FALSE,FALSE,FALSE,FALSE
"2023-04-21_OWC_UP_105_150",2023-04-21,"Apr","OWC","UP",105,150,2023-04-21 12:33:44.5,NA,NA,NA,NA,NA,121.556639471725,0.0118434533556767,0.000300188895491049,5554.09842555322,0.0258670990496288,7.31873205508345e-148,0.776510196057769,0.27573498000277,51.6599103853966,0.810355581050447,0.254568473393933,122.246055831152,TRUE,0.0116265887202427,0.000313887365674687,0.268856370946328,2023-04-21 12:32:30,2023-04-21 12:34:59,TRUE,FALSE,TRUE,FALSE,FALSE,FALSE,FALSE
"2023-04-21_OWC_UP_106_151",2023-04-21,"Apr","OWC","UP",106,151,2023-04-21 12:40:44.5,NA,NA,NA,NA,NA,141.516364405563,0.0199164971891979,0.000306920697625305,5559.79798096213,0.0264471744461702,6.15151836862145e-230,0.903839689521754,0.281918397693272,97.6272631463111,0.913547383776037,0.267908281001955,141.795163977337,TRUE,0.0198231499154039,0.000310804377039429,0.266921479520822,2023-04-21 12:39:30,2023-04-21 12:41:59,TRUE,FALSE,TRUE,FALSE,FALSE,FALSE,FALSE
"2023-04-21_OWC_UP_107_152",2023-04-21,"Apr","OWC","UP",107,152,2023-04-21 11:59:29.5,1783.94316583809,0.0438712241556645,5.5926435497635e-229,0.687414082305932,0.65045706749268,2074.22964245284,0.0101172560688928,0.000294176481502003,5485.52064149054,0.0508254613459337,4.82580431421777e-166,0.56843423997453,0.764288672446409,699.291445637008,0.906751651718962,0.355662985656311,2076.72430003038,TRUE,0.00969552379767923,0.000317594132458489,0.839663447877374,2023-04-21 11:57:00,2023-04-21 12:01:59,TRUE,TRUE,TRUE,FALSE,FALSE,FALSE,FALSE
"2023-04-21_OWC_UP_108_153",2023-04-21,"Apr","OWC","UP",108,153,2023-04-21 12:17:29.5,NA,NA,NA,NA,NA,31.9011146351235,0.0228059489775723,0.000205642076436355,5471.02699858549,0.0212818851438943,0,0.958090130712125,0.248304185507368,0.349540279775242,0.960760452844566,0.240711380415826,32.2164348355794,TRUE,0.0228615126279564,0.000206890765857206,0.266404692106847,2023-04-21 12:16:00,2023-04-21 12:18:59,TRUE,FALSE,TRUE,FALSE,FALSE,FALSE,FALSE
"2023-05-10_OWC_TR_120_162",2023-05-10,"May","OWC","TR",120,162,2023-05-10 11:35:29.5,1881.12313585442,0.112054781619881,2.56877198019338e-80,0.634827988812515,3.28111950941167,284.664792196584,0.103979067368699,0.000362437436888643,5428.2681990153,0.0375086268208285,0,0.995669157932638,0.357321773410331,191.327852643429,0.996695181323892,0.313013911693973,284.932904305401,TRUE,0.103810305849879,0.000385144933454123,0.34538534236483,2023-05-10 11:34:00,2023-05-10 11:36:59,TRUE,TRUE,TRUE,FALSE,FALSE,FALSE,FALSE
"2023-05-10_OWC_TR_121_163",2023-05-10,"May","OWC","TR",121,163,2023-05-10 11:25:20,4609.19597203691,0.131819399437115,8.61739256845498e-205,0.708916988323634,5.04698696209953,1904.54752347207,0.0850379189424363,0.000281409806334543,5467.88095126022,0.0614550309561184,0,0.991789033038393,0.84765846876567,906.007350762153,0.997812283447035,0.438121437769165,1920.929318144,TRUE,0.0860022159762537,0.000270083445729008,0.806364193534342,2023-05-10 11:22:11,2023-05-10 11:28:29,TRUE,FALSE,TRUE,FALSE,FALSE,FALSE,FALSE
"2023-05-10_OWC_TR_122_164",2023-05-10,"May","OWC","TR",122,164,2023-05-10 12:13:29.5,1928.44484983515,0.134707794825056,2.65617990536284e-84,0.653050443944225,3.50401439335294,249.550931974046,0.113981926933643,0.000345185730413189,5402.05712548208,0.0357232488373474,0,0.996727398672998,0.340313568062996,173.36256347475,0.997380876516681,0.305300288693704,249.60968208182,TRUE,0.114048400568039,0.000343199261442212,0.342098127563213,2023-05-10 12:12:00,2023-05-10 12:14:59,TRUE,TRUE,TRUE,FALSE,FALSE,FALSE,FALSE
"2023-05-10_OWC_TR_123_165",2023-05-10,"May","OWC","TR",123,165,2023-05-10 12:19:14.5,3673.85014857606,0.565908188931003,1.34131069187515e-98,0.654844664032185,19.104738213375,890.517398976746,0.535025246631925,0.000559579351937369,5391.4163904439,0.0676030375737174,0,0.999542961740265,0.695200496891844,231.753549919179,0.999905673898612,0.316585640986761,891.117689900441,TRUE,0.535096291933873,0.000578420809796148,0.785542448439,2023-05-10 12:17:30,2023-05-10 12:20:59,TRUE,FALSE,TRUE,FALSE,FALSE,FALSE,FALSE
"2023-05-10_OWC_TR_124_166",2023-05-10,"May","OWC","TR",124,166,2023-05-10 12:05:29.5,2838.99418635306,0.485999835954207,2.27368932373942e-86,0.662143294200107,12.410726475561,853.483935159562,0.409496830160068,0.000798614586023775,5404.10802212806,0.0826485716762192,0,0.998640229949498,0.787342451704427,695.620816367482,0.999132642607292,0.630589142933004,891.933011922322,TRUE,0.405154812857,0.000345927054544687,0.308316300385778,2023-05-10 12:04:00,2023-05-10 12:06:59,TRUE,FALSE,TRUE,FALSE,FALSE,FALSE,FALSE
"2023-05-10_OWC_TR_126_167",2023-05-10,"May","OWC","TR",126,167,2023-05-10 12:00:29.5,3892.71058999768,1.73366579646947,6.65971548119913e-81,0.637567269684598,53.6271860594464,1169.91018739008,1.70940718827311,0.00123937111525526,5580.33924164001,0.128262436280572,0,0.999811846200125,1.22187787392563,796.157995942042,0.999934112544294,0.725085443889801,1171.98461684345,TRUE,1.71065314558023,0.00129082374937339,1.10888953019002,2023-05-10 11:59:00,2023-05-10 12:01:59,TRUE,FALSE,TRUE,FALSE,FALSE,FALSE,FALSE
"2023-05-10_OWC_TR_127_168",2023-05-10,"May","OWC","TR",127,168,2023-05-10 11:44:09.5,NA,NA,NA,NA,NA,2292.38471789667,0.447085180739276,0.000508607015733217,5412.82614490278,0.0996188347842742,0,0.999123336469326,1.30173690784133,1837.13810745939,0.999553802982876,0.930061310631681,2293.66429272534,TRUE,0.447639431997059,0.000460519870254956,1.25968896884643,2023-05-10 11:41:20,2023-05-10 11:46:59,TRUE,FALSE,TRUE,FALSE,FALSE,FALSE,FALSE
"2023-05-10_OWC_TR_128_169",2023-05-10,"May","OWC","TR",128,169,2023-05-10 11:52:29.5,3787.60716119909,1.52771439280808,3.54672519869163e-81,0.638838741325097,46.3434125405893,1163.86891710202,1.47978594346888,0.00122901548806218,5467.50333689448,0.127190733094457,0,0.999753116133895,1.21166841238332,1021.9855951625,0.999835372293798,0.992214134035693,1164.24094880193,TRUE,1.48047628134859,0.00139114024991497,1.21758919021149,2023-05-10 11:51:00,2023-05-10 11:53:59,TRUE,FALSE,TRUE,FALSE,FALSE,FALSE,FALSE
"2023-05-10_OWC_UP_101_170",2023-05-10,"May","OWC","UP",101,170,2023-05-10 12:37:59.5,2565.6465316253,0.0295570354364071,5.3138453635008e-229,0.663823889652398,0.918745115678382,326.942133474556,0.0224716594252326,0.000133370181184262,5412.94108826517,0.0184225533619131,0,0.967356315309832,0.286293314430113,205.250240149196,0.971362347957682,0.268431903865311,327.086993332468,TRUE,0.022521663978961,0.000132611819897144,0.295937860090346,2023-05-10 12:36:00,2023-05-10 12:39:59,TRUE,TRUE,TRUE,FALSE,FALSE,FALSE,FALSE
"2023-05-10_OWC_UP_102_171",2023-05-10,"May","OWC","UP",102,171,2023-05-10 12:32:14.5,974.426037008583,0.0209661714085912,1.02897313168057e-107,0.556666725269267,0.543216468809559,96.026639835765,0.0178195840903988,0.00024632187143439,5410.02918539332,0.0212254095410844,6.35314665552271e-298,0.897452838487913,0.261257992542028,99.7533090952239,0.897499543334877,0.261636376574266,96.0293949289988,TRUE,0.0178265604454545,0.00025727008861939,0.247653995750327,2023-05-10 12:31:00,2023-05-10 12:33:29,TRUE,TRUE,TRUE,FALSE,FALSE,FALSE,FALSE
"2023-05-10_OWC_UP_103_172",2023-05-10,"May","OWC","UP",103,172,2023-05-10 11:29:27.5,NA,NA,NA,NA,NA,3168.94204742791,-0.0289957734457191,0.00222698256015941,5492.87323434195,0.209898274957486,1.26522289790563e-34,0.20585364529338,2.70031163063223,2837.51186214434,0.523750789769143,2.09433342577086,3169.8780284868,TRUE,-0.0299640657053055,0.00242534714609414,2.99238504761394,2023-05-10 11:28:06,2023-05-10 11:30:49,TRUE,FALSE,TRUE,TRUE,FALSE,FALSE,FALSE
"2023-05-10_OWC_UP_104_173",2023-05-10,"May","OWC","UP",104,173,2023-05-10 11:47:29.5,1192.50884256055,0.0391784459774273,4.96547647668533e-164,0.645919427389782,0.552344552718296,281.63723653005,0.016924624642791,0.000210453324915278,5424.93090507476,0.0217798009367202,0,0.90007448677798,0.293425071848796,142.269481026218,0.918116037139788,0.265989297915091,282.526377642021,TRUE,0.0168826570681753,0.000219552767251073,0.311263943875761,2023-05-10 11:46:00,2023-05-10 11:48:59,TRUE,TRUE,TRUE,FALSE,FALSE,FALSE,FALSE
"2023-05-10_OWC_UP_105_175",2023-05-10,"May","OWC","UP",105,175,2023-05-10 11:41:59.5,612.357612258182,0.016806767922329,1.03806667802473e-88,0.426335613416337,0.369181813585419,333.135610761225,0.00732085651402823,0.000218115917702409,5450.6364446796,0.0225728021669456,2.98353668926572e-149,0.610744399884167,0.304108660905975,283.768189265556,0.638553231580277,0.293453462554044,333.261305859652,TRUE,0.00724543659010103,0.000227056673847437,0.306677701854666,2023-05-10 11:40:30,2023-05-10 11:43:29,TRUE,TRUE,TRUE,FALSE,FALSE,FALSE,FALSE
"2023-05-10_OWC_UP_106_174",2023-05-10,"May","OWC","UP",106,174,2023-05-10 11:51:24.5,NA,NA,NA,NA,NA,321.596371675056,0.00828263802854331,0.00023882396337228,5440.51519456793,0.0233370242536156,2.34516091467906e-152,0.639508805366254,0.305620964647855,248.371868820039,0.678209058199135,0.289177313008889,323.448266280775,TRUE,0.00803834625443506,0.000234442831537446,0.318003443933528,2023-05-10 11:50:00,2023-05-10 11:52:49,TRUE,FALSE,TRUE,FALSE,FALSE,FALSE,FALSE
"2023-05-10_OWC_UP_107_176",2023-05-10,"May","OWC","UP",107,176,2023-05-10 11:24:29.5,NA,NA,NA,NA,NA,426.660486223396,0.026149697048728,0.000232752226979914,5483.97741542217,0.0240875128641545,0,0.946178958636235,0.324515371529731,214.424057531942,0.960141482519087,0.279656878942834,427.381585600482,TRUE,0.0259799136946574,0.000232404075962011,0.345415850320461,2023-05-10 11:23:00,2023-05-10 11:25:59,TRUE,FALSE,TRUE,FALSE,FALSE,FALSE,FALSE
"2023-05-10_OWC_UP_108_177",2023-05-10,"May","OWC","UP",108,177,2023-05-10 11:35:29.5,NA,NA,NA,NA,NA,373.105273496573,0.016689295211458,0.00022425490290832,5477.79628578862,0.0232081253474753,0,0.885239337016997,0.312667956302464,298.020263827549,0.897177060294265,0.29637227218271,375.360440947507,TRUE,0.0164448347077856,0.00022198379595114,0.279280419821114,2023-05-10 11:34:00,2023-05-10 11:36:59,TRUE,FALSE,TRUE,FALSE,FALSE,FALSE,FALSE
"2023-05-30_CRC_TR_309_189",2023-05-30,"May","CRC","TR",309,189,2023-05-30 12:32:29.5,1664.0289738729,0.830565392738964,5.54639458898231e-42,0.645881013051902,24.3439694004767,414.597962633873,0.782782273593878,0.00108592397843643,5828.71578638371,0.11238220205016,2.26223564572506e-310,0.999657557123041,0.757026104299644,203.29502789491,0.999896457987732,0.41862846440017,416.165081104433,TRUE,0.782257296232472,0.00109080377114426,0.728921589391826,2023-05-30 12:31:00,2023-05-30 12:33:59,TRUE,FALSE,TRUE,FALSE,FALSE,FALSE,FALSE
"2023-05-30_CRC_TR_311_188",2023-05-30,"May","CRC","TR",311,188,2023-05-30 12:23:59.5,2581.29394960572,1.34943369045632,1.97153990446159e-57,0.658379134928699,51.9582920079638,1627.85489061317,1.27364333089713,0.0066417059227558,5927.09326339904,0.917425324683757,7.85255801871772e-263,0.993569586817965,7.12856496561561,1202.55820705069,0.99892501940188,2.92695106955301,1646.97612035432,TRUE,1.30018516872159,0.00513679521889247,4.02724355347361,2023-05-30 12:22:00,2023-05-30 12:25:59,TRUE,FALSE,TRUE,FALSE,FALSE,FALSE,FALSE
"2023-05-30_CRC_TR_313_191",2023-05-30,"May","CRC","TR",313,191,2023-05-30 12:48:29.5,1096.8931155225,0.210355012541515,2.19491581056184e-45,0.675641027272978,5.03748410193081,356.482013997348,0.168828005998742,0.000924038101283556,5718.17345943068,0.0956286431302644,1.84827028598301e-204,0.994696028738914,0.644171210811953,60.6721835723065,0.998997150281757,0.281690581320714,359.090849814097,TRUE,0.167537362674764,0.00088963474993685,0.650511040391776,2023-05-30 12:47:00,2023-05-30 12:49:59,TRUE,FALSE,TRUE,FALSE,FALSE,FALSE,FALSE
"2023-05-30_CRC_TR_314_185",2023-05-30,"May","CRC","TR",314,185,2023-05-30 11:54:29.5,NA,NA,NA,NA,NA,893.714812557411,0.158160401775935,0.00410954105284373,5722.76319174176,0.425296136842922,3.29040721149984e-88,0.892718317536304,2.86486891851598,484.104831073252,0.989220731658804,0.913251253089878,893.732189109895,TRUE,0.158624791522508,0.00416103772402827,4.01374235669686,2023-05-30 11:53:00,2023-05-30 11:55:59,TRUE,FALSE,TRUE,FALSE,FALSE,FALSE,FALSE
"2023-05-30_CRC_TR_314_186",2023-05-30,"May","CRC","TR",314,186,2023-05-30 12:00:59.5,503.796481758355,0.122441870251384,2.52715929700889e-27,0.631213417696313,1.94180321431486,232.846940684053,0.0897537925806235,0.00165477711371648,5652.91707343976,0.11392953157384,2.86984860417e-85,0.961436537274051,0.627921959930164,73.2324890355521,0.990136397145299,0.320293007707916,233.022117542267,TRUE,0.0901791309522989,0.00178790046514884,0.691917671328627,2023-05-30 12:00:00,2023-05-30 12:01:59,TRUE,TRUE,TRUE,FALSE,FALSE,FALSE,FALSE
"2023-05-30_CRC_TR_315_187",2023-05-30,"May","CRC","TR",315,187,2023-05-30 12:10:44.5,446.753026932103,0.042755750558044,2.67435688042917e-34,0.636078843919933,1.05860259670663,92.039932798351,0.0395610193071528,0.000611922669428647,5649.02371720835,0.0527290134264677,2.18826315468752e-110,0.965801448850942,0.324513790178129,75.8961989035329,0.970099006125031,0.305510784250181,92.0941481833294,TRUE,0.0394213411683384,0.000592556107431087,0.342947834166165,2023-05-30 12:09:30,2023-05-30 12:11:59,TRUE,TRUE,TRUE,FALSE,FALSE,FALSE,FALSE
"2023-05-30_CRC_TR_316_192",2023-05-30,"May","CRC","TR",316,192,2023-05-30 12:56:59.5,1002.20074194059,1.05150633982062,2.94932173108275e-28,0.644338480879126,15.4916543626722,707.294620627087,0.732212209331375,0.0119476147789156,5713.50163713575,0.822579756453989,2.58290648547038e-91,0.969539569561635,4.53364361053923,404.858182752814,0.997630233335868,1.27539338817883,708.641506543433,TRUE,0.744305107024438,0.0125708021702172,4.6007649811445,2023-05-30 12:56:00,2023-05-30 12:57:59,TRUE,FALSE,TRUE,FALSE,FALSE,FALSE,FALSE
"2023-05-30_CRC_TR_316_193",2023-05-30,"May","CRC","TR",316,193,2023-05-30 13:07:44.5,1084.52831491878,0.411105722029509,5.76892708462524e-37,0.664952609260016,8.87170820450518,446.133068998439,0.350763423931898,0.00199204369149642,5697.33820403952,0.171653223197467,7.89832294161452e-174,0.995249244392876,1.05641722528685,267.785419742546,0.998591320577779,0.579181450475881,455.575741319731,TRUE,0.345297278767783,0.00162736804428399,0.721069381587447,2023-05-30 13:06:30,2023-05-30 13:08:59,TRUE,FALSE,TRUE,FALSE,FALSE,FALSE,FALSE
"2023-05-30_CRC_TR_327_190",2023-05-30,"May","CRC","TR",327,190,2023-05-30 12:41:29.5,1252.69013198352,0.294885329310644,8.1849209855072e-43,0.653390943219333,7.76538674462034,307.117619702905,0.252201489310854,0.000805634357202524,5723.16212143307,0.0833750473399134,5.95973089343444e-246,0.99818693844445,0.561628853431452,98.5916394900194,0.999443274515231,0.312980554113035,307.458145997826,TRUE,0.252548365983942,0.000870303031563624,0.586956281619216,2023-05-30 12:40:00,2023-05-30 12:42:59,TRUE,FALSE,TRUE,FALSE,FALSE,FALSE,FALSE
"2023-05-30_CRC_UP_301_184",2023-05-30,"May","CRC","UP",301,184,2023-05-30 11:06:44.5,537.79544433022,0.0547709931726154,4.08522395310279e-34,0.633997272058216,1.43393793192195,93.4415671386814,0.0538560362767046,0.000614788331323045,5216.35568281585,0.0529759458119708,2.06217488137014e-129,0.981078826131489,0.326033503124191,58.0007958012383,0.985453605970084,0.287819553850619,93.5341142936694,TRUE,0.0539096193071151,0.000605765280321749,0.311972013382607,2023-05-30 11:05:30,2023-05-30 11:07:59,TRUE,TRUE,TRUE,FALSE,FALSE,FALSE,FALSE
"2023-05-30_CRC_UP_302_183",2023-05-30,"May","CRC","UP",302,183,2023-05-30 10:56:29.5,439.878106377435,0.0400080863152355,2.88280978447995e-41,0.639282393723979,0.8120974605248,104.385602906044,0.0251433566137828,0.0004587408700443,5215.59782048343,0.0474750628678584,2.16051567595668e-113,0.944061763824883,0.319800299679076,93.3211512626609,0.948552762980035,0.308431820629738,104.600322439676,TRUE,0.0253322840369209,0.000479858549955972,0.307155604982668,2023-05-30 10:55:00,2023-05-30 10:57:59,TRUE,TRUE,TRUE,FALSE,FALSE,FALSE,FALSE
"2023-05-30_CRC_UP_304_182",2023-05-30,"May","CRC","UP",304,182,2023-05-30 10:45:44.5,NA,NA,NA,NA,NA,454.593900079107,0.0886893772070508,0.000805320900024862,5258.52410458453,0.0972911864506646,2.1920599445346e-186,0.983139394627029,0.707460774628775,413.378784582307,0.98640543903092,0.638331731994273,456.853875377731,TRUE,0.0897998871203986,0.000510912159148203,0.410377271428193,2023-05-30 10:44:00,2023-05-30 10:47:29,TRUE,FALSE,TRUE,FALSE,FALSE,FALSE,FALSE
"2023-05-30_CRC_UP_305_181",2023-05-30,"May","CRC","UP",305,181,2023-05-30 10:35:59.5,NA,NA,NA,NA,NA,186.465985223875,0.017569999325583,0.000329715635594979,5323.92377609665,0.0455439427094546,2.78699205019024e-134,0.92266820227658,0.35388488377137,142.068481097063,0.936790856989237,0.321296050529508,187.223360965658,TRUE,0.0172883490794507,0.000327200383916058,0.369240059881055,2023-05-30 10:34:00,2023-05-30 10:37:59,TRUE,FALSE,TRUE,FALSE,FALSE,FALSE,FALSE
"2023-05-30_CRC_UP_306_180",2023-05-30,"May","CRC","UP",306,180,2023-05-30 10:25:59.5,598.915921575556,0.0366441634719508,1.89521440309726e-37,0.601965895700949,1.26318560488006,148.350506086453,0.037689062429962,0.000518329027282236,5294.12843778854,0.0536418373930444,2.65581662265685e-134,0.967429841241823,0.361340767918096,87.9733381805391,0.977223129692866,0.303883917988242,148.394060986822,TRUE,0.0376006092318743,0.000535298062709194,0.382366003730455,2023-05-30 10:24:30,2023-05-30 10:27:29,TRUE,TRUE,TRUE,FALSE,FALSE,FALSE,FALSE
"2023-05-30_CRC_UP_307_179",2023-05-30,"May","CRC","UP",307,179,2023-05-30 10:19:14.5,1142.65752165754,0.130757146709259,4.93372444025906e-51,0.663081267457951,3.64069145881553,311.293169389828,0.102640513982262,0.000572520541783775,5371.98916779284,0.0691664686410115,6.26951180767093e-230,0.993570068509013,0.502949601790704,106.852985058516,0.99761692522232,0.307672151268955,312.213478983636,TRUE,0.103187382961661,0.000591246091026576,0.503029377498775,2023-05-30 10:17:30,2023-05-30 10:20:59,TRUE,TRUE,TRUE,FALSE,FALSE,FALSE,FALSE
"2023-05-30_CRC_UP_308_178",2023-05-30,"May","CRC","UP",308,178,2023-05-30 10:11:59.5,NA,NA,NA,NA,NA,284.557423241403,0.0611518622005848,0.000404474112300354,5354.61402418223,0.0558704040978313,1.85031297918156e-238,0.989695177893438,0.434123404434989,124.11882108943,0.994806275296387,0.309503019728026,284.767922346281,TRUE,0.0613354867851667,0.000427280935177451,0.441832274607495,2023-05-30 10:10:00,2023-05-30 10:13:59,TRUE,FALSE,TRUE,FALSE,FALSE,FALSE,FALSE
"2023-06-22_OWC_TR_120_202",2023-06-22,"Jun","OWC","TR",120,202,2023-06-22 11:14:44.549763,3199.32442831008,0.413512972546617,2.25042896424643e-106,0.681407755902031,10.6653110538883,1760.48582476276,0.31002902865138,0.00156068591070212,5415.59289993788,0.18850523018157,0,0.989468803968901,1.93907575007287,838.519381699329,0.998826361648886,0.648872811721079,1819.55011566211,TRUE,0.320424601723447,0.00101715756832513,1.30847100656486,2023-06-22 11:13:00,2023-06-22 11:16:29,TRUE,FALSE,TRUE,FALSE,FALSE,FALSE,FALSE
"2023-06-22_OWC_TR_121_203",2023-06-22,"Jun","OWC","TR",121,203,2023-06-22 10:51:29.5,4255.19831451326,0.200941409855386,5.69260606479496e-153,0.687016970771881,8.36226658415229,1245.39427893924,0.17213111487804,0.000320948803382976,5343.64802690201,0.0554509691498028,0,0.997925315881467,0.680831443429003,356.433172523258,0.99953161262479,0.324036301210348,1245.76833144615,TRUE,0.172137238999489,0.000335318207394703,0.81208609674707,2023-06-22 10:49:00,2023-06-22 10:53:59,TRUE,FALSE,TRUE,FALSE,FALSE,FALSE,FALSE
"2023-06-22_OWC_TR_122_204",2023-06-22,"Jun","OWC","TR",122,204,2023-06-22 11:44:29.5,2286.0655619921,0.217045357058331,3.2873301850132e-83,0.648147126375548,5.75808361896891,318.311812559803,0.186161216852564,0.000379776850321208,5416.87800667691,0.0393030815916086,0,0.998512301227244,0.374416447765184,177.067809358812,0.999006205750487,0.306875466952772,318.429953274927,TRUE,0.186218364226764,0.000384719141137397,0.368731101084424,2023-06-22 11:43:00,2023-06-22 11:45:59,TRUE,FALSE,TRUE,FALSE,FALSE,FALSE,FALSE
"2023-06-22_OWC_TR_123_205",2023-06-22,"Jun","OWC","TR",123,205,2023-06-22 11:53:29.5,6183.84957551274,0.882445574129786,1.43603691989583e-147,0.673733051010577,41.7182589309589,1997.59164801944,0.841821998373321,0.000600710283132074,5415.77760303979,0.103785921700971,0,0.999695590254361,1.2742918647353,534.742022843946,0.999973593101942,0.375946279265867,2000.41260459636,TRUE,0.841068551560934,0.000594507362061708,1.49453319967029,2023-06-22 11:51:00,2023-06-22 11:55:59,TRUE,FALSE,TRUE,FALSE,FALSE,FALSE,FALSE
"2023-06-22_OWC_TR_124_206",2023-06-22,"Jun","OWC","TR",124,206,2023-06-22 12:03:29.5,5362.86793650599,0.491214960915235,8.29977731656566e-153,0.686622327314454,21.0476208751586,2195.31841576879,0.433080532316543,0.000708312277771233,5430.21304923445,0.122376534354147,0,0.998402947274663,1.50254889686575,864.860999600552,0.999827254490293,0.494993883628681,2198.57686076156,TRUE,0.432784365641101,0.000697931612389341,1.52138783994947,2023-06-22 12:01:00,2023-06-22 12:05:59,TRUE,FALSE,TRUE,FALSE,FALSE,FALSE,FALSE
"2023-06-22_OWC_TR_126_207",2023-06-22,"Jun","OWC","TR",126,207,2023-06-22 11:22:59.5,5697.30103374824,2.3722112868615,2.1561266890349e-115,0.664361564452618,91.06629241013,3035.06960524697,2.26263098762005,0.00374759874612327,5440.76374734183,0.517659474302653,0,0.998690403571577,5.68840556202405,2346.8749357059,0.999690362558149,2.77178167200891,3036.33926411438,TRUE,2.25902458365116,0.00368951097688579,7.10942291383103,2023-06-22 11:21:00,2023-06-22 11:24:59,TRUE,FALSE,TRUE,FALSE,FALSE,FALSE,FALSE
"2023-06-22_OWC_TR_127_208",2023-06-22,"Jun","OWC","TR",127,208,2023-06-22 11:34:59.5,3975.71111045565,0.393389715705452,5.35553909541628e-113,0.656535031014634,15.154005592575,626.336766122237,0.372385837710878,0.000304835983233982,5440.42671231265,0.0421072920340455,0,0.999679789950383,0.462704472918034,560.232196762831,0.999723302182449,0.431022118971902,626.377293518688,TRUE,0.372445341231771,0.000282008838483311,0.414529852870967,2023-06-22 11:33:00,2023-06-22 11:36:59,TRUE,FALSE,TRUE,FALSE,FALSE,FALSE,FALSE
"2023-06-22_OWC_TR_128_209",2023-06-22,"Jun","OWC","TR",128,209,2023-06-22 11:05:59.5,5873.2435196149,2.85397828789766,3.34280607825777e-114,0.660494101226512,109.383619901394,2314.12089168887,2.70371372900673,0.00176849173681003,5545.62130683414,0.244283490523815,0,0.999795532754789,2.68435841549747,1746.84647371122,0.999937806359293,1.48358383148863,2315.79895596309,TRUE,2.70417582108136,0.00179849690935732,2.66740530706444,2023-06-22 11:04:00,2023-06-22 11:07:59,TRUE,FALSE,TRUE,FALSE,FALSE,FALSE,FALSE
"2023-06-22_OWC_UP_101_194",2023-06-22,"Jun","OWC","UP",101,194,2023-06-22 14:32:14.5,NA,NA,NA,NA,NA,72.1759917094873,0.0155736746062097,0.000211234604015648,5313.74954901178,0.0255193491730865,1.09809500280504e-241,0.928591650790649,0.262429986317413,75.844546468761,0.928647980840893,0.262956294071231,72.1763027000261,TRUE,0.0155773627310695,0.000217394308958928,0.280485598546121,2023-06-22 14:30:30,2023-06-22 14:33:59,TRUE,FALSE,TRUE,FALSE,FALSE,FALSE,FALSE
"2023-06-22_OWC_UP_102_195",2023-06-22,"Jun","OWC","UP",102,195,2023-06-22 14:22:44.5,595.444855889555,0.0231817110852366,1.14003371164595e-112,0.611937893214391,0.418406860434198,282.36647594266,0.00760962410608728,0.00017287622127614,5318.81344083298,0.026873866696424,1.86832541532243e-180,0.782675719517334,0.313113868218573,184.16742288463,0.820148211856701,0.285373933404897,282.396765299042,TRUE,0.00762917849973718,0.000183195324828389,0.315912850894446,2023-06-22 14:20:30,2023-06-22 14:24:59,TRUE,TRUE,TRUE,FALSE,FALSE,FALSE,FALSE
"2023-06-22_OWC_UP_103_196",2023-06-22,"Jun","OWC","UP",103,196,2023-06-22 14:08:29.5,NA,NA,NA,NA,NA,1164.42018008139,0.0705737377180617,0.000300006218770493,5316.30763656692,0.0518326767585449,0,0.989309265679907,0.636405759455234,1057.81371791915,0.991109055282471,0.581342066373128,1196.37998849232,TRUE,0.0720165711026356,0.000157006478207619,0.297930702276493,2023-06-22 14:06:00,2023-06-22 14:10:59,TRUE,FALSE,TRUE,FALSE,FALSE,FALSE,FALSE
"2023-06-22_OWC_UP_104_197",2023-06-22,"Jun","OWC","UP",104,197,2023-06-22 12:59:44.5,NA,NA,NA,NA,NA,472.088489086235,0.0114932089969074,0.00020607586653756,5411.64439188862,0.0320348011183931,8.76900447366029e-226,0.852541600232265,0.373245153334315,420.269951831325,0.867022699736558,0.355105106410647,479.05789497874,TRUE,0.0119303907848512,0.000164833537659335,0.286093744421692,2023-06-22 12:57:30,2023-06-22 13:01:59,TRUE,FALSE,TRUE,FALSE,FALSE,FALSE,FALSE
"2023-06-22_OWC_UP_105_198",2023-06-22,"Jun","OWC","UP",105,198,2023-06-22 13:07:29.5,NA,NA,NA,NA,NA,1352.36845465896,0.00811841596590826,0.000350873853041415,5385.83887352883,0.0606211800617168,4.50688195876707e-85,0.472362296142153,0.744311707380409,812.108505688294,0.786996208440685,0.473705108722601,1362.20227002634,TRUE,0.00717869867397107,0.000353843478897527,0.720433800109196,2023-06-22 13:05:00,2023-06-22 13:09:59,TRUE,FALSE,TRUE,FALSE,FALSE,FALSE,FALSE
"2023-06-22_OWC_UP_106_199",2023-06-22,"Jun","OWC","UP",106,199,2023-06-22 13:20:29.5,727.752193318694,0.0147009187405805,1.26452705217879e-131,0.631147383744787,0.442281411687007,234.686979458026,0.00768418720522189,0.000138244732234493,5375.33535825565,0.0238848199508951,2.13716617508489e-238,0.83783379049375,0.293259733644666,208.339573462489,0.845832020506157,0.286415690181241,235.406855781395,TRUE,0.0075671086739964,0.000137816876917822,0.283268885047247,2023-06-22 13:18:00,2023-06-22 13:22:59,TRUE,TRUE,TRUE,FALSE,FALSE,FALSE,FALSE
"2023-06-22_OWC_UP_107_200",2023-06-22,"Jun","OWC","UP",107,200,2023-06-22 13:59:29.5,NA,NA,NA,NA,NA,70.3607813410629,0.00904229366125542,0.000269133465809954,5390.3576672268,0.0278526049094739,9.89310281265137e-113,0.759216443009298,0.265334751599704,59.6913387242492,0.768830785081133,0.260712728562029,70.4332162362203,TRUE,0.00898676502996616,0.000271178110557334,0.248287419922795,2023-06-22 13:58:00,2023-06-22 14:00:59,TRUE,FALSE,TRUE,FALSE,FALSE,FALSE,FALSE
"2023-06-22_OWC_UP_108_201",2023-06-22,"Jun","OWC","UP",108,201,2023-06-22 13:29:29.5,1225.11368970969,0.0500429664456497,1.1960857570862e-156,0.695750113580113,0.669421744065732,1246.51472259863,0.0115766311529535,0.000321248614204784,5348.34803437637,0.0555027680674359,5.16304669489007e-152,0.684702150290376,0.68146743469121,781.617243889856,0.855681603019454,0.461820187031039,1246.85707873418,TRUE,0.0114169094836981,0.00033428992540742,0.790930902879743,2023-06-22 13:27:00,2023-06-22 13:31:59,TRUE,TRUE,TRUE,FALSE,FALSE,FALSE,FALSE
"2023-06-29_CRC_TR_309_217",2023-06-29,"Jun","CRC","TR",309,217,2023-06-29 11:48:29.5,3626.34235226619,1.34739041805452,1.00615822742503e-84,0.654924183408853,37.0437725893752,1639.60146958343,1.20940642584621,0.00237964921673634,5758.55029545214,0.246269742996952,0,0.998615914715557,2.34606139343156,1053.8590780825,0.999731024190981,1.03712492761559,1639.75738153536,TRUE,1.20861182612818,0.00254580491183446,2.91284803063417,2023-06-29 11:47:00,2023-06-29 11:49:59,TRUE,FALSE,TRUE,FALSE,FALSE,FALSE,FALSE
"2023-06-29_CRC_TR_311_219",2023-06-29,"Jun","CRC","TR",311,219,2023-06-29 12:10:02.5,4002.50558283547,4.53913889268953,1.10675847111877e-75,0.51712162463716,17.3392673687749,4253.54595896026,0.153909897303137,0.0155155340934255,5829.53988857876,2.08942845831113,3.60148056237758e-21,0.174345940858006,22.6731011292296,4073.85568170212,0.442381365077258,18.6730161347625,4313.77065206931,TRUE,0.0472715454570687,0.000896844928393128,1.49678689796827,2023-06-29 12:08:06,2023-06-29 12:11:59,FALSE,FALSE,FALSE,FALSE,TRUE,FALSE,TRUE
"2023-06-29_CRC_TR_313_220",2023-06-29,"Jun","CRC","TR",313,220,2023-06-29 11:31:59.5,NA,NA,NA,NA,NA,690.389734749621,0.100907086168337,0.000325869082861305,5563.29048053605,0.0450126146242236,0,0.995039661958593,0.494630196297687,178.092463895191,0.998308095905832,0.289483177689274,692.570177930964,TRUE,0.100490305371778,0.000329022393506827,0.523603907649301,2023-06-29 11:30:00,2023-06-29 11:33:59,TRUE,FALSE,TRUE,FALSE,FALSE,FALSE,FALSE
"2023-06-29_CRC_TR_314_221",2023-06-29,"Jun","CRC","TR",314,221,2023-06-29 11:14:59.5,928.428110850721,0.0569839459383024,4.21373753458916e-163,0.787965490894019,0.6338212958447,791.111437668289,0.0181788059381003,0.000361916728984296,5709.86708446057,0.0499919111834348,8.25985309811906e-193,0.840718569976733,0.549346201023651,240.071154532497,0.949884080376998,0.308789039369441,799.062034099055,TRUE,0.0173784617603045,0.000341329694376063,0.491683137424645,2023-06-29 11:13:00,2023-06-29 11:16:59,TRUE,TRUE,TRUE,FALSE,FALSE,FALSE,FALSE
"2023-06-29_CRC_TR_315_222",2023-06-29,"Jun","CRC","TR",315,222,2023-06-29 11:21:59.5,2153.43619537066,0.120693027369289,1.08453936069729e-122,0.68712939950573,2.27064028594061,1459.93023130565,0.0562731576115208,0.000726399688388817,5644.2965882869,0.100338298280719,1.0122982266439e-272,0.926227532248231,1.10258763213589,516.169332235186,0.989758135089019,0.411685863664882,1460.42801206628,TRUE,0.0566747172442345,0.000770828514336023,1.29986119155861,2023-06-29 11:20:00,2023-06-29 11:23:59,TRUE,TRUE,TRUE,FALSE,FALSE,FALSE,FALSE
"2023-06-29_CRC_TR_316_223",2023-06-29,"Jun","CRC","TR",316,223,2023-06-29 11:57:29.5,NA,NA,NA,NA,NA,2684.67795579361,0.298567941830185,0.00106495165573433,5752.13084807126,0.183993835732394,0,0.992449373577995,2.25909106160627,2043.08706344159,0.997425524796099,1.32133842391954,2684.88009586908,TRUE,0.298154937911586,0.00105201060799316,3.16404845394378,2023-06-29 11:55:00,2023-06-29 11:59:59,TRUE,FALSE,TRUE,FALSE,FALSE,FALSE,FALSE
"2023-06-29_CRC_TR_316_224",2023-06-29,"Jun","CRC","TR",316,224,2023-06-29 12:03:59.5,4032.51101346546,0.441986489744466,2.57287391778558e-116,0.667330703701251,16.0776716952221,1108.40324627022,0.40135610732611,0.00050367260088062,5758.14569991075,0.0695727881919659,0,0.999247791918615,0.764514618127742,865.542881839449,0.999550237096076,0.59240550350164,1116.86877003582,TRUE,0.40029901706136,0.000401181361505268,0.552355814774707,2023-06-29 12:02:00,2023-06-29 12:05:59,TRUE,FALSE,TRUE,FALSE,FALSE,FALSE,FALSE
"2023-06-29_CRC_TR_327_218",2023-06-29,"Jun","CRC","TR",327,218,2023-06-29 11:38:59.5,NA,NA,NA,NA,NA,265.568646717196,0.177022961611499,0.000209342935651325,5591.31136730517,0.0289167441232446,0,0.999331971341586,0.317757476240299,197.452418091391,0.999425161615151,0.295380337656876,265.760993964867,TRUE,0.177096774815883,0.000222947390790702,0.321624321411237,2023-06-29 11:37:00,2023-06-29 11:40:59,TRUE,FALSE,TRUE,FALSE,FALSE,FALSE,FALSE
"2023-06-29_CRC_UP_301_210",2023-06-29,"Jun","CRC","UP",301,210,2023-06-29 09:37:29.5,696.004951891503,0.0236449495353178,1.41829626479044e-75,0.611898695821595,0.632665900356495,204.575525636161,0.0184992420024879,0.000324283060874489,5561.68010303462,0.0335600329234045,8.88592009604746e-182,0.900894527759449,0.31970593157628,144.682526266025,0.91701132892691,0.293378170275407,204.88350329244,TRUE,0.0184026091236436,0.000333351619450524,0.311418049898411,2023-06-29 09:36:00,2023-06-29 09:38:59,TRUE,TRUE,TRUE,FALSE,FALSE,FALSE,FALSE
"2023-06-29_CRC_UP_302_211",2023-06-29,"Jun","CRC","UP",302,211,2023-06-29 09:44:29.5,2244.72272245219,0.161341897437363,1.34213172226009e-74,0.607004010299024,5.43676439637012,912.154172883356,0.165632183056608,0.000866415772566704,5660.57831273998,0.08966531207114,0,0.990299086045966,0.854186650865585,748.333030912114,0.993913639619912,0.678487420546875,912.241524540313,TRUE,0.165408621340138,0.000917051142364786,0.91236014306334,2023-06-29 09:43:00,2023-06-29 09:45:59,TRUE,FALSE,TRUE,FALSE,FALSE,FALSE,FALSE
"2023-06-29_CRC_UP_304_212",2023-06-29,"Jun","CRC","UP",304,212,2023-06-29 10:01:59.5,2482.81152838107,0.0864742649359303,1.66298234158616e-115,0.66472569398404,3.200033124732,254.075707143231,0.0794746846406601,0.000206851663645439,5690.06931311394,0.0285726222883641,0,0.996772365896583,0.313976024037217,136.183072254633,0.997496207947233,0.277117490829399,254.450236079998,TRUE,0.0793483455830922,0.000205932999506619,0.335599760552263,2023-06-29 10:00:00,2023-06-29 10:03:59,TRUE,TRUE,TRUE,FALSE,FALSE,FALSE,FALSE
"2023-06-29_CRC_UP_305_213",2023-06-29,"Jun","CRC","UP",305,213,2023-06-29 10:12:34.5,1463.48717101283,0.0502071530754944,4.11384955760368e-168,0.733500133400776,0.851498995978589,486.405037924025,0.0191765579507725,0.000181908845325166,5726.42218962915,0.0303785048494515,0,0.950560516027429,0.366752097911668,307.322511041446,0.963943402866209,0.313747799450634,488.094373092605,TRUE,0.0191000112516526,0.000169220888510878,0.364071896443658,2023-06-29 10:10:10,2023-06-29 10:14:59,TRUE,TRUE,TRUE,FALSE,FALSE,FALSE,FALSE
"2023-06-29_CRC_UP_306_214",2023-06-29,"Jun","CRC","UP",306,214,2023-06-29 10:20:34.5,1608.65898691158,0.059883748520973,3.37676388394084e-60,0.547733399973835,2.56219107013181,740.107628292852,0.0760346577170362,0.000789414323459515,5694.21272332567,0.0771387466843475,8.17446529974208e-248,0.964847033520696,0.714324005374358,212.120040146148,0.992647505579025,0.327657654737692,741.05115180818,TRUE,0.0767716422595916,0.000816139957444474,0.779186607585277,2023-06-29 10:19:10,2023-06-29 10:21:59,TRUE,TRUE,TRUE,FALSE,FALSE,FALSE,FALSE
"2023-06-29_CRC_UP_307_215",2023-06-29,"Jun","CRC","UP",307,215,2023-06-29 10:28:29.5,NA,NA,NA,NA,NA,5090.94064970024,-0.145442797952541,0.00791016242769332,6031.80215090358,1.3666546443688,3.50746471004035e-60,0.361162609139124,16.7798952563098,4223.08952692553,0.850609341648986,8.12799194628746,5090.94064970024,TRUE,-0.145442797952541,0.00791016242769333,23.9297757039152,2023-06-29 10:26:00,2023-06-29 10:30:59,FALSE,FALSE,TRUE,TRUE,FALSE,FALSE,FALSE
"2023-06-29_CRC_UP_308_216",2023-06-29,"Jun","CRC","UP",308,216,2023-06-29 10:38:29.5,NA,NA,NA,NA,NA,1365.99013286858,-0.0388811572627107,0.00162732464364853,5603.78193634016,0.168411721755179,4.08863913874979e-76,0.614581505565773,1.60435558913161,210.749022919444,0.984602340025595,0.321572004703569,1366.03135730698,TRUE,-0.0387138823283506,0.00166291539696784,2.14673053925225,2023-06-29 10:37:00,2023-06-29 10:39:59,TRUE,FALSE,TRUE,TRUE,FALSE,FALSE,FALSE
"2023-07-13_CRC_TR_309_232",2023-07-13,"Jul","CRC","TR",309,232,2023-07-13 10:42:59.5,5078.29194882885,1.22573382683821,1.25263093934412e-113,0.658614383112299,47.7885752391978,1316.74903787861,1.17800916098321,0.000625751496488209,5423.31621710792,0.0864356652513218,0,0.999865142289336,0.949815744481871,502.606771999309,0.999975473426226,0.405910594507299,1323.15690137885,TRUE,1.17678581300308,0.000560090455116267,0.966672826322051,2023-07-13 10:41:00,2023-07-13 10:44:59,TRUE,FALSE,TRUE,FALSE,FALSE,FALSE,FALSE
"2023-07-13_CRC_TR_311_234",2023-07-13,"Jul","CRC","TR",311,234,2023-07-13 10:34:59.5,3136.81849816565,0.25477083348256,6.38610891940539e-127,0.699612239607106,6.3244205731123,1720.19697680603,0.164899537977486,0.000952615721049131,5480.73411918755,0.131585739770262,0,0.984298137458579,1.44595644656275,838.570463947383,0.997518845184001,0.575992767325934,1720.21173478191,TRUE,0.165002829394796,0.00097094155576655,1.84316616826363,2023-07-13 10:33:00,2023-07-13 10:36:59,TRUE,FALSE,TRUE,FALSE,FALSE,FALSE,FALSE
"2023-07-13_CRC_TR_313_235",2023-07-13,"Jul","CRC","TR",313,235,2023-07-13 11:01:44.5,NA,NA,NA,NA,NA,169.241557889903,0.000971026631469569,0.000155684349998637,5451.23581395521,0.0242013646393845,9.0239571127422e-10,0.0674326601581299,0.281975905589136,104.038368780729,0.179603869724084,0.264967399776428,169.416022846746,TRUE,0.000949543074290908,0.000160452358753398,0.296002781043481,2023-07-13 10:59:30,2023-07-13 11:03:59,TRUE,FALSE,TRUE,FALSE,FALSE,FALSE,FALSE
"2023-07-13_CRC_TR_314_236",2023-07-13,"Jul","CRC","TR",314,236,2023-07-13 10:16:11,NA,NA,NA,NA,NA,306.162911071719,0.0354290343060093,0.000262627223527106,5458.70337367588,0.0327895110741748,0,0.976812401775542,0.342727621090561,225.474472638606,0.980923009448205,0.311590207963594,306.461741250723,TRUE,0.0353669324955367,0.000265682295388968,0.318522515693041,2023-07-13 10:14:23,2023-07-13 10:17:59,TRUE,FALSE,TRUE,FALSE,FALSE,FALSE,FALSE
"2023-07-13_CRC_TR_315_237",2023-07-13,"Jul","CRC","TR",315,237,2023-07-13 10:23:04.5,1483.1670685731,0.0322340447523249,5.43853740761389e-107,0.65182453343825,1.20786760906722,303.304107553024,0.0303490913198845,0.000235256766060817,5451.65456275018,0.0311379904763454,0,0.973216471603877,0.335007204346757,204.549853323723,0.978578217612225,0.30026061602945,304.086138120648,TRUE,0.0301728666542152,0.000238653769808819,0.293159303633085,2023-07-13 10:21:10,2023-07-13 10:24:59,TRUE,TRUE,TRUE,FALSE,FALSE,FALSE,FALSE
"2023-07-13_CRC_TR_316_238",2023-07-13,"Jul","CRC","TR",316,238,2023-07-13 11:08:31,NA,NA,NA,NA,NA,2545.44351175483,0.298909586262491,0.00098350652806792,5413.77856639481,0.16821891362624,0,0.993631722758193,2.05510413911583,2464.01593758071,0.994484780130959,1.91575124195611,2558.93277839601,TRUE,0.301908672612673,0.000807234994504014,1.45587402627713,2023-07-13 11:06:03,2023-07-13 11:10:59,TRUE,FALSE,TRUE,FALSE,FALSE,FALSE,FALSE
"2023-07-13_CRC_TR_327_233",2023-07-13,"Jul","CRC","TR",327,233,2023-07-13 10:49:29.5,1268.494686685,0.0910374757873243,1.39536579044474e-92,0.688057475014459,1.40117592702598,814.910830506379,0.0459675884469339,0.000756955678231965,5430.44338780947,0.0783372940125754,1.37011186269056e-190,0.911512278701602,0.746271543195931,400.292986629927,0.972338641040236,0.418416349662348,815.151386847321,TRUE,0.0462719634493331,0.00078628986412175,0.911937947233825,2023-07-13 10:48:00,2023-07-13 10:50:59,TRUE,TRUE,TRUE,FALSE,FALSE,FALSE,FALSE
"2023-07-13_CRC_TR_327_239",2023-07-13,"Jul","CRC","TR",327,239,2023-07-13 10:54:29.5,NA,NA,NA,NA,NA,424.606884634351,0.0960993447826664,0.000440194154045759,5424.3895223235,0.0455556644328814,0,0.992544433082053,0.433980984742528,252.139312931406,0.995433380153683,0.340599737445716,424.767089190654,TRUE,0.0959325991726589,0.000442034806378281,0.416414208981063,2023-07-13 10:53:00,2023-07-13 10:55:59,TRUE,FALSE,TRUE,FALSE,FALSE,FALSE,FALSE
"2023-07-13_CRC_UP_301_225",2023-07-13,"Jul","CRC","UP",301,225,2023-07-13 14:19:59.5,918.330004905426,-0.132311195528276,3.74409341146785e-70,0.732801221590114,1.62569123683763,923.449509232915,-0.0385448255123054,0.00153090281319053,5737.38087545635,0.211465100500541,4.75842569434523e-69,0.727040307472435,1.64312306006832,864.723415459756,0.789819767252303,1.44793558599121,935.364440739263,TRUE,-0.0339377855623483,0.00113765748319024,1.19583345216677,2023-07-13 14:18:00,2023-07-13 14:21:59,TRUE,TRUE,TRUE,TRUE,FALSE,FALSE,FALSE
"2023-07-13_CRC_UP_302_226",2023-07-13,"Jul","CRC","UP",302,226,2023-07-13 14:26:39.5,NA,NA,NA,NA,NA,621.839068255506,0.388754587953954,0.00285569532211266,5562.55785751401,0.262560958188427,1.09679706431271e-165,0.991546378384393,1.66837140863487,614.35418693357,0.992131917115509,1.61983971818076,625.637914147761,TRUE,0.393218559864153,0.00253844335293922,1.59376290955979,2023-07-13 14:25:20,2023-07-13 14:27:59,TRUE,FALSE,TRUE,FALSE,FALSE,FALSE,FALSE
"2023-07-13_CRC_UP_304_227",2023-07-13,"Jul","CRC","UP",304,227,2023-07-13 14:33:29.160221,NA,NA,NA,NA,NA,275.426663908083,0.18422581683343,0.000731852319682474,5614.29735551625,0.0755451910402969,3.39057370850363e-230,0.99718308424044,0.512164012533607,124.472529506791,0.998803330365306,0.335698304161536,275.596833557724,TRUE,0.184002138245416,0.000775737589024096,0.577170655565673,2023-07-13 14:32:00,2023-07-13 14:34:59,TRUE,FALSE,TRUE,FALSE,FALSE,FALSE,FALSE
"2023-07-13_CRC_UP_305_228",2023-07-13,"Jul","CRC","UP",305,228,2023-07-13 14:39:49.5,571.609717823289,0.0962737151949457,8.97429911267573e-33,0.644261683892971,1.83728794623,134.17055003548,0.0750825078701155,0.000805556674650621,5559.14987023667,0.0647634501681726,1.70166671573577e-126,0.984363156238139,0.385200153691738,128.520267674045,0.985404703475597,0.374876704713961,134.783348300332,TRUE,0.0744932949152299,0.000805658568518969,0.324221092411915,2023-07-13 14:38:40,2023-07-13 14:40:59,TRUE,TRUE,TRUE,FALSE,FALSE,FALSE,FALSE
"2023-07-13_CRC_UP_306_229",2023-07-13,"Jul","CRC","UP",306,229,2023-07-13 14:46:42,NA,NA,NA,NA,NA,287.664329812044,0.0134023940350002,0.00108463271421565,5639.86412314819,0.096593226767548,9.16574648760002e-25,0.499486486275896,0.604199810816076,165.284108398605,0.778531950804748,0.404562349595452,291.608739677111,TRUE,0.0152597540829183,0.000855119318015798,0.504227528470752,2023-07-13 14:45:25,2023-07-13 14:47:59,TRUE,FALSE,TRUE,FALSE,FALSE,FALSE,FALSE
"2023-07-13_CRC_UP_307_230",2023-07-13,"Jul","CRC","UP",307,230,2023-07-13 14:54:59.5,NA,NA,NA,NA,NA,1531.26324340538,0.0939029537075857,0.00543107043599986,5608.12004165098,0.750199062722146,6.16865074457862e-44,0.556749543930722,5.82918588780204,1371.97839391057,0.775521163261541,4.16584865375399,1531.67444922265,TRUE,0.0968831392856517,0.00662126778843433,5.83575262147543,2023-07-13 14:53:00,2023-07-13 14:56:59,FALSE,FALSE,TRUE,FALSE,FALSE,FALSE,FALSE
"2023-07-13_CRC_UP_307_241",2023-07-13,"Jul","CRC","UP",307,241,2023-07-13 15:03:44.5,NA,NA,NA,NA,NA,684.670193553338,0.15742240220013,0.00441180913893073,5592.900156136,0.380162976375591,1.38771918100987e-74,0.895863297571695,2.33966312533198,489.474903315256,0.972402204927571,1.21267114054057,685.287673156341,TRUE,0.157437895995159,0.00473534258286102,2.40299763251842,2023-07-13 15:02:30,2023-07-13 15:04:59,TRUE,FALSE,TRUE,FALSE,FALSE,FALSE,FALSE
"2023-07-13_CRC_UP_308_231",2023-07-13,"Jul","CRC","UP",308,231,2023-07-13 14:06:44.5,NA,NA,NA,NA,NA,763.452327545251,-0.155294929919996,0.00573674487329123,5663.12378974808,0.494331902641279,3.41984951934292e-59,0.831970298523539,3.04230079244313,599.078896216197,0.945311622150943,1.74747541037375,763.498612357513,TRUE,-0.156508893641078,0.00622573661729651,3.53715682771224,2023-07-13 14:05:30,2023-07-13 14:07:59,TRUE,FALSE,TRUE,TRUE,FALSE,FALSE,FALSE
"2023-07-13_CRC_UP_308_240",2023-07-13,"Jul","CRC","UP",308,240,2023-07-13 14:12:37,NA,NA,NA,NA,NA,677.518094332537,0.193625834709077,0.00304460501961759,5600.61100469761,0.288718894979191,5.48263456368094e-117,0.961259642352326,1.86276588755516,582.776633349166,0.978705500646124,1.38960396458083,681.23440167182,TRUE,0.199002876694404,0.00309977003971035,1.72123256614384,2023-07-13 14:11:15,2023-07-13 14:13:59,TRUE,FALSE,TRUE,FALSE,FALSE,FALSE,FALSE
"2023-07-25_OWC_TR_120_250",2023-07-25,"Jul","OWC","TR",120,250,2023-07-25 12:59:14.5,NA,NA,NA,NA,NA,112.732670997977,0.103059300801182,0.000221683600929355,5501.00858375153,0.0267816972717419,0,0.998069677404318,0.275411430005927,95.1968626545601,0.998166161331744,0.269084729020751,113.443521666453,TRUE,0.103244119006844,0.000212831917259434,0.250445436181711,2023-07-25 12:57:30,2023-07-25 13:00:59,TRUE,FALSE,TRUE,FALSE,FALSE,FALSE,FALSE
"2023-07-25_OWC_TR_121_251",2023-07-25,"Jul","OWC","TR",121,251,2023-07-25 13:05:09.5,1986.52475798357,0.195437141742086,2.03110941412418e-69,0.623451288335101,5.35894007138161,390.937587124632,0.188246410077127,0.000536094448021633,5497.53543135079,0.0492900873780619,0,0.997427604643409,0.442932120820728,363.036200392638,0.997671683028714,0.422726416372033,392.804857240083,TRUE,0.188930616210193,0.000490140455591967,0.389659807117501,2023-07-25 13:03:50,2023-07-25 13:06:29,TRUE,FALSE,TRUE,FALSE,FALSE,FALSE,FALSE
"2023-07-25_OWC_TR_122_252",2023-07-25,"Jul","OWC","TR",122,252,2023-07-25 13:21:39.5,NA,NA,NA,NA,NA,1176.583291818,0.095391536665938,0.000688494248836428,5508.52588701544,0.0871523313667763,0,0.977692176768885,0.917179261625629,972.208984291332,0.986107356397218,0.72545735314657,1177.9157410249,TRUE,0.0950294781139819,0.00070388716309412,0.84961725114607,2023-07-25 13:19:50,2023-07-25 13:23:29,TRUE,FALSE,TRUE,FALSE,FALSE,FALSE,FALSE
"2023-07-25_OWC_TR_123_253",2023-07-25,"Jul","OWC","TR",123,253,2023-07-25 13:53:59.5,1522.89044740154,0.399983433719846,1.15961981338793e-50,0.610689961177412,5.72838719185447,729.797255357466,0.262038821632464,0.00204539037386546,5631.68452214089,0.14082281247942,1.50877205313927e-221,0.985706268646189,1.09763354569583,645.047256523277,0.990124771868153,0.916200679124194,735.173314468995,TRUE,0.265997677807193,0.00127387967274653,0.744348493807134,2023-07-25 13:53:00,2023-07-25 13:54:59,TRUE,FALSE,TRUE,FALSE,FALSE,FALSE,FALSE
"2023-07-25_OWC_TR_124_254",2023-07-25,"Jul","OWC","TR",124,254,2023-07-25 13:25:54.5,1209.77009498436,0.322781149720259,6.70242520308026e-46,0.605356820501643,3.74892388028067,888.738784474978,0.178298137195467,0.00383744970898359,5510.50224552563,0.242048490266166,4.59071272139094e-115,0.908279236334159,1.80733289295675,850.176124229385,0.924413163584923,1.6482716063068,888.880152594126,TRUE,0.176871616186342,0.00363099964057881,1.45890176669824,2023-07-25 13:25:00,2023-07-25 13:26:49,TRUE,TRUE,TRUE,FALSE,FALSE,FALSE,FALSE
"2023-07-25_OWC_TR_126_255",2023-07-25,"Jul","OWC","TR",126,255,2023-07-25 13:38:19.5,4252.68467142636,3.13827354273708,6.40183878244e-84,0.651343689204302,88.4130995905683,2355.60266144037,2.87106506784294,0.00643273108220817,5543.03723832609,0.665722922203048,0,0.998206059845824,6.3419355845202,2176.16377526107,0.998922264648733,4.92935878680939,2355.66040477223,TRUE,2.86955880135834,0.00669215461521822,7.87933894316991,2023-07-25 13:36:50,2023-07-25 13:39:49,TRUE,FALSE,TRUE,FALSE,FALSE,FALSE,FALSE
"2023-07-25_OWC_TR_127_256",2023-07-25,"Jul","OWC","TR",127,256,2023-07-25 13:47:14.5,NA,NA,NA,NA,NA,685.339254147229,0.177021609656168,0.00100435178793093,5644.49884591,0.0865443977752194,2.27575824014497e-303,0.990498563781558,0.753247101565737,529.170708508146,0.994429149050671,0.578716528801547,692.195719756387,TRUE,0.178141477069395,0.000873528250668707,0.614078137972074,2023-07-25 13:46:00,2023-07-25 13:48:29,TRUE,FALSE,TRUE,FALSE,FALSE,FALSE,FALSE
"2023-07-25_OWC_TR_128_257",2023-07-25,"Jul","OWC","TR",128,257,2023-07-25 12:46:40.317972,4729.7291790386,1.36571432026236,3.77577502254701e-82,0.574358985649546,56.0057994719249,4142.96851194088,1.27235081046062,0.0215348946124054,5549.57168248106,2.7411274349623,4.53155007807757e-209,0.889875317873063,28.4874515953325,4145.09109669468,0.890350670909877,28.4919321403232,4146.68763216505,TRUE,1.24687095507539,0.00141210193011642,1.91005517006167,2023-07-25 12:44:50,2023-07-25 12:48:29,TRUE,FALSE,TRUE,FALSE,FALSE,FALSE,FALSE
"2023-07-25_OWC_UP_101_242",2023-07-25,"Jul","OWC","UP",101,242,2023-07-25 15:19:44.5,1264.74201863629,0.0355406488978941,4.92617305222548e-94,0.63706553331442,1.08540209120196,277.655516279228,0.0291318910110122,0.000269774888465036,5617.31510966996,0.0325916277257287,1.90708611461304e-307,0.965394372012749,0.335158250318762,271.92527523896,0.966186873440167,0.3320937388976,279.111521439629,TRUE,0.0288298305183497,0.000263024468505184,0.30224454191458,2023-07-25 15:18:00,2023-07-25 15:21:29,TRUE,TRUE,TRUE,FALSE,FALSE,FALSE,FALSE
"2023-07-25_OWC_UP_102_243",2023-07-25,"Jul","OWC","UP",102,243,2023-07-25 15:26:29.5,NA,NA,NA,NA,NA,424.942692188681,0.0479162096072441,0.000440399508211537,5636.93177388417,0.0455769165221699,2.21055797678287e-276,0.970645649367788,0.434183440414113,192.018196056663,0.98479966955063,0.313314176580875,436.270509572583,TRUE,0.0490854782360014,0.000384853502004056,0.359663581769695,2023-07-25 15:25:00,2023-07-25 15:27:59,TRUE,FALSE,TRUE,FALSE,FALSE,FALSE,FALSE
"2023-07-25_OWC_UP_103_244",2023-07-25,"Jul","OWC","UP",103,244,2023-07-25 15:38:44.5,2403.63765794642,0.13059722814188,4.97914545492606e-99,0.656475316105399,4.21133058559744,223.436411634266,0.118131157999068,0.000252911926536389,5694.65307297002,0.0305544055785575,0,0.998087705900226,0.314208335938832,194.507699162514,0.998231906364069,0.302854803442336,225.87758685458,TRUE,0.117788550217235,0.000239781356785643,0.301592007573108,2023-07-25 15:37:00,2023-07-25 15:40:29,TRUE,TRUE,TRUE,FALSE,FALSE,FALSE,FALSE
"2023-07-25_OWC_UP_104_245",2023-07-25,"Jul","OWC","UP",104,245,2023-07-25 15:52:44.5,947.042890366776,0.0375441848629533,2.6256363490139e-99,0.657524243563781,0.743592032000643,144.279891148814,0.0203738755619052,0.000230167512421127,5718.19161656232,0.027806642501341,7.11659679208797e-273,0.94935399278237,0.285951524925881,135.892497626029,0.950825922594797,0.282442076964285,144.3707502547,TRUE,0.0203086779312948,0.000218700247379243,0.270468004096912,2023-07-25 15:51:00,2023-07-25 15:54:29,TRUE,TRUE,TRUE,FALSE,FALSE,FALSE,FALSE
"2023-07-25_OWC_UP_105_246",2023-07-25,"Jul","OWC","UP",105,246,2023-07-25 15:59:14.5,NA,NA,NA,NA,NA,149.224159855539,0.0311258898728186,0.000410991473325052,5689.59433460086,0.0354148914524687,1.0662158120691e-196,0.950609817611629,0.308236755059789,59.5747251197018,0.963853255655863,0.264582416889933,150.070998611032,TRUE,0.0314441663828304,0.000402652800787494,0.320883503456174,2023-07-25 15:58:00,2023-07-25 16:00:29,TRUE,FALSE,TRUE,FALSE,FALSE,FALSE,FALSE
"2023-07-25_OWC_UP_106_247",2023-07-25,"Jul","OWC","UP",106,247,2023-07-25 16:04:47.5,87.3695374032579,0.118566833087787,3.28195187864838e-19,0.560836836323228,0.36714827533708,121.348004780686,0.0235246443876173,0.0030153122484915,5719.89317562217,0.0857377937804994,6.70257713263016e-12,0.383131613571707,0.435135781316219,86.9935546331915,0.579640125868684,0.36292475134422,125.665408653904,TRUE,0.0172883457679029,0.00244884237303628,0.313624653350741,2023-07-25 16:04:23,2023-07-25 16:05:12,TRUE,TRUE,TRUE,FALSE,FALSE,FALSE,FALSE
"2023-07-25_OWC_UP_107_248",2023-07-25,"Jul","OWC","UP",107,248,2023-07-25 15:32:59.5,NA,NA,NA,NA,NA,105.061004102644,0.0388795914360903,0.000282421932092437,5680.93039793128,0.029227827422605,4.17123465795677e-312,0.981460026994773,0.278435656348181,108.82277559252,0.981472291686679,0.27912431360618,105.373600508403,TRUE,0.0387374890268777,0.00029268381495419,0.271319708028581,2023-07-25 15:31:30,2023-07-25 15:34:29,TRUE,FALSE,TRUE,FALSE,FALSE,FALSE,FALSE
"2023-07-25_OWC_UP_108_249",2023-07-25,"Jul","OWC","UP",108,249,2023-07-25 15:46:44.5,1208.22339690189,0.0817869794074832,1.02299873159987e-91,0.627693341695759,1.01477451572246,942.195846569026,0.024516044060753,0.000595086816885669,5732.04329081226,0.0718927106625058,2.91640166077607e-149,0.802385347360222,0.739313645795506,944.861215049731,0.803012309600044,0.739912169435432,942.469276354576,TRUE,0.0247697967208002,0.000273942559572434,0.337981685202037,2023-07-25 15:45:00,2023-07-25 15:48:29,TRUE,TRUE,TRUE,FALSE,FALSE,FALSE,FALSE
"2023-07-27_PTR_TR_1_266",2023-07-27,"Jul","PTR","TR",1,266,2023-07-27 10:37:19.5,357.522038302984,0.0070842924673779,0.500967740940948,0.00126600975157425,0.395372090001275,355.450198406873,-0.000635129444557445,0.000399880173383329,5369.37056757017,0.0413835731905692,0.113101394660332,0.00699732654645523,0.394236020239992,218.376480148906,0.328937741891049,0.324996747328976,355.647005842417,TRUE,-0.000580865525791088,0.000412426841514308,0.398175532102601,2023-07-27 10:35:50,2023-07-27 10:38:49,TRUE,TRUE,TRUE,TRUE,FALSE,FALSE,FALSE
"2023-07-27_PTR_TR_2_267",2023-07-27,"Jul","PTR","TR",2,267,2023-07-27 10:43:19.5,NA,NA,NA,NA,NA,183.563746732067,0.00739049292065177,0.000314956253941621,5388.15921431906,0.0325948022792469,2.12776860654259e-74,0.605992802847822,0.310510768896294,146.205812967715,0.648754283108936,0.293999520477801,183.648264553747,TRUE,0.00747017138291915,0.000293791667853043,0.283880776648444,2023-07-27 10:41:50,2023-07-27 10:44:49,TRUE,FALSE,TRUE,FALSE,FALSE,FALSE,FALSE
"2023-07-27_PTR_TR_3_268",2023-07-27,"Jul","PTR","TR",3,268,2023-07-27 10:47:29.5,619.681085047792,0.0137296019467324,1.63247814014964e-66,0.564018816689154,0.569032248715721,187.206257754248,0.0154167386898565,0.000316553668488133,5380.49786058823,0.0327601186069906,5.37992371479871e-160,0.868858076773654,0.312085636557679,188.30818241285,0.869909558697948,0.311703884633588,187.308371996048,TRUE,0.015381911850609,0.000313818494374981,0.311740176511651,2023-07-27 10:46:00,2023-07-27 10:48:59,TRUE,TRUE,TRUE,FALSE,FALSE,FALSE,FALSE
"2023-07-27_PTR_TR_6_263",2023-07-27,"Jul","PTR","TR",6,263,2023-07-27 10:18:29.5,437.594414995563,0.0154415302472377,3.19774683318233e-68,0.573473714724557,0.44188026680367,73.9536848792856,0.0119341080914991,0.000270479837005617,5425.12805585503,0.0279919407771314,7.88014312749804e-147,0.84466860668254,0.266662119289512,62.6621109199462,0.851128389249654,0.261790670484166,73.9542122098648,TRUE,0.011932525034465,0.000284212391772782,0.303894715927538,2023-07-27 10:17:00,2023-07-27 10:19:59,TRUE,TRUE,TRUE,FALSE,FALSE,FALSE,FALSE
"2023-07-27_PTR_TR_7_270",2023-07-27,"Jul","PTR","TR",7,270,2023-07-27 10:23:59.5,NA,NA,NA,NA,NA,557.191165321259,0.00786337092022224,0.000529196978714578,5425.37974469055,0.0547665609814298,3.05912145546688e-39,0.381470089513735,0.521727569152245,143.770014439204,0.806003066257341,0.293006584891702,557.207610758644,TRUE,0.00791965975894039,0.000547017464780912,0.617383103436771,2023-07-27 10:22:30,2023-07-27 10:25:29,TRUE,FALSE,TRUE,FALSE,FALSE,FALSE,FALSE
"2023-07-27_PTR_TR_7_271",2023-07-27,"Jul","PTR","TR",7,271,2023-07-27 10:29:59.5,NA,NA,NA,NA,NA,2775.76692481655,-0.117533766783285,0.00286053406019185,5413.49617769161,0.39512836302327,5.83254626071685e-159,0.779339926068122,4.34194772724458,2574.31073915839,0.856176094862147,3.51276196122541,2775.95694867441,TRUE,-0.116302511513741,0.0029997202396377,3.81260812704078,2023-07-27 10:28:00,2023-07-27 10:31:59,TRUE,FALSE,TRUE,TRUE,FALSE,FALSE,FALSE
"2023-07-27_PTR_UP_1_258",2023-07-27,"Jul","PTR","UP",1,258,2023-07-27 12:43:59.5,951.504948828737,0.0210379988804704,4.94717203338194e-114,0.659937386115325,0.649241929420208,186.298518163521,0.0154726556626674,0.00019275128847516,5371.85302422011,0.0266249236971881,1.41228855857567e-279,0.930941795309342,0.292573345154314,110.038255629381,0.941575179098696,0.269672264601063,186.349324313155,TRUE,0.0154608795841023,0.000206233863337511,0.307316810934589,2023-07-27 12:42:00,2023-07-27 12:45:59,TRUE,TRUE,TRUE,FALSE,FALSE,FALSE,FALSE
"2023-07-27_PTR_UP_2_259",2023-07-27,"Jul","PTR","UP",2,259,2023-07-27 12:55:54.5,NA,NA,NA,NA,NA,178.920203088006,0.0214985570058797,0.000205506495774596,5434.26952298535,0.0272003199542505,7.46039125220282e-322,0.959830847631439,0.292642620985227,176.632002898269,0.960376223821719,0.291285920085968,178.959600692767,TRUE,0.0215238007117236,0.000219603630409997,0.310736905910129,2023-07-27 12:54:00,2023-07-27 12:57:49,TRUE,FALSE,TRUE,FALSE,FALSE,FALSE,FALSE
"2023-07-27_PTR_UP_3_260",2023-07-27,"Jul","PTR","UP",3,260,2023-07-27 13:00:54.5,2176.69017710309,0.07254692903605,5.53916894072304e-110,0.662131829987895,2.56686667930436,246.548221604173,0.0661977049689975,0.000221182103249699,5426.75549294457,0.0292751037083743,0,0.994912965656592,0.314964790606967,143.700216579968,0.995967378159319,0.28104362548823,246.946078320588,TRUE,0.0663331886056959,0.000236778189276249,0.323977220282654,2023-07-27 12:59:00,2023-07-27 13:02:49,TRUE,TRUE,TRUE,FALSE,FALSE,FALSE,FALSE
"2023-07-27_PTR_UP_4_261",2023-07-27,"Jul","PTR","UP",4,261,2023-07-27 13:06:14.5,1626.95762593833,0.137454908004991,6.04410178652035e-125,0.741723564234996,1.67056111269754,1293.42260616658,0.0508399873018058,0.000904004556172141,5412.66276000398,0.109213204107926,4.59523022292578e-197,0.88326581017528,1.12310151271219,701.339771456488,0.971762394335732,0.553701099042889,1293.42307208668,TRUE,0.0508226594970141,0.000917549375274756,1.51537692397243,2023-07-27 13:04:30,2023-07-27 13:07:59,TRUE,TRUE,TRUE,FALSE,FALSE,FALSE,FALSE
"2023-07-27_PTR_UP_5_262",2023-07-27,"Jul","PTR","UP",5,262,2023-07-27 12:31:24.5,NA,NA,NA,NA,NA,2579.45596820681,0.231260032739986,0.00110528661674914,5392.54443364491,0.184581210369006,0,0.986968932985106,2.22840282869056,2186.22721714172,0.993430359452128,1.58499243433787,2579.55110847378,TRUE,0.231531090201368,0.00120169660319949,2.71599994835339,2023-07-27 12:29:00,2023-07-27 12:33:49,TRUE,FALSE,TRUE,FALSE,FALSE,FALSE,FALSE
"2023-07-27_PTR_UP_6_269",2023-07-27,"Jul","PTR","UP",6,269,2023-07-27 11:04:29.5,2550.72828080131,0.0368526979831187,6.82224258554329e-120,0.596308774940514,2.02048547782857,1087.49537549552,0.0360072104940515,0.000281378067180886,5390.93707408273,0.0486142536074839,0,0.964768915246811,0.596889702060772,543.227741932328,0.985872130692501,0.378614179853179,1087.90507874844,TRUE,0.0359331005374731,0.000292655500955724,0.702892881165368,2023-07-27 11:02:00,2023-07-27 11:06:59,TRUE,TRUE,TRUE,FALSE,FALSE,FALSE,FALSE
"2023-07-27_PTR_UP_7_264",2023-07-27,"Jul","PTR","UP",7,264,2023-07-27 12:50:14.5,2381.6865225834,0.120310162371771,4.62115982182399e-97,0.648956930444357,4.10270432337343,154.521825359612,0.113854444248966,0.000232991072534125,5414.72326382707,0.0281477580906668,0,0.998252588006304,0.289459410602442,102.30144519392,0.998471513875302,0.271370255303879,154.607727145122,TRUE,0.113913607780393,0.000249744531230587,0.266776385902407,2023-07-27 12:48:30,2023-07-27 12:51:59,TRUE,TRUE,TRUE,FALSE,FALSE,FALSE,FALSE
"2023-07-27_PTR_UP_8_265",2023-07-27,"Jul","PTR","UP",8,265,2023-07-27 12:38:03.840517,1218.53519211973,0.0419515951451152,9.32205026818247e-125,0.705599521498052,0.895684091858503,540.825990171892,0.0238787293638944,0.000300862223019968,5379.05648472973,0.03993850518565,2.40502329637492e-271,0.931669185037228,0.431513021108211,159.557924115574,0.970213903396572,0.285518644961311,540.834184609496,TRUE,0.0238836928287471,0.000320186935100518,0.492390562358423,2023-07-27 12:36:09,2023-07-27 12:39:59,TRUE,TRUE,TRUE,FALSE,FALSE,FALSE,FALSE
"2023-08-03_CRC_TR_309_272",2023-08-03,"Aug","CRC","TR",309,272,2023-08-03 13:20:49.5,4102.05374196046,0.72403839051333,3.79106018020642e-103,0.654550224186424,25.4813267606714,1065.39178668019,0.680984502085861,0.000606771926664861,5506.7419261044,0.076807595860277,0,0.999652384111627,0.808312674527301,923.171557812262,0.999750669481662,0.68613742772207,1065.56398041834,TRUE,0.680746948292185,0.000625115495563108,0.891813562041187,2023-08-03 13:19:00,2023-08-03 13:22:39,TRUE,FALSE,TRUE,FALSE,FALSE,FALSE,FALSE
"2023-08-03_CRC_TR_314_273",2023-08-03,"Aug","CRC","TR",314,273,2023-08-03 13:27:07.5,NA,NA,NA,NA,NA,432.498046496074,0.109166719135473,0.000285211802478149,5407.72017972063,0.0367619094669298,0,0.996964926529351,0.390354839372428,435.000791345681,0.99697505307879,0.39057980754385,432.918755404021,TRUE,0.108985921049995,0.000297957595136251,0.40557931036031,2023-08-03 13:25:16,2023-08-03 13:28:59,TRUE,FALSE,TRUE,FALSE,FALSE,FALSE,FALSE
"2023-08-03_CRC_TR_316_274",2023-08-03,"Aug","CRC","TR",316,274,2023-08-03 13:12:14.5,5125.2304995786,0.611402006099523,1.58385101155827e-124,0.649353070376808,27.7419302706553,2412.3070800869,0.59927238305883,0.00124232894754707,5455.64998623271,0.193121889656299,0,0.99769323165456,2.25010946846777,1591.73719427227,0.999498992250345,1.0505884462785,2413.04137656116,TRUE,0.600093717011018,0.00134238503059713,2.51728109508323,2023-08-03 13:10:00,2023-08-03 13:14:29,TRUE,FALSE,TRUE,FALSE,FALSE,FALSE,FALSE
