"Plot_clean","Date","Month","Site","Zone","Replicate","Row_ID","TIMESTAMP","co2_HM81_AIC","co2_HM81_flux.estimate","co2_HM81_p.value","co2_HM81_r.squared","co2_HM81_RMSE","co2_lin_AIC","co2_lin_flux.estimate","co2_lin_flux.std.error","co2_lin_int.estimate","co2_lin_int.std.error","co2_lin_p.value","co2_lin_r.squared","co2_lin_RMSE","co2_poly_AIC","co2_poly_r.squared","co2_poly_RMSE","co2_rob_AIC","co2_rob_converged","co2_rob_flux.estimate","co2_rob_flux.std.error","co2_rob_RMSE","TIMESTAMP_min","TIMESTAMP_max","CO2_initial","CO2_lin_pass","CO2_HM81_pass","CO2_poly_pass","CO2_neg_flux","CO2_rejected_model","CO2_rejected_negflux","CO2_flux_rejected","CO2_rejected_manual","ch4_HM81_AIC","ch4_HM81_flux.estimate","ch4_HM81_p.value","ch4_HM81_r.squared","ch4_HM81_RMSE","ch4_lin_AIC","ch4_lin_flux.estimate","ch4_lin_flux.std.error","ch4_lin_int.estimate","ch4_lin_int.std.error","ch4_lin_p.value","ch4_lin_r.squared","ch4_lin_RMSE","ch4_poly_AIC","ch4_poly_r.squared","ch4_poly_RMSE","ch4_rob_AIC","ch4_rob_converged","ch4_rob_flux.estimate","ch4_rob_flux.std.error","ch4_rob_RMSE","CH4_lin_pass","CH4_HM81_pass","CH4_poly_pass","CH4_neg_flux","CH4_rejected_model","CH4_rejected_manual","CH4_flux_rejected"
"2023-01-12_PTR_TR_1_26",2023-01-12,"Jan","PTR","TR",1,26,2023-01-12 11:23:00,3569.21494601363,0.117510205837117,7.66616871289468e-156,0.693855236720761,4.72126468654857,2195.87913985149,0.0968267556296193,0.000708643328237047,1234.15094052765,0.122433730607797,0,0.968963464891483,1.50325115705215,2041.79363410133,0.976152265590525,1.31991497628948,2196.20435638171,TRUE,0.0964507525409437,0.000771375240766898,1.61929721645259,2023-01-12 11:23:00,2023-01-12 11:27:59,443.27451,TRUE,TRUE,TRUE,FALSE,FALSE,FALSE,FALSE,FALSE,928.001488622825,0.0155489127309605,1.38549392157501e-133,0.63666863138447,0.522602308421309,445.57330561698,0.00914606222862985,0.00016480519526136,6336.33562219853,0.0284737244751779,4.71639049122432e-238,0.837404047019703,0.349602671178995,405.874708700134,0.848825119977997,0.337665861283913,445.833959934174,TRUE,0.00914779106043271,0.000168566456391501,0.357243212266554,TRUE,TRUE,TRUE,FALSE,FALSE,FALSE,FALSE
"2023-01-12_PTR_TR_2_27",2023-01-12,"Jan","PTR","TR",2,27,2023-01-12 11:38:40,6267.0391454339,0.30423658756965,4.58007659324757e-198,0.6957943446955,14.9018250429955,3062.71747857751,0.24542303514292,0.000598552480515984,1207.88819457554,0.131059076283041,0,0.995511622621297,1.81009138288266,2508.02649414661,0.997848056183267,1.25500364672556,3065.06403378516,TRUE,0.246287520594752,0.000620098859901076,1.6961866091817,2023-01-12 11:38:40,2023-01-12 11:44:59,431.73007,TRUE,FALSE,TRUE,FALSE,FALSE,FALSE,FALSE,FALSE,NA,NA,NA,NA,NA,574.473222088378,0.017116600616051,0.000116455754081651,6346.90883238113,0.0254991568068168,0,0.966101624425727,0.352175563233123,406.615482305662,0.972962129615649,0.314941375722216,574.891248324907,TRUE,0.017057138526578,0.000122612721156554,0.347300274849586,TRUE,FALSE,TRUE,FALSE,FALSE,FALSE,FALSE
"2023-01-12_PTR_TR_3_28",2023-01-12,"Jan","PTR","TR",3,28,2023-01-12 11:53:00,4367.59782341202,0.18453109164355,1.27435629597517e-142,0.661071346880125,9.18338405615147,1935.93654024081,0.181306292006457,0.000570625714685406,1224.27547516129,0.0985881504077388,0,0.994111385050223,1.21047321221319,1924.74514941994,0.994258607179967,1.19724959111536,1936.1639981169,TRUE,0.181549614543457,0.000605120675881049,1.22065629830674,2023-01-12 11:53:00,2023-01-12 11:57:59,439.34369,TRUE,FALSE,TRUE,FALSE,FALSE,FALSE,FALSE,FALSE,1213.06648613074,0.0325092825245772,8.67947369308613e-139,0.650926254255023,0.662734816361585,349.957197179295,0.0123837821858546,0.00015218304675164,6364.84091604519,0.0262929705348633,0,0.917171871146314,0.322827199519756,341.530268630092,0.918869726578022,0.320036951866937,350.012233053233,TRUE,0.0123656814903384,0.000154934993901054,0.349717021974815,TRUE,TRUE,TRUE,FALSE,FALSE,FALSE,FALSE
"2023-01-12_PTR_TR_4_29",2023-01-12,"Jan","PTR","TR",4,29,2023-01-12 12:05:00,4938.77859354834,-0.537042542414734,7.78274202034853e-168,0.720846831171212,14.7815494666181,3468.38516759341,-0.318606050773273,0.00204627025371427,1520.21473094296,0.353538220161153,0,0.975926662181996,4.34077060203183,2678.08600334377,0.993593757067893,2.24299261632337,3468.39777232183,TRUE,-0.318499756649149,0.00211023692500471,5.48627839444714,2023-01-12 12:05:00,2023-01-12 12:09:59,547.90057,TRUE,FALSE,TRUE,TRUE,FALSE,TRUE,TRUE,FALSE,1054.41061314981,0.00903497568052042,9.67401464799811e-106,0.549887759025035,0.580657863027775,321.809811630334,0.00929132970915653,0.000148654957142398,6391.46258993333,0.0256834154095046,2.16363339502428e-264,0.86724628559449,0.315343032836819,319.324486393522,0.868673476890155,0.314169184573908,321.945127433726,TRUE,0.00930976964855855,0.000148583905373705,0.301926209242127,TRUE,TRUE,TRUE,FALSE,FALSE,FALSE,FALSE
"2023-01-12_PTR_TR_4_30",2023-01-12,"Jan","PTR","TR",4,30,2023-01-12 12:16:00,3664.13069263284,0.118718117593837,1.37654184863357e-143,0.663582500006634,5.10986590040349,2094.43037597439,0.100302418908692,0.000651196669488768,1227.30511725895,0.112508556036546,0,0.975413789089245,1.38138906819714,2025.87062681249,0.978214320757965,1.30251648354886,2094.59502551487,TRUE,0.100242695867966,0.000645753855423608,1.26540600132241,2023-01-12 12:16:00,2023-01-12 12:20:59,439.81253,TRUE,FALSE,TRUE,FALSE,FALSE,FALSE,FALSE,FALSE,1604.60127964393,0.0156159522972276,4.36370937794837e-127,0.618042777159629,0.918419198325455,244.969882982094,0.0167881402217086,0.000139434453403039,6403.27586668627,0.0240903704658636,0,0.960383080287597,0.295783499341629,239.019953983183,0.961034638785781,0.293832889156309,245.108489156262,TRUE,0.0167818487018267,0.00014651291379219,0.306289855590603,TRUE,TRUE,TRUE,FALSE,FALSE,FALSE,FALSE
"2023-01-12_PTR_TR_5_31",2023-01-12,"Jan","PTR","TR",5,31,2023-01-12 12:24:00,4434.61361733054,0.26945437298807,4.00421133570391e-161,0.706049860315606,9.71083492985626,2492.57624970428,0.205278680665645,0.000907415027695802,1219.13247975751,0.15677591620987,0,0.98845004877515,1.92490726428448,2019.81687421762,0.994782166617768,1.2959621030802,2493.06828531909,TRUE,0.204823573374056,0.000932000459197458,2.03281215250989,2023-01-12 12:24:00,2023-01-12 12:28:59,435.68756,TRUE,FALSE,TRUE,FALSE,FALSE,FALSE,FALSE,FALSE,697.403081800189,0.0252277622291088,5.75733807884939e-146,0.66968361503693,0.431235968603096,593.507776987932,0.00735065751718842,0.000186427582812342,6413.95918224215,0.0322094677850037,1.81354570059591e-168,0.722202593028377,0.395470426944234,260.180075763976,0.841670348605167,0.299060123860852,594.03638314778,TRUE,0.00727642763860808,0.000198970759789883,0.371293973603023,TRUE,TRUE,TRUE,FALSE,FALSE,FALSE,FALSE
"2023-01-12_PTR_TR_6_32",2023-01-12,"Jan","PTR","TR",6,32,2023-01-12 12:37:30,3512.36465297792,0.14791402387249,6.24833835505423e-137,0.684643935167978,6.23108636770465,1830.98832187379,0.141098595605902,0.000725227189843159,1218.69270114695,0.112737649403708,0,0.9859862009225,1.31353340021447,1736.58517781597,0.988320741999541,1.20137764463416,1830.99365315946,TRUE,0.141145063062093,0.000754031744050942,1.25538649525527,2023-01-12 12:37:30,2023-01-12 12:41:59,435.00223,TRUE,FALSE,TRUE,FALSE,FALSE,FALSE,FALSE,FALSE,NA,NA,NA,NA,NA,462.661383043851,0.0177526899879614,0.000204284898995883,6429.49055440221,0.0317563925401782,7.85346988003412e-319,0.93349726368918,0.370001348196229,271.823807743698,0.953640196971866,0.309501731506031,462.67896925352,TRUE,0.0177787668208851,0.000206077312247228,0.412263238742428,TRUE,FALSE,TRUE,FALSE,FALSE,FALSE,FALSE
"2023-01-12_PTR_TR_7_33",2023-01-12,"Jan","PTR","TR",7,33,2023-01-12 11:02:25,NA,NA,NA,NA,NA,2305.73987758391,0.249502976208608,0.000734113899888336,1208.96890483206,0.128953537426834,0,0.994764006778987,1.59637620862526,2001.62176381034,0.99684040172474,1.2421301987477,2306.27806111351,TRUE,0.249708072370825,0.000778564947415933,1.59426512442215,2023-01-12 11:02:25,2023-01-12 11:07:29,435.58896,TRUE,FALSE,TRUE,FALSE,FALSE,FALSE,FALSE,FALSE,661.978487807484,0.0230187307923985,1.18838057437831e-156,0.689739604028543,0.414945036157827,769.85507464343,0.00670318526638209,0.000208458967625437,6372.5062653961,0.0366176437848878,2.77284699620758e-133,0.629720252027223,0.453306954741558,341.592275628405,0.817704088121833,0.318589416630083,770.671590726775,TRUE,0.00659656346395638,0.000213344992780067,0.456467295995527,TRUE,TRUE,TRUE,FALSE,FALSE,FALSE,FALSE
"2023-01-12_PTR_TR_8_34",2023-01-12,"Jan","PTR","TR",8,34,2023-01-12 11:16:50,NA,NA,NA,NA,NA,1607.47540082098,0.10548122681544,0.000745270913205173,1288.96231015339,0.107247824870632,0,0.975742689477367,1.20266614324558,1593.62408624217,0.976593461471067,1.18376689621993,1608.03840973805,TRUE,0.105331161551278,0.000713744871726538,1.08773440008429,2023-01-12 11:16:50,2023-01-12 11:20:59,463.60931,TRUE,FALSE,TRUE,FALSE,FALSE,FALSE,FALSE,FALSE,896.33766361243,0.0195193367163895,1.04586492756307e-114,0.647076973705425,0.590611487741706,212.018730249752,0.0131163647351687,0.000184618424280706,6342.97585992522,0.0265674187524589,8.75378961476356e-263,0.910197563216981,0.297924317677787,177.460176628012,0.916862571518644,0.28723279180609,212.321465587087,TRUE,0.0132170762869295,0.000182039790076695,0.261014456128585,TRUE,TRUE,TRUE,FALSE,FALSE,FALSE,FALSE
"2023-01-12_PTR_UP_301_18",2023-01-12,"Jan","PTR","UP",301,18,2023-01-12 12:31:35,4348.09038088118,0.344843861953338,2.73595511137826e-130,0.673084077938729,14.5743554502585,1855.49038607814,0.332088254198781,0.000788046227796529,1151.11860732777,0.120228068132577,0,0.997035571809774,1.3878476297651,1688.6109531102,0.997852573526361,1.18346266413554,1855.67730153299,TRUE,0.331752474499863,0.000819685916629327,1.38266446396713,2023-01-12 12:31:35,2023-01-12 12:35:59,411.19934,TRUE,FALSE,TRUE,FALSE,FALSE,FALSE,FALSE,FALSE,1181.95922575333,0.0185471641735795,3.64402591542511e-104,0.589527531575936,0.735170616223631,346.594969371261,0.0143223340836514,0.000189818909672293,6463.21542160025,0.0289596726688785,5.67621847644662e-285,0.91512752091434,0.334294759090333,302.102597177615,0.922548274766108,0.319952686631313,346.933712095297,TRUE,0.0142939570086628,0.00019067819904865,0.342440359821209,TRUE,TRUE,TRUE,FALSE,FALSE,FALSE,FALSE
"2023-01-12_PTR_UP_302_21",2023-01-12,"Jan","PTR","UP",302,21,2023-01-12 12:58:30,3948.07964344607,0.216499996150181,5.7897375107737e-130,0.665283290704658,9.32771895921482,1767.59913650093,0.205861610401179,0.000683886029982538,1162.09784153601,0.106311104382254,0,0.99409760815948,1.23865618237012,1692.97793492934,0.994897335533407,1.15383578671284,1770.16745188126,TRUE,0.206601762924907,0.000700578376749052,1.08525521930911,2023-01-12 12:58:30,2023-01-12 13:02:59,415.46869,TRUE,FALSE,TRUE,FALSE,FALSE,FALSE,FALSE,FALSE,834.608238199714,0.0143547836605913,1.55352440357257e-116,0.624554110696761,0.522122317768954,384.405574508224,0.00998292189898141,0.000190006161633375,6533.56667093812,0.0295367414994468,5.36911145720995e-214,0.836893115131476,0.344139661401777,355.625656261926,0.846499754098793,0.334473612754308,384.41526026622,TRUE,0.00997796939838424,0.000202099076280337,0.344304095759287,TRUE,TRUE,TRUE,FALSE,FALSE,FALSE,FALSE
"2023-01-12_PTR_UP_303_20",2023-01-12,"Jan","PTR","UP",303,20,2023-01-12 13:18:40,3485.2547741827,0.237803973183715,7.68858796217028e-139,0.703471374984024,6.87867147903176,2109.4939166028,0.166202407871709,0.00107057781791087,1173.12330818678,0.160241933454284,0,0.978959486363579,1.83231199716113,1672.56647696154,0.990988401985232,1.20146795174969,2109.50623689156,TRUE,0.166141116481509,0.00114061982944056,2.07706401932776,2023-01-12 13:18:40,2023-01-12 13:22:59,418.82382,TRUE,FALSE,TRUE,FALSE,FALSE,FALSE,FALSE,FALSE,843.171068071983,-0.014634506151871,1.16992791733935e-99,0.580058373112579,0.542243797545136,261.020585734391,-0.0103363695495916,0.000181014220717657,6488.54234461202,0.0270938443009407,1.1381804040178e-225,0.862915769280063,0.309808892664119,261.583248493392,0.863818943825294,0.309384468630701,261.259902479507,TRUE,-0.0103549460020258,0.000185583857881038,0.321795140802533,TRUE,TRUE,TRUE,TRUE,FALSE,FALSE,FALSE
"2023-01-12_PTR_UP_304_25",2023-01-12,"Jan","PTR","UP",304,25,2023-01-12 11:22:30,NA,NA,NA,NA,NA,1949.12921141554,0.199648702551493,0.00825367818612152,1103.14227120451,0.711214553139697,2.85167584282622e-72,0.662556399709991,6.19012107675954,1777.07891352164,0.812352714487314,4.63160981317345,1964.98444162116,TRUE,0.172481968234224,0.0061837022177977,4.85026395696839,2023-01-12 11:22:30,2023-01-12 11:24:59,397.7392,FALSE,FALSE,TRUE,FALSE,FALSE,FALSE,FALSE,FALSE,NA,NA,NA,NA,NA,1275.23016405063,-0.0485060905580044,0.0026844983138906,6370.71513699037,0.231321627238673,8.49554836497082e-50,0.522808540582022,2.01332899328224,910.761428929995,0.860273257540257,1.09312659420081,1275.25136741656,TRUE,-0.0488391647483118,0.00285829335021391,2.46155816651458,TRUE,FALSE,TRUE,TRUE,FALSE,FALSE,FALSE
"2023-01-12_PTR_UP_305_22",2023-01-12,"Jan","PTR","UP",305,22,2023-01-12 12:52:30,4530.8049815494,0.364541804988901,6.06241388658325e-130,0.665226074975339,15.9993964342514,2076.60120224362,0.353490977406311,0.000910418427930328,1128.19197619651,0.141525903849359,0,0.996444009522396,1.64895225938214,1995.23612044332,0.996963971778851,1.52647407391423,2077.27620301486,TRUE,0.353561518888292,0.000932188036700333,1.47296908534835,2023-01-12 12:52:30,2023-01-12 12:56:59,403.87549,TRUE,FALSE,TRUE,FALSE,FALSE,FALSE,FALSE,FALSE,NA,NA,NA,NA,NA,348.351489551877,0.00826138219854427,0.000183767815645588,6529.27543314266,0.0285669813019806,2.49382538256435e-184,0.789761705636252,0.332840752684876,329.777442992518,0.798369294720629,0.326563514115641,348.866281996135,TRUE,0.00836681977459734,0.000192826804096385,0.305210961905576,TRUE,FALSE,TRUE,FALSE,FALSE,FALSE,FALSE
"2023-01-12_PTR_UP_306_23",2023-01-12,"Jan","PTR","UP",306,23,2023-01-12 12:41:35,NA,NA,NA,NA,NA,1804.05986441011,0.261660340836588,0.000750723488427031,1143.65154223978,0.114533934091282,0,0.995672524197337,1.3221176338039,1792.52565975897,0.995797520969887,1.30535801559789,1805.15211500877,TRUE,0.262325971578384,0.000769060370459834,1.33565037170196,2023-01-12 12:41:35,2023-01-12 12:45:59,410.40753,TRUE,FALSE,TRUE,FALSE,FALSE,FALSE,FALSE,FALSE,2664.56168739012,0.0738632509604396,4.47390373283741e-125,0.657889976515709,2.97733585359067,343.420388319773,0.066273339195512,0.000189251273765661,6476.01338221292,0.0288730714441663,0,0.995712857160069,0.333295081508231,346.845213821906,0.995717507193462,0.333746975094882,343.529098854572,TRUE,0.0662334361538919,0.000194976989469446,0.293945740679061,TRUE,TRUE,TRUE,FALSE,FALSE,FALSE,FALSE
"2023-01-12_PTR_UP_307_24",2023-01-12,"Jan","PTR","UP",307,24,2023-01-12 13:27:20,2725.70526585641,0.0661146301760714,1.02425090443508e-130,0.652719453780647,2.72511493855355,1900.2875678577,0.0548530632693438,0.000683304596635001,1144.02374212846,0.110045104548849,2.17213223472768e-309,0.920048661670744,1.30754747225555,1816.51824964957,0.93160874164413,1.21149550693532,1900.47911522182,TRUE,0.0551458378496487,0.000701497039916414,1.22783414859476,2023-01-12 13:27:20,2023-01-12 13:31:59,408.58777,TRUE,TRUE,TRUE,FALSE,FALSE,FALSE,FALSE,FALSE,NA,NA,NA,NA,NA,2679.87145313293,0.0929113606839667,0.00136720077408135,6476.65199289921,0.220185482234384,1.18825962477445e-272,0.891854381723675,2.61622697259686,2002.85780719906,0.967808237943278,1.4299479958881,2685.28803294023,TRUE,0.0940741290584785,0.00137871950169111,2.36158935345702,TRUE,FALSE,TRUE,FALSE,FALSE,FALSE,FALSE
"2023-01-12_PTR_UP_308_19",2023-01-12,"Jan","PTR","UP",308,19,2023-01-12 13:07:00,NA,NA,NA,NA,NA,2582.77308797982,0.006652351556022,0.000978248727461757,1161.67228998406,0.169013996735758,2.5361196476211e-11,0.0717797062157593,2.07516739782212,2416.91731739627,0.300632651037205,1.80429582684326,2585.80119001465,TRUE,0.0068136935794485,0.000957522817227561,1.78040969369497,2023-01-12 13:07:00,2023-01-12 13:11:59,414.83218,TRUE,FALSE,TRUE,FALSE,FALSE,FALSE,FALSE,FALSE,1725.89065174993,0.0859158853081213,1.49464085723289e-178,0.742946846512157,1.01610137957006,1377.13144072267,0.0213783770628479,0.000358189647423636,6507.9985981665,0.0618851445455189,4.61510797992624e-254,0.856258358096367,0.759830764615012,355.309400261479,0.973994341890566,0.323732990748209,1379.21509710793,TRUE,0.0218026169926457,0.000365666487937542,0.872024792472962,TRUE,TRUE,TRUE,FALSE,FALSE,FALSE,FALSE
"2023-01-20_CRC_TR_311_43",2023-01-20,"Jan","CRC","TR",311,43,2023-01-20 12:13:00,NA,NA,NA,NA,NA,1172.9107932359,0.135101378410114,0.00124454698218324,1089.96518381301,0.128798086413027,4.87004086679765e-276,0.970515844787037,1.2269806855047,1114.67367056664,0.975196814033244,1.12853135774585,1173.48981467017,TRUE,0.135996455029256,0.00119101865302242,1.21302506979481,2023-01-20 12:13:00,2023-01-20 12:15:59,390.01089,TRUE,FALSE,TRUE,FALSE,FALSE,FALSE,FALSE,FALSE,1117.40236760318,-0.0633718482968724,9.39838566242876e-99,0.711837761045685,1.13594100731367,425.098565696657,-0.039747379441724,0.000440494861055258,5879.24231258152,0.045586784581778,2.58427121960145e-248,0.957882744131643,0.434277447389525,178.881564558825,0.97898134641425,0.30764949282215,426.090021608491,TRUE,-0.0393826976303999,0.000465231745081728,0.411244455474576,TRUE,TRUE,TRUE,TRUE,FALSE,FALSE,FALSE
"2023-01-20_CRC_TR_312_44",2023-01-20,"Jan","CRC","TR",312,44,2023-01-20 12:02:00,3416.15999364739,0.218445743732046,3.45703306837999e-168,0.721602951053551,4.15590789947755,2494.44627655872,0.0880369224921378,0.000908830205476191,1080.3775283511,0.15702041931633,0,0.940089079548966,1.92790929302169,2009.56772395758,0.973475702168315,1.28494047909253,2494.65640034952,TRUE,0.0884472954189359,0.000973350637290042,2.08067176899466,2023-01-20 12:02:00,2023-01-20 12:06:59,384.18665,TRUE,TRUE,TRUE,FALSE,FALSE,FALSE,FALSE,FALSE,NA,NA,NA,NA,NA,1141.55795423711,-0.0243256776609108,0.000294344646802902,5789.43307183923,0.0508545156026061,0,0.919493280185872,0.624395818386308,363.144556662022,0.978147434527012,0.325853655283986,1141.68255476528,TRUE,-0.0243624014551579,0.000307789691134745,0.726493215870331,TRUE,FALSE,TRUE,TRUE,FALSE,FALSE,FALSE
"2023-01-20_CRC_TR_313_45",2023-01-20,"Jan","CRC","TR",313,45,2023-01-20 12:20:00,NA,NA,NA,NA,NA,1957.21108443398,0.301001593148414,0.000580832425300013,1056.04055593667,0.100351584293287,0,0.997778228838895,1.23212479479321,1932.58679434821,0.997881734596299,1.20509888139821,1958.16759065203,TRUE,0.30139157369214,0.000611106155305245,1.23953413295219,2023-01-20 12:20:00,2023-01-20 12:24:59,377.99161,TRUE,FALSE,TRUE,FALSE,FALSE,FALSE,FALSE,FALSE,NA,NA,NA,NA,NA,368.225389448269,0.0120598584656045,0.000154517528784077,5755.21376468076,0.0266963036826953,9.40483699610692e-316,0.910607048382296,0.327779356234626,323.765139347207,0.917543180641393,0.315333935281623,368.27998718878,TRUE,0.0120272649053719,0.00015318685543366,0.33844857823212,TRUE,FALSE,TRUE,FALSE,FALSE,FALSE,FALSE
"2023-01-20_CRC_TR_314_46",2023-01-20,"Jan","CRC","TR",314,46,2023-01-20 11:45:00,3689.65159015423,0.145104221590339,4.36880367677293e-155,0.692069520147608,5.219703376684,2685.03803592644,0.105258543844743,0.00106527126029466,1057.21566304077,0.184049054453973,0,0.942284941479767,2.25976904149542,2232.17415471421,0.973047439098959,1.54684559370775,2687.5874530326,TRUE,0.103603699296113,0.00105967867012032,2.12991163218828,2023-01-20 11:45:00,2023-01-20 11:49:59,375.68732,TRUE,FALSE,TRUE,FALSE,FALSE,FALSE,FALSE,FALSE,NA,NA,NA,NA,NA,1095.21047399361,0.0382133518427227,0.000283192944665005,5749.61948058684,0.04892781363426,0,0.968201861975462,0.600739617200305,732.380619563833,0.982746333964956,0.443254939842697,1095.35710209764,TRUE,0.0381060852314623,0.000304292527496274,0.636528379072127,TRUE,FALSE,TRUE,FALSE,FALSE,FALSE,FALSE
"2023-01-20_CRC_TR_315_47",2023-01-20,"Jan","CRC","TR",315,47,2023-01-20 11:53:00,NA,NA,NA,NA,NA,2025.07175491572,0.218972779428857,0.000614625321842011,1059.66841949615,0.106190050876995,0,0.995310780872725,1.30380995544135,2006.85956049314,0.99548120327475,1.28204389145272,2025.30983157004,TRUE,0.218899968377435,0.000637722573488209,1.30954299358643,2023-01-20 11:53:00,2023-01-20 11:57:59,377.85913,TRUE,FALSE,TRUE,FALSE,FALSE,FALSE,FALSE,FALSE,1651.23318746852,0.0212743892670262,9.22758748994243e-139,0.650854818578536,0.954811417728329,191.290101649129,0.0183402082978345,0.000133334561766935,5770.47690532852,0.0230364799407536,0,0.969361746213451,0.282843747008565,192.902226866446,0.969483437755365,0.282754707047799,191.338353003399,TRUE,0.0183279990053699,0.000136739068711256,0.276383837714446,TRUE,TRUE,TRUE,FALSE,FALSE,FALSE,FALSE
"2023-01-20_CRC_TR_316_48",2023-01-20,"Jan","CRC","TR",316,48,2023-01-20 11:29:00,NA,NA,NA,NA,NA,3973.77538257173,-0.0110442539786082,0.00311795475648707,1056.82439123509,0.538695303394348,0.000427811320401158,0.0205501118316118,6.6141441096833,3954.39877090218,0.0579766556076275,6.49741845096775,3980.22736025332,TRUE,-0.00392440045169278,0.00111048182061554,1.93737810911767,2023-01-20 11:29:00,2023-01-20 11:33:59,376.51639,FALSE,FALSE,FALSE,TRUE,TRUE,TRUE,TRUE,FALSE,NA,NA,NA,NA,NA,3192.98930173258,0.0147345216457293,0.00162664919886537,5765.17295526388,0.281039448015026,1.86744631345463e-18,0.120654283104522,3.45062486709019,2847.87178884943,0.50857191772715,2.58389801754005,3224.96959686466,TRUE,0.0238889183228215,0.000866726453027116,1.90761114194339,TRUE,FALSE,TRUE,FALSE,FALSE,FALSE,FALSE
"2023-01-20_CRC_UP_301_35",2023-01-20,"Jan","CRC","UP",301,35,2023-01-20 14:00:50,3144.30160423098,0.152163183781805,2.49948761417331e-115,0.649097701732624,5.59216819195897,1744.26757602494,0.12914793750112,0.000854520052626418,1094.44790881968,0.122969265710886,0,0.978663061431925,1.3789647734921,1583.2322158855,0.984661453249294,1.17152904133389,1744.33160341232,TRUE,0.129346912862494,0.000852779768317811,1.37611300814791,2023-01-20 14:00:50,2023-01-20 14:04:59,391.20334,TRUE,FALSE,TRUE,FALSE,FALSE,FALSE,FALSE,FALSE,NA,NA,NA,NA,NA,968.674869789451,0.00497819846795041,0.000393447351363118,5742.64882400639,0.0566188373746302,5.17667997263267e-32,0.243267547956439,0.634917853695707,272.975924264989,0.813279682675141,0.316021028067739,984.382796796713,TRUE,0.00638056188440446,0.000369733796356623,0.534318476710599,TRUE,FALSE,TRUE,FALSE,FALSE,FALSE,FALSE
"2023-01-20_CRC_UP_302_36",2023-01-20,"Jan","CRC","UP",302,36,2023-01-20 14:08:00,3144.76291286978,0.161508391115855,1.90748291964272e-120,0.680294627361334,6.37697504093927,2088.2285971038,0.159548691434659,0.00139769238980847,1078.3061483156,0.193064614639849,0,0.964615045936713,2.12152946534358,1741.45357367198,0.982960990282994,1.47527301002313,2088.34869191562,TRUE,0.159148268153957,0.00149841958201089,2.41254174290144,2023-01-20 14:08:00,2023-01-20 14:11:59,386.10645,TRUE,FALSE,TRUE,FALSE,FALSE,FALSE,FALSE,FALSE,NA,NA,NA,NA,NA,540.925715232211,0.0113913070072344,0.000278886259706235,5707.21715138551,0.0385228313834572,5.27500152625387e-158,0.777298617113332,0.423315903957464,467.323504168526,0.810543298396648,0.391262824968084,540.998765930869,TRUE,0.0114481983147096,0.00028937118733534,0.448466027754588,TRUE,FALSE,TRUE,FALSE,FALSE,FALSE,FALSE
"2023-01-20_CRC_UP_303_37",2023-01-20,"Jan","CRC","UP",303,37,2023-01-20 14:16:30,3585.12455909092,0.178585166920839,6.56684945880815e-135,0.679144176628786,6.66534008525849,1788.28445068334,0.149822432007247,0.000697110789171255,1089.64033758563,0.108366912942312,0,0.988486615920735,1.26260890111461,1722.86844434287,0.989875461499762,1.18621581919048,1788.39325750928,TRUE,0.150022101948745,0.000709073980073117,1.26852010255534,2023-01-20 14:16:30,2023-01-20 14:20:59,389.02979,TRUE,FALSE,TRUE,FALSE,FALSE,FALSE,FALSE,FALSE,NA,NA,NA,NA,NA,473.803078483191,0.00402887779809188,0.000206403288869867,5703.07926175916,0.032085699408782,1.49230250019736e-64,0.414586647920266,0.373838181526701,229.823472512248,0.630150306273753,0.297696492913903,474.547219876615,TRUE,0.00389027387383574,0.00021341557053028,0.361411890928863,TRUE,FALSE,TRUE,FALSE,FALSE,FALSE,FALSE
"2023-01-20_CRC_UP_304_38",2023-01-20,"Jan","CRC","UP",304,38,2023-01-20 14:24:00,3965.16529395717,0.42694559504569,1.22236701455532e-116,0.668363941761178,14.9884464408333,1796.91716906844,0.374209173234953,0.001031870504958,1087.50707141783,0.142533280463266,0,0.996378622189727,1.56625570594066,1652.01088398583,0.997344499533002,1.34403138771449,1797.07314052037,TRUE,0.374505494410212,0.00105618920786733,1.54499075548031,2023-01-20 14:24:00,2023-01-20 14:27:59,388.28363,TRUE,FALSE,TRUE,FALSE,FALSE,FALSE,FALSE,FALSE,1759.59243358036,0.0440345767443211,7.95235703395721e-111,0.649281238593156,1.50652840968201,247.487080308469,0.0363652641585255,0.000205436869566764,5692.14070475178,0.0283771954007414,0,0.98497425344425,0.311828536258654,232.64341018418,0.985552700364407,0.306409085411944,247.490721312831,TRUE,0.036366097874151,0.000218670193626884,0.314112789715818,TRUE,TRUE,TRUE,FALSE,FALSE,FALSE,FALSE
"2023-01-20_CRC_UP_305_39",2023-01-20,"Jan","CRC","UP",305,39,2023-01-20 14:32:00,NA,NA,NA,NA,NA,2161.53120086992,0.482444654763546,0.000688647173076961,1070.89655324994,0.118978954733236,0,0.998783055170679,1.46083314197569,2104.41860867863,0.998900902751898,1.39062710688717,2164.87151492846,TRUE,0.483532047686806,0.000657327159557325,1.41294242012556,2023-01-20 14:32:00,2023-01-20 14:36:59,385.01407,TRUE,FALSE,TRUE,FALSE,FALSE,FALSE,FALSE,FALSE,925.090772132932,0.0194014233578959,3.29543084000325e-132,0.632800967710104,0.521336221919273,309.503071332193,0.00924205626465943,0.000147138199784681,5718.80978848309,0.0254213621955216,1.66688967997417e-265,0.868379270954203,0.312125522472856,301.321306073998,0.871024614002423,0.309490994544484,309.707939715714,TRUE,0.00919225742587703,0.000152388727138665,0.313954736804639,TRUE,TRUE,TRUE,FALSE,FALSE,FALSE,FALSE
"2023-01-20_CRC_UP_306_40",2023-01-20,"Jan","CRC","UP",306,40,2023-01-20 14:29:00,3483.03712951066,0.0605658707500897,9.07333842349246e-171,0.660885349273165,2.71030562691468,2378.99541677472,0.0430554402925797,0.000451512869167443,1152.6392461808,0.0936496540770784,0,0.926818183235864,1.25906045496193,2342.19653287539,0.930849736495781,1.22559680722273,2379.27940266401,TRUE,0.0429284319122385,0.000474748016542214,1.27290935225142,2023-01-20 14:29:00,2023-01-20 14:34:59,411.71542,TRUE,TRUE,TRUE,FALSE,FALSE,FALSE,FALSE,FALSE,NA,NA,NA,NA,NA,1603.0605557025,0.0219930710867416,0.000263422767372547,5666.88952768433,0.0546373154013404,0,0.906614009435368,0.734564199569719,474.92218960434,0.980618346113709,0.335112032058112,1603.45532742484,TRUE,0.0221038495782425,0.000278589099949078,0.877342916240389,TRUE,FALSE,TRUE,FALSE,FALSE,FALSE,FALSE
"2023-01-20_CRC_UP_307_41",2023-01-20,"Jan","CRC","UP",307,41,2023-01-20 14:14:00,NA,NA,NA,NA,NA,1336.20304543461,0.234066956225277,0.00156137429017439,1137.38249384543,0.161586523954424,0,0.984319747310204,1.53933609925021,1326.09527605814,0.984922344465708,1.51370187387746,1336.52853039532,TRUE,0.234955321056376,0.00155663133042339,1.54834900812386,2023-01-20 14:14:00,2023-01-20 14:16:59,409.13318,TRUE,FALSE,TRUE,FALSE,FALSE,FALSE,FALSE,FALSE,627.24357881809,0.038926266296159,8.74355282297467e-86,0.659595086733991,0.575040556996096,283.807862147873,0.0176317089943973,0.000362006327474059,5674.11075298455,0.0374640113354928,5.25387639219725e-160,0.868875437718489,0.356896748937485,141.227063895306,0.912732436254334,0.291973547392251,284.233377517924,TRUE,0.0174671623415856,0.00039018294291156,0.359334043400728,TRUE,TRUE,TRUE,FALSE,FALSE,FALSE,FALSE
"2023-01-20_CRC_UP_308_42",2023-01-20,"Jan","CRC","UP",308,42,2023-01-20 14:00:00,4194.79103132096,0.221189328918064,3.23965266438096e-153,0.687606033450096,7.95173473239442,2296.49430842301,0.162918815144394,0.000770622254043822,1145.6806975935,0.133141954058465,0,0.986797090353565,1.63472758280736,2068.69209671392,0.991028075392397,1.34983546619794,2297.26418288311,TRUE,0.162387883532675,0.000794593762963869,1.54870082644502,2023-01-20 14:00:00,2023-01-20 14:04:59,409.20755,TRUE,FALSE,TRUE,FALSE,FALSE,FALSE,FALSE,FALSE,2200.21352591371,0.0247034875881371,6.64918107050469e-133,0.634759554259072,1.50869070064167,361.250706608002,0.0285315422214382,0.000153622041399791,5699.86849022485,0.0265415885293853,0,0.982959074045512,0.325879751182388,325.412760326331,0.984053788414941,0.315767191653845,361.729532980734,TRUE,0.028631438434938,0.000158325265243584,0.336919815739789,TRUE,TRUE,TRUE,FALSE,FALSE,FALSE,FALSE
"2023-01-05_OWC_TR_120_10",2023-01-05,"Jan","OWC","TR",120,10,2023-01-05 13:20:00,3997.33941612927,0.177363769252126,7.97406325689183e-144,0.664195712056195,6.74530763213943,2020.91504793985,0.133346872970931,0.00061249999048961,1363.94756123391,0.105822853112078,0,0.987540443731425,1.29930147185403,1949.72851134746,0.989007898098735,1.22243697518081,2021.10742361268,TRUE,0.133564628815407,0.000633818901092668,1.19938040534654,2023-01-05 13:20:00,2023-01-05 13:24:59,494.27484,TRUE,FALSE,TRUE,FALSE,FALSE,FALSE,FALSE,FALSE,3424.83631788366,0.100753073080639,7.13896511376137e-153,0.686780073318513,4.18606512758111,715.374055270774,0.0860761841465556,0.000206355023335948,5583.77590300889,0.0356523716938571,0,0.996574884659279,0.437742677074245,225.041411881351,0.998497324165869,0.290429951504167,715.586997199967,TRUE,0.0861002334420862,0.000210965134783794,0.470593691248132,TRUE,TRUE,TRUE,FALSE,FALSE,FALSE,FALSE
"2023-01-05_OWC_TR_121_11",2023-01-05,"Jan","OWC","TR",121,11,2023-01-05 13:31:00,4520.00379204608,0.279953476833094,2.880516362243e-156,0.694855104180764,10.4270224006161,2125.62651546135,0.21698288783623,0.000668347657265022,1146.45167901857,0.115471766629779,0,0.994358455149029,1.41777160535216,1849.68819263854,0.996461885117006,1.1246585233003,2126.10201042136,TRUE,0.216790592069542,0.000687999411978852,1.43997788525538,2023-01-05 13:31:00,2023-01-05 13:35:59,415.12949,TRUE,FALSE,TRUE,FALSE,FALSE,FALSE,FALSE,FALSE,650.033218319963,0.00701730842007455,7.96352967399843e-87,0.479423673660004,0.4145445903435,314.051230280347,0.00555188054192225,0.000147696931215532,5561.11755556787,0.0255178953466303,1.27118226778024e-159,0.702633157170686,0.313310764238975,317.972682385183,0.702672083855283,0.313815471205123,314.059239729547,TRUE,0.00554811483759934,0.000148589734308222,0.306001266566575,TRUE,TRUE,TRUE,FALSE,FALSE,FALSE,FALSE
"2023-01-05_OWC_TR_122_13",2023-01-05,"Jan","OWC","TR",122,13,2023-01-05 13:54:00,3199.02266823116,0.223159634109752,2.68546729396778e-117,0.670458077715744,6.74778587062709,1773.57471721551,0.167872147851249,0.00100708309275461,1165.636717941,0.139109371010899,0,0.983088052166053,1.52863138621012,1537.0252675759,0.989754120161325,1.19231513895837,1774.28997987884,TRUE,0.168667189827283,0.00101408261759778,1.5877965065564,2023-01-05 13:54:00,2023-01-05 13:57:59,422.96686,TRUE,FALSE,TRUE,FALSE,FALSE,FALSE,FALSE,FALSE,3126.67063470789,0.192123238052122,5.26455658962151e-120,0.678935045821351,6.25791917891875,1111.97247169927,0.158693498428813,0.000505548712456511,5551.95978410037,0.069831937315952,0,0.995172370248552,0.767362330555418,387.846244237793,0.998940893135831,0.360175246328409,1114.67534155685,TRUE,0.159388466174189,0.000544057131014807,0.809590183845331,TRUE,FALSE,TRUE,FALSE,FALSE,FALSE,FALSE
"2023-01-05_OWC_TR_123_12",2023-01-05,"Jan","OWC","TR",123,12,2023-01-05 13:41:00,4974.56876648388,0.433260485185247,8.85826377177619e-162,0.707528209263845,15.2290515445936,2504.98645240898,0.323846560066919,0.000916848058071719,1141.40199788627,0.158405679807212,0,0.995229754855125,1.94491763235269,2169.59916365549,0.997290532244605,1.46825105003866,2522.63556600491,TRUE,0.320683166993971,0.000713889868464956,1.50287101453674,2023-01-05 13:41:00,2023-01-05 13:45:59,411.16342,TRUE,FALSE,TRUE,FALSE,FALSE,FALSE,FALSE,FALSE,2315.76835973477,0.03668722694933,1.03883282879583e-153,0.688791202016205,1.66119609801069,396.092841710836,0.0341089187903463,0.000158147860553239,5554.75707012129,0.0273235233913015,0,0.987307581250578,0.335480410086431,331.462189773228,0.988679441076098,0.317363053586328,396.099133302065,TRUE,0.0341172726506434,0.000163051291628226,0.332752141711109,TRUE,TRUE,TRUE,FALSE,FALSE,FALSE,FALSE
"2023-01-05_OWC_TR_124_14",2023-01-05,"Jan","OWC","TR",124,14,2023-01-05 13:05:00,4303.44595355826,0.247926595271375,1.06349555171859e-157,0.698200978662247,8.70533345582048,2305.71071706537,0.181682769998018,0.000776563682269107,1298.88130735572,0.134168466541931,0,0.989192908099385,1.64733118535086,1972.69016535425,0.993837382189116,1.24605317829741,2305.83373289753,TRUE,0.181422790296463,0.00084168255976187,1.66150855417285,2023-01-05 13:05:00,2023-01-05 13:09:59,469.95856,TRUE,FALSE,TRUE,FALSE,FALSE,FALSE,FALSE,FALSE,912.496639078778,0.0282352695653909,3.90785682729069e-127,0.61818355176914,0.515893352185663,373.795335224382,0.00884424657321852,0.000155236407756105,5597.12037325594,0.0268205058460317,8.64871804133594e-244,0.844428647531871,0.329304320350453,336.834242102156,0.854694852572255,0.318786980905902,374.280107776676,TRUE,0.0088542332871701,0.000160884557288226,0.32383504601091,TRUE,TRUE,TRUE,FALSE,FALSE,FALSE,FALSE
"2023-01-05_OWC_TR_124_17",2023-01-05,"Jan","OWC","TR",124,17,2023-01-05 14:30:00,2623.71292277791,0.140338979422318,9.70097880134958e-106,0.631687995765847,3.70592706366449,1543.67534413204,0.086232009402556,0.000792612848211957,1427.36914921055,0.109484386703718,0,0.961183239395232,1.2030912698337,1546.4232066852,0.96128436560364,1.20404465121735,1543.71596063934,TRUE,0.0863911101359024,0.00082864161906863,1.17958233972711,2023-01-05 14:30:00,2023-01-05 14:33:59,518.25964,TRUE,TRUE,TRUE,FALSE,FALSE,FALSE,FALSE,FALSE,961.249965422601,0.0140768907883973,9.01736178225458e-87,0.557952429077168,0.655865986234761,234.916769872217,0.0134995369444589,0.000202764399069786,5581.11769127782,0.0280080444413474,6.12569167948254e-244,0.902658701377681,0.307772046471672,226.556858789511,0.905133225785832,0.304472548949159,235.186566152133,TRUE,0.0134653719305245,0.000208668958607317,0.313789628458786,TRUE,TRUE,TRUE,FALSE,FALSE,FALSE,FALSE
"2023-01-05_OWC_TR_126_15",2023-01-05,"Jan","OWC","TR",126,15,2023-01-05 14:05:25,4551.92461766982,0.362737484459358,1.30219647259871e-139,0.685096681598196,15.1127945429241,2204.38780048171,0.337882750426988,0.000960695579623465,1152.35193492206,0.152114852573534,0,0.995589372773918,1.78857162512152,1773.2521737751,0.998000571834234,1.20643247838797,2204.49919442073,TRUE,0.337949533494382,0.00102776186758999,2.00017812937934,2023-01-05 14:05:25,2023-01-05 14:09:59,417.13757,TRUE,FALSE,TRUE,FALSE,FALSE,FALSE,FALSE,FALSE,2279.21169763457,0.0424095798698678,5.26328843154555e-131,0.661498587067545,1.91446660999074,240.396413036823,0.0412026373321706,0.000161129899415725,5544.09182125271,0.0255130255771738,0,0.991688904865227,0.299983024973013,222.583346858104,0.992012073094042,0.294631076354093,240.44799275138,TRUE,0.04121865227106,0.00016596697455667,0.309948512124369,TRUE,TRUE,TRUE,FALSE,FALSE,FALSE,FALSE
"2023-01-05_OWC_TR_128_9",2023-01-05,"Jan","OWC","TR",128,9,2023-01-05 11:55:00,4891.30422471458,0.434666235304147,1.12831051804372e-167,0.720500094203697,14.2081788103266,2768.6586616706,0.308547650060585,0.00114215099926609,1160.97479718947,0.197331721312409,0,0.991872451419493,2.42285468974413,2466.45690035741,0.995121083914228,1.88034144086961,2794.09979945909,TRUE,0.303980416303338,0.000832592457332954,1.51370803841405,2023-01-05 11:55:00,2023-01-05 11:59:59,414.87329,TRUE,FALSE,TRUE,FALSE,FALSE,FALSE,FALSE,FALSE,NA,NA,NA,NA,NA,370.292725234739,0.00986828318358021,0.000154783957898275,5614.33255670806,0.0267423351756821,7.13545263250294e-269,0.871748853362248,0.328344534594785,328.43118683743,0.881186560536508,0.316562458142332,370.354295284759,TRUE,0.0099012459975758,0.000156441897345064,0.321820469583298,TRUE,FALSE,TRUE,FALSE,FALSE,FALSE,FALSE
"2023-01-05_OWC_UP_101_1",2023-01-05,"Jan","OWC","UP",101,1,2023-01-05 13:28:00,NA,NA,NA,NA,NA,2022.99173779194,0.250363807638002,0.000613560885299336,1127.75696827428,0.10600614603838,0,0.996421372841606,1.30155195709348,2003.87111721729,0.996556649830549,1.27885510086173,2023.1470878194,TRUE,0.250449162606136,0.00063296195030124,1.28989116516231,2023-01-05 13:28:00,2023-01-05 13:32:59,408.50925,TRUE,FALSE,TRUE,FALSE,FALSE,FALSE,FALSE,FALSE,NA,NA,NA,NA,NA,2972.16049713268,-0.0436616226174626,0.00135323522557951,5613.33161275916,0.233801166899805,4.84889862706589e-133,0.635144674157835,2.87062946556896,2697.05271409715,0.770862727071858,2.27872609362459,2972.31639844719,TRUE,-0.0436557307765418,0.00149811527706777,3.1594364891626,TRUE,FALSE,TRUE,TRUE,FALSE,FALSE,FALSE
"2023-01-05_OWC_UP_102_2",2023-01-05,"Jan","OWC","UP",102,2,2023-01-05 13:21:00,4049.09084997254,0.463185074648977,1.1373944184299e-117,0.671639328149914,16.3577553991691,1844.48750876004,0.410489080266052,0.00108429024045158,1089.1033267179,0.149774069714453,0,0.996675933156891,1.64582257932858,1562.03911578405,0.998169806862937,1.22379049338638,1845.65376118572,TRUE,0.409719607406319,0.00111376749935766,1.50735519150298,2023-01-05 13:21:00,2023-01-05 13:24:59,394.73376,TRUE,FALSE,TRUE,FALSE,FALSE,FALSE,FALSE,FALSE,1028.65266979423,0.0245966166335165,3.51184606548389e-93,0.584383691901487,0.703570179475848,311.730063963868,0.0149679222714624,0.000219655093062516,5599.06788254975,0.0303411724961929,2.63997720007057e-248,0.906667000640882,0.333410094769689,293.997867056466,0.910798458040694,0.326631290299247,312.048797658143,TRUE,0.0150227409704493,0.000221676622087246,0.342217191804013,TRUE,TRUE,TRUE,FALSE,FALSE,FALSE,FALSE
"2023-01-05_OWC_UP_103_3",2023-01-05,"Jan","OWC","UP",103,3,2023-01-05 13:04:20,NA,NA,NA,NA,NA,2617.26746119232,0.343622407186585,0.00130446913973627,1053.67002345924,0.210313034525547,0,0.992022617070435,2.49512588316551,2615.14233896041,0.992109395990632,2.4859767906793,2625.53761466021,TRUE,0.346889764363827,0.000612312435344313,1.12260957610962,2023-01-05 13:04:20,2023-01-05 13:08:59,381.72269,TRUE,FALSE,TRUE,FALSE,FALSE,FALSE,FALSE,FALSE,NA,NA,NA,NA,NA,6924.56841031291,-0.108282514692236,0.0610443462284058,5633.37769306998,9.84187460235337,0.0766359649869052,0.00560724490261115,116.762691930149,6923.5367185109,0.0145020065326427,116.448178355675,6930.65307107095,TRUE,0.0171940850770461,0.00017682507519186,0.320203699095302,FALSE,FALSE,FALSE,TRUE,TRUE,TRUE,TRUE
"2023-01-05_OWC_UP_104_4",2023-01-05,"Jan","OWC","UP",104,4,2023-01-05 11:58:00,NA,NA,NA,NA,NA,2232.67312698214,0.328042127394203,0.000407887407514503,1048.15161753721,0.0846011647166664,0,0.998891172532462,1.13740923005231,2210.31877339538,0.998931025419937,1.11834077671163,2232.71577057753,TRUE,0.328058479383403,0.000426455765127961,1.12958856476762,2023-01-05 11:58:00,2023-01-05 12:03:59,379.37442,TRUE,FALSE,TRUE,FALSE,FALSE,FALSE,FALSE,FALSE,1608.79760280767,0.0121203605231476,3.014890619116e-173,0.666229832173111,0.737496585296683,299.603834842938,0.0119296735785243,0.000106546546253554,5649.67965744198,0.0220991424190224,0,0.945829961623952,0.29710901318933,262.906542347385,0.948806941803596,0.289232774381101,299.816187071404,TRUE,0.0118812499744858,0.000110388018006189,0.299081400044192,TRUE,TRUE,TRUE,FALSE,FALSE,FALSE,FALSE
"2023-01-05_OWC_UP_105_5",2023-01-05,"Jan","OWC","UP",105,5,2023-01-05 12:06:00,4203.77333069624,0.52556838028592,4.13288721285047e-116,0.666671029455411,19.2176611022846,1774.09360543453,0.47894047026012,0.00100762757692428,1055.59428689645,0.13918458114094,0,0.997888714210293,1.52945784789639,1572.5036948913,0.998624269548841,1.23720352022697,1774.81251077465,TRUE,0.47960218027048,0.000992327570491612,1.40395614738829,2023-01-05 12:06:00,2023-01-05 12:09:59,380.38708,TRUE,FALSE,TRUE,FALSE,FALSE,FALSE,FALSE,FALSE,417.579069016142,0.0159129317524678,3.00633188093396e-66,0.461521793113675,0.372274925507129,235.670866691103,0.00580631962263726,0.000202923736630651,5661.53409257743,0.0280300538942216,1.18640690893426e-105,0.631378045901562,0.308013901784598,232.875034310816,0.636560218553949,0.306483023223766,235.973199837917,TRUE,0.00582003564106327,0.000206781808281231,0.28292584819911,TRUE,TRUE,TRUE,FALSE,FALSE,FALSE,FALSE
"2023-01-05_OWC_UP_106_6",2023-01-05,"Jan","OWC","UP",106,6,2023-01-05 11:45:50,4443.73328686355,0.171886110324518,1.53596268161228e-151,0.671537800236365,8.68410326983409,1914.46195297967,0.168578404511086,0.000506891129861304,1062.05241013389,0.0905031365146871,0,0.994443591931052,1.12948208661658,1887.94971123347,0.994710421438989,1.103816033474,1914.47224931829,TRUE,0.168600644164988,0.000522621298819293,1.10625317694515,2023-01-05 11:45:50,2023-01-05 11:50:59,383.74176,TRUE,FALSE,TRUE,FALSE,FALSE,FALSE,FALSE,FALSE,1303.62353938966,0.0151400726613015,2.48939639891744e-134,0.626636489795934,0.690145781181558,248.111294281573,0.0121647402631547,0.000132219718141148,5637.6688985215,0.0236072373255693,0,0.931958800395496,0.294619089465586,242.3827500653,0.933018115790664,0.292790825122282,248.345992660154,TRUE,0.0121243275815757,0.000139079944228079,0.340114606732916,TRUE,TRUE,TRUE,FALSE,FALSE,FALSE,FALSE
"2023-01-05_OWC_UP_107_7",2023-01-05,"Jan","OWC","UP",107,7,2023-01-05 13:14:30,NA,NA,NA,NA,NA,1446.11399300036,0.437512372639379,0.00108421322090547,1142.03771987758,0.130984295358699,0,0.997439577719622,1.34698603031113,1439.74766395111,0.997501999873536,1.33365960281207,1446.32075196157,TRUE,0.437768104522461,0.00114386935742291,1.33197709429467,2023-01-05 13:14:30,2023-01-05 13:17:59,414.18579,TRUE,FALSE,TRUE,FALSE,FALSE,FALSE,FALSE,FALSE,988.893909310449,0.0748556549344353,3.83920636315335e-133,0.76400933708469,0.781578178988798,673.340809041448,0.0249594873297151,0.000432093406994981,5621.15930003836,0.0522014022270548,2.27204514123147e-201,0.888672608299799,0.536816718141205,515.264829817675,0.924314988187111,0.443681614643645,681.874623876524,TRUE,0.0239579838531901,0.000414911029809587,0.48708039270901,TRUE,TRUE,TRUE,FALSE,FALSE,FALSE,FALSE
"2023-01-05_OWC_UP_108_8",2023-01-05,"Jan","OWC","UP",108,8,2023-01-05 12:54:30,NA,NA,NA,NA,NA,1617.20325347997,0.13899610105906,0.00059498478492571,1047.43919526757,0.0924912731112598,0,0.990238232725701,1.07763801270104,1606.90091892302,0.990493387087615,1.06544325878606,1617.37652949902,TRUE,0.139141040834677,0.000621298768674949,1.20778202369546,2023-01-05 12:54:30,2023-01-05 12:58:59,380.64944,TRUE,FALSE,TRUE,FALSE,FALSE,FALSE,FALSE,FALSE,NA,NA,NA,NA,NA,212.969101988616,0.0125716239745215,0.000162117118337536,5633.30020604663,0.0252013480815979,3.46914019723904e-294,0.917881001808323,0.293626952581478,197.704120130201,0.920759027038268,0.288973314434709,213.102899646079,TRUE,0.0126001260596882,0.000164048230180528,0.291179583821111,TRUE,FALSE,TRUE,FALSE,FALSE,FALSE,FALSE
"2023-02-10_OWC_TR_120_57",2023-02-10,"Feb","OWC","TR",120,57,2023-02-10 12:20:00,8019.89692135062,0.35669425523573,1.18826873883219e-292,0.752405250497959,15.7369093387573,5149.82053441648,0.226581588997131,0.000822123577969069,1171.51130089921,0.227477548240785,0,0.987544896831697,3.52957481629633,3709.44937447524,0.997233516164606,1.66520077493053,5160.97927809842,TRUE,0.224361003910615,0.000776649118687009,3.60386630721703,2023-02-10 12:20:00,2023-02-10 12:27:59,416.26331,TRUE,FALSE,TRUE,FALSE,FALSE,FALSE,FALSE,FALSE,4725.96348854987,0.0424174909837329,7.96333305022918e-244,0.686935479915979,2.83040139417192,913.894751072958,0.0363615924835388,9.05298269918718e-05,5697.50228373216,0.0250491576189149,0,0.994096742194894,0.388666383055853,909.478758183735,0.994148267860618,0.387371023717585,913.955090276496,TRUE,0.0363457006367882,9.41994398061495e-05,0.405173800327548,TRUE,TRUE,TRUE,FALSE,FALSE,FALSE,FALSE
"2023-02-10_OWC_TR_121_58",2023-02-10,"Feb","OWC","TR",121,58,2023-02-10 12:09:00,5610.20202862757,0.271175639565582,2.58808382230553e-191,0.702726833156454,11.8729090284408,2908.67115952843,0.208518625676041,0.00065225412776786,1176.42180733158,0.135286007569263,0,0.993023654148682,1.81883493237409,2487.98120936237,0.996132230015041,1.35617369313764,2910.04810250184,TRUE,0.209156682409548,0.000666613884698818,1.78422420472634,2023-02-10 12:09:00,2023-02-10 12:14:59,420.50433,TRUE,FALSE,TRUE,FALSE,FALSE,FALSE,FALSE,FALSE,1427.78086348552,0.0270380998903233,1.64811603939937e-235,0.776072760911794,0.65037907754722,1273.78664271785,0.011953401319842,0.000209578376693582,5695.19579454938,0.0434692869675679,7.22361066207689e-269,0.81919116527154,0.584417110406098,397.884180430196,0.946731052748287,0.317655125253352,1291.57906796339,TRUE,0.0111933169912845,0.000197808673332384,0.513032786227458,TRUE,TRUE,TRUE,FALSE,FALSE,FALSE,FALSE
"2023-02-10_OWC_TR_122_59",2023-02-10,"Feb","OWC","TR",122,59,2023-02-10 11:51:30,4227.97260593362,0.289966679850572,1.74597582954546e-131,0.669607842640197,12.0872436280183,1805.19751475249,0.268798762036678,0.000708113643409266,1165.70492117527,0.110077323060544,0,0.996280237711374,1.28253729974849,1763.41109605922,0.996582633924165,1.23159213209423,1805.22840115206,TRUE,0.268810049787021,0.000726280490445864,1.23977371784523,2023-02-10 11:51:30,2023-02-10 11:55:59,417.34036,TRUE,FALSE,TRUE,FALSE,FALSE,FALSE,FALSE,FALSE,1686.10112927323,0.0297256562996238,1.10650144689991e-124,0.649819809214568,1.14862543122399,229.059821767308,0.0245626935578944,0.000164550553867899,5714.85427993904,0.0255796292678396,0,0.976424142307746,0.298034397436229,160.501079497274,0.979388376421508,0.27918847361094,229.506303900721,TRUE,0.0246722640388256,0.000165197069804168,0.273288819287781,TRUE,TRUE,TRUE,FALSE,FALSE,FALSE,FALSE
"2023-02-10_OWC_TR_123_60",2023-02-10,"Feb","OWC","TR",123,60,2023-02-10 11:59:00,NA,NA,NA,NA,NA,2537.52189895761,0.186278407669908,0.000504058186312043,1212.23330644979,0.104548237727719,0,0.994770218670604,1.40558502918323,2510.75632683413,0.994988979910261,1.37779352879496,2537.59722348506,TRUE,0.186219389143961,0.000533843733973463,1.45741390361924,2023-02-10 11:59:00,2023-02-10 12:04:59,435.70865,TRUE,FALSE,TRUE,FALSE,FALSE,FALSE,FALSE,FALSE,4277.18004155362,0.0900158556137068,3.20948209375275e-182,0.684884200810362,4.70464133419676,689.860104775401,0.0804465546155731,0.000139713408489863,5710.53400586361,0.0289783819432021,0,0.997839042551528,0.389596044032787,393.110956313483,0.998576890543019,0.316603924621029,690.266187171387,TRUE,0.080365935774513,0.000142831011956859,0.374134026679789,TRUE,TRUE,TRUE,FALSE,FALSE,FALSE,FALSE
"2023-02-10_OWC_TR_124_61",2023-02-10,"Feb","OWC","TR",124,61,2023-02-10 11:44:00,NA,NA,NA,NA,NA,1529.36840083223,0.316160381220499,0.000780888071241069,1182.58103245327,0.107864831811577,0,0.997092457899108,1.18529446418483,1498.39477867823,0.997296772653838,1.14528878527602,1529.43097753569,TRUE,0.316066581717653,0.00080801287581867,1.25906996498266,2023-02-10 11:44:00,2023-02-10 11:47:59,424.6781,TRUE,FALSE,TRUE,FALSE,FALSE,FALSE,FALSE,FALSE,NA,NA,NA,NA,NA,1114.85461486192,0.00997375191373214,0.000507068767849795,5830.85185732866,0.0700419040517484,1.53332022192077e-63,0.447326225173489,0.769669592388795,1062.92942527666,0.508109024769567,0.727637042063477,1133.54166995222,TRUE,0.0116261623437398,0.000387178037511,0.526935779998623,TRUE,FALSE,TRUE,FALSE,FALSE,FALSE,FALSE
"2023-02-10_OWC_TR_126_62",2023-02-10,"Feb","OWC","TR",126,62,2023-02-10 11:32:30,6841.47706045992,0.194402330371671,1.87496400661717e-248,0.717110732972472,10.8012413800008,3587.91895171654,0.155561399688568,0.000454705599312549,1172.56524315036,0.117939068512887,0,0.992385982371641,1.77203532570256,2969.34389936529,0.996187668611282,1.25529246598794,3588.6677732066,TRUE,0.155464559620833,0.000486672428292987,1.83421630733895,2023-02-10 11:32:30,2023-02-10 11:39:59,419.48645,TRUE,FALSE,TRUE,FALSE,FALSE,FALSE,FALSE,FALSE,7481.16480014368,0.313835811106483,4.06912120033069e-257,0.72939888664281,15.4104083455618,4431.02584889447,0.226753353464289,0.000726357919721522,5839.32557177728,0.18839877183925,0,0.990869663495254,2.83069285884388,2270.22362805089,0.999176122355657,0.851265200779313,4431.02584889441,TRUE,0.226753353464289,0.000726357919721522,3.96196880030661,TRUE,FALSE,TRUE,FALSE,FALSE,FALSE,FALSE
"2023-02-10_OWC_TR_127_63",2023-02-10,"Feb","OWC","TR",127,63,2023-02-10 12:57:30,1403.97321838225,0.115821245081117,9.5672746958786e-62,0.603075646212013,2.49518113269059,958.193129048825,0.0869697604611584,0.00158264706763589,1224.4100334109,0.136375758977276,5.46552413747478e-158,0.910179603071468,1.1869589229827,936.485270176768,0.917556004211466,1.14101143634908,958.215618326793,TRUE,0.0867339081488157,0.00167141640121579,1.12359377780167,2023-02-10 12:57:30,2023-02-10 12:59:59,438.23944,TRUE,TRUE,TRUE,FALSE,FALSE,FALSE,FALSE,FALSE,407.262799751375,0.0190021588280474,3.98756200667313e-52,0.539625962737354,0.47386978689915,144.102626195106,0.0144544864170941,0.00040749822574817,5798.45579115685,0.0351138803809956,5.62669447548419e-109,0.808509403105422,0.305616877598567,145.52577683532,0.810147167323192,0.305333478263818,144.352038661925,TRUE,0.014494708325982,0.00040137327312399,0.305278265450269,TRUE,TRUE,TRUE,FALSE,FALSE,FALSE,FALSE
"2023-02-10_OWC_TR_128_64",2023-02-10,"Feb","OWC","TR",128,64,2023-02-10 12:41:00,NA,NA,NA,NA,NA,1640.28913324153,0.20211824299589,0.000876532913305803,1244.60477683009,0.121076347242413,0,0.991090229464342,1.3304718666863,1634.1949758534,0.991275641046433,1.3193185563976,1640.38963952577,TRUE,0.202378755377979,0.000895187048336316,1.49292035862456,2023-02-10 12:41:00,2023-02-10 12:44:59,445.76575,TRUE,FALSE,TRUE,FALSE,FALSE,FALSE,FALSE,FALSE,4405.00358787242,0.589288477595378,1.49814229828663e-112,0.655055156099361,23.6992773599375,1140.53136414634,0.581103372255451,0.000520814142058501,5838.45675516976,0.0719405660134466,0,0.999616186786507,0.790533422376408,1052.97887648393,0.999682835152696,0.720133924010595,1143.6475220046,TRUE,0.581894155472303,0.000528267295901825,0.7778243958496,TRUE,FALSE,TRUE,FALSE,FALSE,FALSE,FALSE
"2023-02-10_OWC_UP_101_49",2023-02-10,"Feb","OWC","UP",101,49,2023-02-10 12:31:00,3992.33447729974,0.136609494417818,6.40769390437923e-149,0.677105915197147,6.7172330093366,1893.3804691441,0.135604995784282,0.0005507440109271,1077.45480523416,0.0951531485316551,0,0.990232430353427,1.16829798387485,1815.88188724991,0.991473007599446,1.09341686702808,1893.40172799425,TRUE,0.135553745617059,0.000553931888636183,1.24765605769596,2023-02-10 12:31:00,2023-02-10 12:35:59,385.67572,TRUE,FALSE,TRUE,FALSE,FALSE,FALSE,FALSE,FALSE,NA,NA,NA,NA,NA,NA,NA,NA,NA,NA,NA,NA,NA,NA,NA,NA,NA,NA,NA,NA,NA,NA,NA,NA,NA,NA,NA,NA
"2023-02-10_OWC_UP_102_50",2023-02-10,"Feb","OWC","UP",102,50,2023-02-10 12:24:00,4845.15042062866,0.336290911434615,6.35456908238948e-152,0.684483276457897,13.6720864365533,2148.67879124964,0.280093733482817,0.000681310883993138,1083.7903804732,0.11771144933869,0,0.996474253084464,1.44527060915517,1924.02179913261,0.99759151644807,1.1965281162237,2148.81571274406,TRUE,0.279979573151452,0.00069965904338654,1.48968503309745,2023-02-10 12:24:00,2023-02-10 12:28:59,387.65085,TRUE,FALSE,TRUE,FALSE,FALSE,FALSE,FALSE,FALSE,1282.18708802965,0.0161471634768871,4.43543835738016e-128,0.620949288772476,0.702029507371328,246.586043013007,0.0126936083697288,0.000139622370243272,5728.50053742358,0.0241228372356433,0,0.932530998379415,0.296182128943085,239.966177865334,0.933714678208729,0.294064673608527,247.030076413304,TRUE,0.0127637680419969,0.00014467340784232,0.316043572699656,TRUE,TRUE,TRUE,FALSE,FALSE,FALSE,FALSE
"2023-02-10_OWC_UP_103_51",2023-02-10,"Feb","OWC","UP",103,51,2023-02-10 12:03:00,NA,NA,NA,NA,NA,1894.61503729108,0.330869398805923,0.000551310911670289,1073.60688989961,0.0952510931112585,0,0.998342472648692,1.16950055527315,1884.64956922431,0.998380607361607,1.15790684967986,1894.63868150176,TRUE,0.330876007185112,0.000557705331274092,1.25709743421676,2023-02-10 12:03:00,2023-02-10 12:07:59,385.15189,TRUE,FALSE,TRUE,FALSE,FALSE,FALSE,FALSE,FALSE,NA,NA,NA,NA,NA,173.158638362099,0.0231665416853512,0.000131335079852443,5715.149657628,0.0226910254358997,0,0.981143001542924,0.278602228910958,174.887229350925,0.981214253183512,0.278541556677233,173.232308318222,TRUE,0.0231517776612728,0.000137631578018697,0.298618680592913,TRUE,FALSE,TRUE,FALSE,FALSE,FALSE,FALSE
"2023-02-10_OWC_UP_104_52",2023-02-10,"Feb","OWC","UP",104,52,2023-02-10 11:42:00,NA,NA,NA,NA,NA,1971.67368016408,0.186148949570937,0.000587875066712074,1071.87561681669,0.101568355590007,0,0.994071189444931,1.24706441029446,1955.14434229885,0.994270615838062,1.22796653712211,1971.72639177917,TRUE,0.18627695109663,0.000598826596015159,1.24599178379894,2023-02-10 11:42:00,2023-02-10 11:46:59,384.46548,TRUE,FALSE,TRUE,FALSE,FALSE,FALSE,FALSE,FALSE,466.987211751225,0.0336512585187804,1.10316375646908e-152,0.686324191192256,0.35589730004136,570.623059108507,0.00580133883056682,0.000182905983513244,5819.31004133152,0.0316010340035598,3.09979167621917e-130,0.627183474907642,0.388000028211754,327.514999309351,0.753036724728634,0.316320858236903,575.240702274408,TRUE,0.00552902199497845,0.000165546394682423,0.318552101824846,TRUE,TRUE,TRUE,FALSE,FALSE,FALSE,FALSE
"2023-02-10_OWC_UP_105_53",2023-02-10,"Feb","OWC","UP",105,53,2023-02-10 11:49:00,5001.24452632837,0.356509092671646,2.03123862349228e-150,0.680808843269235,15.5713811751017,2409.15558833667,0.317047840149047,0.000846476729173587,1084.75421512471,0.146247484024489,0,0.995755424007777,1.79563833009412,2016.3159610235,0.997809253065034,1.29218673724822,2410.80541246481,TRUE,0.318112151779364,0.000854978693059514,1.72190195837173,2023-02-10 11:49:00,2023-02-10 11:53:59,388.74292,TRUE,FALSE,TRUE,FALSE,FALSE,FALSE,FALSE,FALSE,706.246338798404,0.0263893811643667,4.85982075892158e-131,0.629484437251836,0.434425649234416,282.392973425813,0.00743736759904547,0.000143851358161266,5723.84697039008,0.0248534879690431,7.91447569071949e-223,0.817185281461337,0.305153117206954,193.382174834371,0.843437518158553,0.282867819288844,283.00096777401,TRUE,0.00733594909809175,0.00014531059707069,0.288335901286971,TRUE,TRUE,TRUE,FALSE,FALSE,FALSE,FALSE
"2023-02-10_OWC_UP_106_54",2023-02-10,"Feb","OWC","UP",106,54,2023-02-10 11:33:00,6307.2864576307,0.168265196316406,1.14851375191859e-216,0.692274811404649,10.3090186690842,2803.49204032721,0.152730914297729,0.000364467817780182,1088.80157925176,0.0882209140574588,0,0.995250576179495,1.28072611700659,2712.64560665879,0.995757677457591,1.21187134277044,2803.49618894813,TRUE,0.152714362161639,0.000379162457259563,1.31692311809647,2023-02-10 11:33:00,2023-02-10 11:39:59,389.49854,TRUE,FALSE,TRUE,FALSE,FALSE,FALSE,FALSE,FALSE,716.564240375519,0.0120627717653941,2.22204624490205e-187,0.638575315167311,0.369800453925158,565.063234397095,0.00423428301336206,9.61625662161185e-05,5842.27167024134,0.023276539315231,3.21910305783795e-220,0.698220886131801,0.337911618044799,223.649585885239,0.799965747514476,0.275441635753296,565.331962094019,TRUE,0.00423659605909783,0.000102636509436476,0.343847128719294,TRUE,TRUE,TRUE,FALSE,FALSE,FALSE,FALSE
"2023-02-10_OWC_UP_107_55",2023-02-10,"Feb","OWC","UP",107,55,2023-02-10 12:18:00,NA,NA,NA,NA,NA,1577.50394535773,0.317818606798653,0.000821040975210245,1067.50343398058,0.113411191645834,0,0.996820083615213,1.24624175810362,1554.75612274716,0.996992436531911,1.21454139495278,1579.07927408702,TRUE,0.31884742065175,0.000790406749328742,1.08058249364032,2023-02-10 12:18:00,2023-02-10 12:21:59,384.01187,TRUE,FALSE,TRUE,FALSE,FALSE,FALSE,FALSE,FALSE,948.796869468289,0.017911635635645,1.29365525592025e-105,0.631244704811379,0.647413053239158,241.558011884247,0.0146932756595152,0.000204171978334149,5716.54263252344,0.0282024747396241,1.24870591574152e-258,0.915502750735512,0.309908583027161,238.153185844965,0.916796263237027,0.308172730534818,242.85237167496,TRUE,0.0145256628604584,0.000203449496166974,0.246457732274874,TRUE,TRUE,TRUE,FALSE,FALSE,FALSE,FALSE
"2023-02-10_OWC_UP_108_56",2023-02-10,"Feb","OWC","UP",108,56,2023-02-10 11:56:00,2604.6537129166,0.0899755878402411,5.29467559267027e-96,0.595514141692823,3.63307756616384,1683.44290596546,0.0798020128657944,0.000916833697710549,1075.19600110667,0.126643133945639,2.63168901185156e-295,0.940651455673734,1.39164362537553,1654.47838820893,0.944590474735397,1.3474904178006,1692.2403580824,TRUE,0.0822352562477828,0.000779630341071469,1.13110310389429,2023-02-10 11:56:00,2023-02-10 11:59:59,385.00232,TRUE,TRUE,TRUE,FALSE,FALSE,FALSE,FALSE,FALSE,1386.65929570217,0.118770077946115,6.00550496507492e-127,0.699689392648334,1.02156515700641,1677.83835697281,0.0179952891878896,0.000911496750591619,5725.62727011739,0.125905936228615,6.90815619279013e-64,0.44916222795763,1.38354277954539,1448.99849762041,0.660878889775596,1.08784900864612,1744.74095083514,TRUE,0.0114354331961882,0.000233319191733943,0.323533257977725,TRUE,TRUE,TRUE,FALSE,FALSE,FALSE,FALSE
"2023-02-21_CRC_TR_309_73",2023-02-21,"Feb","CRC","TR",309,73,2023-02-21 14:16:00,3956.88926756664,0.111569208368972,5.84655150331773e-136,0.64324656425185,6.5217232319749,2029.27725099399,0.124963870931762,0.000616783104344789,1138.08514225072,0.106562855292317,0,0.985641268950179,1.30838727793168,2011.31434269184,0.986157364677465,1.28681209177051,2029.73610471261,TRUE,0.124711831055546,0.000580297003847989,1.26193176679808,2023-02-21 14:16:00,2023-02-21 14:20:59,406.48886,TRUE,FALSE,TRUE,FALSE,FALSE,FALSE,FALSE,FALSE,NA,NA,NA,NA,NA,2354.78421008452,0.0653646023096144,0.000808979218367866,5738.24563775943,0.139768963796447,4.94065645841247e-324,0.916087329152409,1.71609453950273,2227.8664868007,0.93253692441655,1.54130280059722,2391.01692379728,TRUE,0.0696391492811331,0.000194958524892051,0.38490237286295,TRUE,FALSE,TRUE,FALSE,FALSE,FALSE,FALSE
"2023-02-21_CRC_TR_311_75",2023-02-21,"Feb","CRC","TR",311,75,2023-02-21 13:43:00,NA,NA,NA,NA,NA,1611.69314873328,0.0773822903414714,0.000850808241995788,1142.54001984133,0.117522973274422,6.53726795791259e-304,0.945372529352669,1.29142490000864,1602.58630181835,0.946844001908689,1.27658641983746,1612.37055439195,TRUE,0.0779461800388879,0.000873647180968512,1.32506653100497,2023-02-21 13:43:00,2023-02-21 13:46:59,407.21051,TRUE,FALSE,TRUE,FALSE,FALSE,FALSE,FALSE,FALSE,241.49874348304,0.0368729322557643,1.19842413558349e-85,0.553149571407982,0.309889450507105,205.063341188904,0.00511071657587482,0.000196556001922919,5747.99778361556,0.0271504724809998,1.53943609817007e-93,0.585813299794099,0.298348443985407,142.850276667624,0.639182260383043,0.279048771691684,205.078240054321,TRUE,0.00512548840293654,0.000197635842241453,0.296918641087631,TRUE,TRUE,TRUE,FALSE,FALSE,FALSE,FALSE
"2023-02-21_CRC_TR_312_76",2023-02-21,"Feb","CRC","TR",312,76,2023-02-21 13:30:00,2948.48240277421,0.518903287170492,1.83770055508396e-156,0.773967372423839,5.19779755486031,2704.00510032085,0.146390083239748,0.00265450034023777,1164.31484938695,0.366668724095708,2.36637163165059e-209,0.864177125267592,4.02921324365993,1876.08305615597,0.975996954458252,1.69737358850241,2705.02906041737,TRUE,0.145010948052298,0.00270033188226046,4.68014945459169,2023-02-21 13:30:00,2023-02-21 13:33:59,412.73245,TRUE,FALSE,TRUE,FALSE,FALSE,FALSE,FALSE,FALSE,2591.28077214935,0.347284513883775,1.21007566522271e-157,0.77652406788647,3.58281912935081,2285.47229452694,0.102512337868473,0.00171649559649301,5756.21033718724,0.237101212888004,8.44424712947536e-224,0.881820727868672,2.60543450879879,1304.10886933492,0.984829355801304,0.935453036386922,2286.07280963258,TRUE,0.101422895823825,0.00175033868104269,3.3015767074936,TRUE,TRUE,TRUE,FALSE,FALSE,FALSE,FALSE
"2023-02-21_CRC_TR_313_77",2023-02-21,"Feb","CRC","TR",313,77,2023-02-21 13:49:30,2787.2800238853,0.375043802334631,4.15666529206859e-111,0.699232010111637,6.64919472702017,1994.50093879863,0.194926105570708,0.00208276467968006,1149.28485160896,0.251619754035138,1.66549338919695e-282,0.954451854033737,2.58754908523576,1520.80206896191,0.985394595110832,1.46876231554152,2000.95739668289,TRUE,0.199652526266992,0.0020870656276078,2.27106205928235,2023-02-21 13:49:30,2023-02-21 13:52:59,408.36346,TRUE,FALSE,TRUE,FALSE,FALSE,FALSE,FALSE,FALSE,NA,NA,NA,NA,NA,1244.63613079625,0.0230775451308289,0.000852996345376747,5741.81128987057,0.103050878820136,6.79331912690258e-94,0.636507779316489,1.0597308158347,588.031291596322,0.924593820277671,0.483830172211119,1244.68789968552,TRUE,0.0232656519171851,0.000905747576781817,1.23102879577155,TRUE,FALSE,TRUE,FALSE,FALSE,FALSE,FALSE
"2023-02-21_CRC_TR_314_78",2023-02-21,"Feb","CRC","TR",314,78,2023-02-21 13:05:30,2457.9311507662,0.309147747216612,6.92511417446677e-138,0.776017933697325,4.49251986664321,2437.02237481958,0.138573960827996,0.00352721080158912,1152.02125297257,0.426123951008364,2.08333957028345e-142,0.78689538664966,4.38207502370726,1798.32761003873,0.953865660825294,2.04379348566302,2442.69457175417,TRUE,0.132161628538714,0.00341554286540913,4.66470749175515,2023-02-21 13:05:30,2023-02-21 13:08:59,409.3949,TRUE,TRUE,TRUE,FALSE,FALSE,FALSE,FALSE,FALSE,NA,NA,NA,NA,NA,NA,NA,NA,NA,NA,NA,NA,NA,NA,NA,NA,NA,NA,NA,NA,NA,NA,NA,NA,NA,NA,NA,NA
"2023-02-21_CRC_TR_315_79",2023-02-21,"Feb","CRC","TR",315,79,2023-02-21 13:13:00,3129.99647265374,0.343623999973308,1.96801875090877e-194,0.77252215993903,3.2741598810413,3221.31986690134,0.0678512170803912,0.00166550935745909,1148.91642417807,0.287753395637276,1.17294494384898e-174,0.735124876088201,3.53305925409637,2063.36290576016,0.961806568553479,1.34385414839247,3222.07218440626,TRUE,0.0678116477351666,0.00176081364932071,4.05897696245274,2023-02-21 13:13:00,2023-02-21 13:17:59,408.1312,TRUE,TRUE,TRUE,FALSE,FALSE,FALSE,FALSE,FALSE,NA,NA,NA,NA,NA,1831.34849693545,0.0193815462177679,0.000522997561251345,5707.16959225796,0.0903593387128631,4.91649895980372e-157,0.696652768123023,1.10943920271207,605.168244777231,0.960960353413497,0.398670307038089,1839.29299700805,TRUE,0.020626278889764,0.000526677013102859,1.20518575449476,TRUE,FALSE,TRUE,FALSE,FALSE,FALSE,FALSE
"2023-02-21_CRC_TR_316_80",2023-02-21,"Feb","CRC","TR",316,80,2023-02-21 14:25:00,NA,NA,NA,NA,NA,3306.81049384001,0.0405553489164928,0.00178849267868789,1160.54980912102,0.309001470967412,1.27781226289438e-82,0.462321126423848,3.79394482596119,2572.14163127209,0.843015555355493,2.05345550630431,3306.85932188822,TRUE,0.0409151900673464,0.00188642580105891,4.64235771378619,2023-02-21 14:25:00,2023-02-21 14:29:59,411.96429,TRUE,FALSE,TRUE,FALSE,FALSE,FALSE,FALSE,FALSE,NA,NA,NA,NA,NA,1756.74567308052,0.0399303110272716,0.000491473381861495,5725.34133582835,0.0849128429465787,0,0.916932144505629,1.04256669117541,1645.01088020028,0.931504606940155,0.948299429879126,1758.55487562764,TRUE,0.040498775475134,0.00051087053329617,1.08292507029499,TRUE,FALSE,TRUE,FALSE,FALSE,FALSE,FALSE
"2023-02-21_CRC_TR_316_83",2023-02-21,"Feb","CRC","TR",316,83,2023-02-21 14:32:00,NA,NA,NA,NA,NA,2209.05634366878,0.022981286472862,0.00158515916160311,1161.03442821092,0.218959582887668,9.75331937405911e-40,0.305419915610399,2.4060815477869,1819.04951076961,0.694344118373077,1.59946974565006,2215.99950730093,TRUE,0.0200458046490802,0.00151614607467239,2.11792145114093,2023-02-21 14:32:00,2023-02-21 14:35:59,410.75739,TRUE,FALSE,TRUE,FALSE,FALSE,FALSE,FALSE,FALSE,NA,NA,NA,NA,NA,1701.23927095594,0.0354145596844084,0.000933988365278411,5742.84003422216,0.129012724928186,3.3789504457339e-146,0.750488236644256,1.41768235391034,1378.37788656473,0.87371454703267,1.01069602125626,1701.85858592585,TRUE,0.0352878598088894,0.000936941364733461,1.66674822554294,TRUE,FALSE,TRUE,FALSE,FALSE,FALSE,FALSE
"2023-02-21_CRC_TR_327_74",2023-02-21,"Feb","CRC","TR",327,74,2023-02-21 13:56:00,4973.97006005649,0.142863443103447,2.79356035101539e-113,0.413940381847057,3.2206674681495,5203.07200437024,0.0153452704474952,0.000845244439060508,1144.48891483821,0.233874976723847,1.56700202099067e-63,0.25597891050661,3.62883824970987,4413.44956574988,0.674494505954215,2.40274652388171,5203.35935636416,TRUE,0.0149644577438936,0.000927638630515137,4.11737312888222,2023-02-21 13:56:00,2023-02-21 14:03:59,406.06607,TRUE,TRUE,TRUE,FALSE,FALSE,FALSE,FALSE,FALSE,NA,NA,NA,NA,NA,5168.89367036674,-0.0166862717135969,0.000830331191323898,5737.60154869004,0.229748554465272,3.1679750337769e-75,0.296543137943983,3.56481208010364,3263.50594711232,0.903739215795118,1.3200683293992,5181.84800480085,TRUE,-0.0140584189735959,0.000785649864871341,3.75420488185597,TRUE,FALSE,TRUE,TRUE,FALSE,FALSE,FALSE
"2023-02-21_CRC_TR_327_82",2023-02-21,"Feb","CRC","TR",327,82,2023-02-21 14:07:00,NA,NA,NA,NA,NA,2570.7546763656,-0.0232151662648687,0.00096850013016588,1157.29738507347,0.167329712008071,1.69249165928878e-89,0.490009863792798,2.05448761494584,2381.74349614803,0.63029474339947,1.75217675385223,2571.07852681006,TRUE,-0.0236982686106192,0.00100012247676515,2.16116493833026,2023-02-21 14:07:00,2023-02-21 14:11:59,411.88599,TRUE,FALSE,TRUE,TRUE,FALSE,TRUE,TRUE,FALSE,NA,NA,NA,NA,NA,2053.68841200233,0.00993459055218065,0.000629458586636652,5734.27345918831,0.108752823817255,3.62549663342393e-47,0.29405821923849,1.33527588699944,1781.06196174016,0.554815551717204,1.06214551051787,2081.66590195147,TRUE,0.00805139174055263,0.000475437735989354,0.96197370740953,TRUE,FALSE,TRUE,FALSE,FALSE,FALSE,FALSE
"2023-02-21_CRC_UP_301_65",2023-02-21,"Feb","CRC","UP",301,65,2023-02-21 11:53:00,1615.86180445795,0.0981240975127206,2.55059594323117e-71,0.590105810869923,2.26996897086705,1318.17169073707,0.0616446022378415,0.00152275750681456,1139.76484501539,0.157590075550808,1.12750935243589e-135,0.820714040804414,1.50126437677035,1202.13873323113,0.871547756854988,1.27429917101344,1318.32721385937,TRUE,0.0621782924747733,0.00151167712623596,1.59374708029671,2023-02-21 11:53:00,2023-02-21 11:55:59,408.79861,TRUE,TRUE,TRUE,FALSE,FALSE,FALSE,FALSE,FALSE,886.570837645906,0.0269442503851463,4.21411862247737e-73,0.599377298982466,0.824368237775727,186.974223362765,0.024268161508264,0.000316451669177675,5639.40422888625,0.0327495627049712,2.8550789200675e-224,0.942619979914125,0.311985076927823,183.436846366422,0.943808865110343,0.309602093894794,187.221035101636,TRUE,0.0243290096024006,0.00033753299620638,0.30080882020274,TRUE,TRUE,TRUE,FALSE,FALSE,FALSE,FALSE
"2023-02-21_CRC_UP_302_66",2023-02-21,"Feb","CRC","UP",302,66,2023-02-21 11:57:00,NA,NA,NA,NA,NA,1285.2981507265,0.0867851332683398,0.00272992419273595,1132.68218845669,0.235235948271725,9.39665889935544e-98,0.772279845313423,2.04739764530987,1024.57471057694,0.905773070530363,1.32145159812191,1287.73573298437,TRUE,0.0903499080302266,0.00276024736592262,2.07939266332774,2023-02-21 11:57:00,2023-02-21 11:59:29,408.07019,TRUE,FALSE,TRUE,FALSE,FALSE,FALSE,FALSE,FALSE,NA,NA,NA,NA,NA,1063.36790339937,0.037625774622589,0.00188587158819009,5641.29516827096,0.162504436037836,7.74048365472874e-57,0.57187493097431,1.41437225960019,812.0021264864,0.817235924923339,0.927227051203016,1063.81235999804,TRUE,0.0386071004058675,0.0019261289510042,1.74701172425618,TRUE,FALSE,TRUE,FALSE,FALSE,FALSE,FALSE
"2023-02-21_CRC_UP_302_81",2023-02-21,"Feb","CRC","UP",302,81,2023-02-21 12:00:00,NA,NA,NA,NA,NA,3390.78111947166,0.0619622542340084,0.00191812607631309,1141.7945281929,0.331398493348336,3.06576258206286e-133,0.635703143773782,4.06893726179981,2388.32006183297,0.93193017760637,1.76180587039429,3396.89870633965,TRUE,0.0577624451170042,0.00205437848501755,4.13101000136222,2023-02-21 12:00:00,2023-02-21 12:04:59,407.80215,TRUE,FALSE,TRUE,FALSE,FALSE,FALSE,FALSE,FALSE,1502.75375862543,-0.025448579646554,1.39001975303633e-17,0.114802579724808,0.843686512798209,1329.30672884331,0.00600123960518146,0.000344195104547223,5644.21133976802,0.0594672792750271,2.37227615207785e-55,0.337028295751022,0.730144021040186,912.242733126709,0.671361295501894,0.514929595795432,1331.30737149304,TRUE,0.00639231083393223,0.000346804220366011,0.82208055913386,TRUE,TRUE,TRUE,FALSE,FALSE,FALSE,FALSE
"2023-02-21_CRC_UP_303_67",2023-02-21,"Feb","CRC","UP",303,67,2023-02-21 12:08:30,2373.41020866467,0.0560529284910058,2.55537318084956e-104,0.583221253565551,2.17051235070194,2307.52560479597,0.0342042406128169,0.00112746067869252,1153.38951062861,0.175265445767957,1.37011267421303e-118,0.631092117771972,2.04205975676585,2022.65011477613,0.783932175638719,1.5657170173613,2307.55220943919,TRUE,0.0343384401173931,0.00118009590006109,2.22497530505849,2023-02-21 12:08:30,2023-02-21 12:12:59,412.40808,TRUE,TRUE,TRUE,FALSE,FALSE,FALSE,FALSE,FALSE,NA,NA,NA,NA,NA,1072.32656603037,-0.0118055649247795,0.000359250667258598,5657.40277174701,0.0558460525758925,9.93322696421616e-131,0.667467540191305,0.650675756648831,599.116423422397,0.86258370164617,0.419059286381579,1072.80484785468,TRUE,-0.0120106072953333,0.000387726810889876,0.673589079143155,TRUE,FALSE,TRUE,TRUE,FALSE,FALSE,FALSE
"2023-02-21_CRC_UP_304_68",2023-02-21,"Feb","CRC","UP",304,68,2023-02-21 11:13:00,5595.27461242587,0.294449890679706,2.59596716555397e-206,0.729977730722921,11.7504670807088,3891.07360784454,0.214522248748309,0.00129033631792261,1152.32603142692,0.267632570560753,0,0.974680911568691,3.59815088879574,2667.3710369478,0.99539834447666,1.53609509367842,3892.92853608725,TRUE,0.214857017461666,0.00135747386757379,3.95754068395153,2023-02-21 11:13:00,2023-02-21 11:18:59,410.47595,TRUE,FALSE,TRUE,FALSE,FALSE,FALSE,FALSE,FALSE,NA,NA,NA,NA,NA,NA,NA,NA,NA,NA,NA,NA,NA,NA,NA,NA,NA,NA,NA,NA,NA,NA,NA,NA,NA,NA,NA,NA
"2023-02-21_CRC_UP_305_69",2023-02-21,"Feb","CRC","UP",305,69,2023-02-21 11:24:00,NA,NA,NA,NA,NA,1235.15966223745,0.386578900759913,0.00135693483247725,1156.78640755009,0.1404290977458,0,0.995608495736049,1.33778222499678,1238.02290905404,0.995622340689281,1.33941840118766,1235.17774357409,TRUE,0.386637167058422,0.00134808862748706,1.47490988930155,2023-02-21 11:24:00,2023-02-21 11:26:59,414.0433,TRUE,FALSE,TRUE,FALSE,FALSE,FALSE,FALSE,FALSE,693.825485678992,0.0246193305820993,5.41056683068128e-80,0.633307558180388,0.630753693263478,166.006199980651,0.019125854107982,0.000307368782072603,5680.22980136573,0.0318095753079615,4.74332686585878e-194,0.915364078456712,0.303030391242119,156.400698191372,0.918503039872833,0.298192037208934,166.999972932662,TRUE,0.0194163479303708,0.000313270700376565,0.315106940325674,TRUE,TRUE,TRUE,FALSE,FALSE,FALSE,FALSE
"2023-02-21_CRC_UP_306_70",2023-02-21,"Feb","CRC","UP",306,70,2023-02-21 11:30:00,1711.40574020336,0.0363601181431741,1.54225042014176e-20,0.165347927823331,1.43277548994199,1649.02579225893,0.0116737542365299,0.000884546373221418,1152.22790252687,0.122183254285638,3.95236366780891e-34,0.267065211217249,1.3426353380297,1621.79976776183,0.313227892869359,1.30239344475471,1649.44998637869,TRUE,0.0122447596585852,0.00092265032600044,1.27191750251284,2023-02-21 11:30:00,2023-02-21 11:33:59,413.26389,TRUE,TRUE,TRUE,FALSE,FALSE,FALSE,FALSE,FALSE,NA,NA,NA,NA,NA,265.964382270735,0.00292408198796676,0.000209429249734785,5652.80502720373,0.028928666771878,2.11605171707273e-37,0.28968571014785,0.317888490669991,188.043775807993,0.401132959882444,0.292499552594528,266.138461508745,TRUE,0.00293031136347446,0.000218310679698392,0.339910225010597,TRUE,FALSE,TRUE,FALSE,FALSE,FALSE,FALSE
"2023-02-21_CRC_UP_307_71",2023-02-21,"Feb","CRC","UP",307,71,2023-02-21 11:38:00,NA,NA,NA,NA,NA,826.880476412684,0.101059372996662,0.00250388962720644,1159.47026954482,0.172389967189926,1.94466595284234e-108,0.872523212613999,1.34368152146314,816.382621272513,0.879995822034487,1.30921643923845,826.914860367572,TRUE,0.101189816964202,0.00258801762973823,1.49610981175799,2023-02-21 11:38:00,2023-02-21 11:39:59,416.19125,TRUE,FALSE,TRUE,FALSE,FALSE,FALSE,FALSE,FALSE,NA,NA,NA,NA,NA,197.187743701935,-0.00273134425610966,0.000674344287524352,5657.05610128283,0.0464278410429521,6.92335276837364e-05,0.064485640600956,0.361878554232293,80.4237479985359,0.434385257431975,0.282572865019004,198.045592562284,TRUE,-0.00216598451495032,0.000689289955935449,0.348595769085895,TRUE,FALSE,TRUE,TRUE,FALSE,FALSE,FALSE
"2023-02-21_CRC_UP_308_72",2023-02-21,"Feb","CRC","UP",308,72,2023-02-21 11:46:00,2841.36343420641,0.124006740452568,3.47270409651152e-98,0.603921396159281,4.64900272938436,1954.83768822786,0.103023953618397,0.00121637329236315,1138.97243567707,0.168018830653057,5.51045721678228e-290,0.937530149481565,1.84630881546048,1952.95279029005,0.938291366720733,1.83887642806074,1957.38851975818,TRUE,0.104314102563202,0.000941128302706538,1.24958863895463,2023-02-21 11:46:00,2023-02-21 11:49:59,408.91129,TRUE,TRUE,TRUE,FALSE,FALSE,FALSE,FALSE,FALSE,NA,NA,NA,NA,NA,NA,NA,NA,NA,NA,NA,NA,NA,NA,NA,NA,NA,NA,NA,NA,NA,NA,NA,NA,NA,NA,NA,NA
"2023-02-24_PTR_TR_12_91",2023-02-24,"Feb","PTR","TR",12,91,2023-02-24 10:34:00,2935.70535053201,-0.112388952781736,1.12810194504648e-79,0.526725870529045,5.12907617081946,2068.02781934868,-0.103136110154528,0.00136858876019047,1175.09499477279,0.18904450186125,2.00769508465629e-267,0.922365396264332,2.07735364508925,1776.37945252403,0.958066746378774,1.52993337393703,2068.699915084,TRUE,-0.103417758119501,0.00148290397653184,2.21762981162299,2023-02-24 10:34:00,2023-02-24 10:37:59,414.08746,TRUE,FALSE,TRUE,TRUE,FALSE,TRUE,TRUE,FALSE,NA,NA,NA,NA,NA,214.998331781214,0.00182606314546739,0.000198600711920938,5740.44443032526,0.0274329102696695,1.16116034375605e-18,0.150284921643737,0.301452068603035,201.646917881993,0.180452537924306,0.296673757880327,215.017135808792,TRUE,0.00185310457520563,0.00020010034827086,0.269354734187964,TRUE,FALSE,TRUE,FALSE,FALSE,FALSE,FALSE
"2023-02-24_PTR_TR_12_99",2023-02-24,"Feb","PTR","TR",12,99,2023-02-24 11:38:40,3420.01933451744,0.342259015343131,6.08288755375663e-163,0.760627158720468,6.46045113197852,2563.76394493224,0.171496240225407,0.00165697992585636,1059.3789223704,0.24801342095084,0,0.953873973273349,2.83594909814817,1822.98105213109,0.988986711733836,1.3884298460632,2568.1513740512,TRUE,0.168410645096388,0.00166874163430969,2.94445347564646,2023-02-24 11:38:40,2023-02-24 11:42:59,370.06165,TRUE,FALSE,TRUE,FALSE,FALSE,FALSE,FALSE,FALSE,NA,NA,NA,NA,NA,303.884068415341,0.0108869986323597,0.000188630576928758,5738.67078663474,0.0282338451721759,9.5102846426184e-228,0.865424287376323,0.322844414815594,227.160555773647,0.884774689251578,0.299311846729338,303.922277665859,TRUE,0.0109170396670465,0.000195327211353987,0.30421850560507,TRUE,FALSE,TRUE,FALSE,FALSE,FALSE,FALSE
"2023-02-24_PTR_TR_551_92",2023-02-24,"Feb","PTR","TR",551,92,2023-02-24 10:42:50,4162.16045739696,0.182965927338611,4.02455208518795e-160,0.691870068758778,6.92002430175999,2100.98064219405,0.138308431490573,0.000589169868903478,1076.67315418627,0.105193636137017,0,0.988910064605416,1.31281999959794,2012.80207535805,0.990442149411081,1.22074421864781,2102.30577686496,TRUE,0.137757416037,0.000595312718002928,1.2665233964893,2023-02-24 10:42:50,2023-02-24 10:47:59,377.91724,TRUE,FALSE,TRUE,FALSE,FALSE,FALSE,FALSE,FALSE,NA,NA,NA,NA,NA,239.515797296899,0.00691052450055138,0.000131306359859381,5739.74183772453,0.0234441613031417,1.66024007293896e-230,0.817581447781072,0.292583895402906,233.560414264855,0.820487164059767,0.290715073805181,239.584926247482,TRUE,0.00691576521356873,0.000137683268856987,0.296230059527654,TRUE,FALSE,TRUE,FALSE,FALSE,FALSE,FALSE
"2023-02-24_PTR_TR_552_93",2023-02-24,"Feb","PTR","TR",552,93,2023-02-24 10:51:00,5873.31424685076,0.24087382392153,1.94433604888988e-273,0.774716880850829,7.96217591718696,4507.22533312651,0.135099080176048,0.00100482152347261,1061.25347773962,0.243221126642314,0,0.955696592507189,3.5309048021844,2925.79515290474,0.993289692940243,1.37580698768031,4508.37101034326,TRUE,0.13419263206101,0.00102821857231158,4.31739889929318,2023-02-24 10:51:00,2023-02-24 10:57:59,371.16998,TRUE,FALSE,TRUE,FALSE,FALSE,FALSE,FALSE,FALSE,1317.52133507361,0.0153747616896526,8.98596227901575e-215,0.689057874365756,0.528834803731765,812.614595310412,0.00711578230233082,0.000111429506015765,5740.50482645783,0.0269719640366458,4.94065645841247e-324,0.829535450965921,0.391559066665262,539.104831879837,0.877494174303248,0.332336077144988,813.307409725385,TRUE,0.00720764488660686,0.000108623335227024,0.372477378649771,TRUE,TRUE,TRUE,FALSE,FALSE,FALSE,FALSE
"2023-02-24_PTR_TR_553_94",2023-02-24,"Feb","PTR","TR",553,94,2023-02-24 11:02:30,NA,NA,NA,NA,NA,1748.85487141507,0.0152666452088412,0.000672119048205966,1074.85299589764,0.104481909497333,1.36193771206038e-80,0.489531987796898,1.21734379392177,1704.72409860875,0.533061799866936,1.16645348528533,1748.90716183945,TRUE,0.015322526837223,0.000675888440989886,1.21806612867927,2023-02-24 11:02:30,2023-02-24 11:06:59,380.07529,TRUE,FALSE,TRUE,FALSE,FALSE,FALSE,FALSE,FALSE,NA,NA,NA,NA,NA,320.826814969476,0.00818556548270317,0.000179143521289594,5745.20528377183,0.0278481278404077,2.41899612826419e-187,0.795112412844943,0.324465218543176,318.706900792794,0.797421331202374,0.323233172148263,320.949559920512,TRUE,0.00816146460126292,0.000187915563255394,0.311503690967058,TRUE,FALSE,TRUE,FALSE,FALSE,FALSE,FALSE
"2023-02-24_PTR_TR_554_95",2023-02-24,"Feb","PTR","TR",554,95,2023-02-24 11:10:00,NA,NA,NA,NA,NA,1687.22339197404,0.508079721589933,0.000920451312971178,1042.92657742728,0.127142838674163,0,0.998433663632182,1.3971347315915,1680.40991259344,0.998468555685194,1.38438488862233,1687.84200595529,TRUE,0.508634539958861,0.00093036278439172,1.41899181677149,2023-02-24 11:10:00,2023-02-24 11:13:59,368.9726,TRUE,FALSE,TRUE,FALSE,FALSE,FALSE,FALSE,FALSE,NA,NA,NA,NA,NA,260.707786946475,0.0097148186906311,0.000208285628594089,5741.06341942789,0.0287706972669766,4.97807665425074e-180,0.819857739350195,0.316152610897827,246.691435632015,0.826493890774159,0.310925846916163,261.022496051722,TRUE,0.00959820686226931,0.000208866438005244,0.296670214358641,TRUE,FALSE,TRUE,FALSE,FALSE,FALSE,FALSE
"2023-02-24_PTR_TR_555_96",2023-02-24,"Feb","PTR","TR",555,96,2023-02-24 11:16:00,2754.13371552632,0.35914130488278,4.38083095743144e-83,0.647583059374082,11.0308883779669,1236.96472680949,0.355682935947874,0.0013603409822944,1128.69920386729,0.140781599969312,0,0.99479064179443,1.34114029833384,1161.99864137799,0.995816674828983,1.20520084586433,1237.11778249504,TRUE,0.356206033122757,0.00141757378056867,1.30133056657272,2023-02-24 11:16:00,2023-02-24 11:18:59,397.42932,TRUE,FALSE,TRUE,FALSE,FALSE,FALSE,FALSE,FALSE,NA,NA,NA,NA,NA,198.964932545325,-0.000296191575624208,0.000321765908415046,5755.31676620856,0.033299532978744,0.357921560424054,0.00236132409443176,0.31722430774494,202.264143631718,0.00430147433162347,0.317804663684306,199.089648528112,TRUE,-0.000190078881549198,0.00033864755126012,0.338317910714864,TRUE,FALSE,TRUE,TRUE,FALSE,FALSE,FALSE
"2023-02-24_PTR_TR_556_97",2023-02-24,"Feb","PTR","TR",556,97,2023-02-24 11:22:00,3481.33189362978,0.388180651552518,8.52601645540889e-128,0.702130166222306,9.05472337726125,2060.72034238714,0.237115094596205,0.00135821067278256,1053.48038969751,0.187610966513475,0,0.984558646645408,2.0616009527298,1585.86275999812,0.994305907522491,1.25454041203204,2060.82067485905,TRUE,0.237067454335892,0.00144088857545654,2.12477145248368,2023-02-24 11:22:00,2023-02-24 11:25:59,369.47156,TRUE,FALSE,TRUE,FALSE,FALSE,FALSE,FALSE,FALSE,397.577610803431,0.013589567357035,4.67237218921206e-93,0.583887606789424,0.364598874782349,107.938477565975,0.00715501844633802,0.000177642953183694,5743.12657360538,0.0245379945902077,9.4814578858957e-156,0.772411189316958,0.269640703661198,99.8660916843915,0.778063848439421,0.266829901615985,108.025239559838,TRUE,0.00718172490221312,0.00018768285396017,0.263989531041947,TRUE,TRUE,TRUE,FALSE,FALSE,FALSE,FALSE
"2023-02-24_PTR_TR_557_98",2023-02-24,"Feb","PTR","TR",557,98,2023-02-24 11:31:00,3782.04670288666,0.143965237404225,4.85575322781644e-151,0.682331717068884,5.6374763131812,2079.87657460016,0.114225715797093,0.000643346547028204,1049.53080065215,0.111152274617844,0,0.981383328637444,1.36473653623695,1966.03420307323,0.984703048861566,1.23916090795989,2079.96124085241,TRUE,0.114270641982273,0.000666721729694175,1.44326017506883,2023-02-24 11:31:00,2023-02-24 11:35:59,369.69867,TRUE,FALSE,TRUE,FALSE,FALSE,FALSE,FALSE,FALSE,NA,NA,NA,NA,NA,244.333614019365,0.00964354575468335,0.000139360541487182,5739.52131035408,0.0240776005557634,1.29818031091214e-287,0.888980429290417,0.295626709361952,208.862069624279,0.896048900531585,0.286540426584222,244.454417442415,TRUE,0.00960352077098562,0.000143327066985015,0.300803724226273,TRUE,FALSE,TRUE,FALSE,FALSE,FALSE,FALSE
"2023-02-24_PTR_UP_1_84",2023-02-24,"Feb","PTR","UP",1,84,2023-02-24 12:03:00,NA,NA,NA,NA,NA,1188.66866352725,0.171458412839328,0.00127208530319286,1060.3975485503,0.131648025467031,6.99703956594758e-309,0.980674847270321,1.25413031382227,1186.86700074782,0.980983790106717,1.24755497789956,1189.11871286702,TRUE,0.170628646595953,0.00125525088356142,1.15912747683207,2023-02-24 12:03:00,2023-02-24 12:05:59,373.89017,TRUE,FALSE,TRUE,FALSE,FALSE,FALSE,FALSE,FALSE,632.811816837848,0.012327422109813,3.55023506664515e-64,0.550740484289065,0.579504968279205,480.673824297322,0.0139379157831188,0.000475842367329454,5750.03477256992,0.0492448957119842,4.40679628175467e-97,0.705583576415137,0.469126037358473,362.548089417968,0.790283415936682,0.397046546842153,484.184638591768,TRUE,0.0131635086980821,0.000449609847616724,0.464701958982696,TRUE,TRUE,TRUE,FALSE,FALSE,FALSE,FALSE
"2023-02-24_PTR_UP_2_85",2023-02-24,"Feb","PTR","UP",2,85,2023-02-24 12:09:30,NA,NA,NA,NA,NA,1393.13905913782,0.18972532430332,0.00101794835444772,1057.00465785105,0.12297880651882,0,0.988109983679921,1.26466103399307,1378.96430955106,0.988613529299182,1.2405633716753,1394.25608246158,TRUE,0.188656987616156,0.00100366164926023,1.24859255332841,2023-02-24 12:09:30,2023-02-24 12:12:59,372.6528,TRUE,FALSE,TRUE,FALSE,FALSE,FALSE,FALSE,FALSE,NA,NA,NA,NA,NA,212.469491885051,0.0118833847665773,0.000249631406229464,5750.20978790568,0.0301580844190963,6.82469468853824e-171,0.844268945330347,0.310132739976362,194.623733141129,0.852162041401984,0.302896641388814,212.670601748459,TRUE,0.0118799038495817,0.000257634454249478,0.303003846079422,TRUE,FALSE,TRUE,FALSE,FALSE,FALSE,FALSE
"2023-02-24_PTR_UP_3_86",2023-02-24,"Feb","PTR","UP",3,86,2023-02-24 12:17:00,4326.67919788579,0.457291509737718,2.31957302089465e-157,0.697413397618846,8.87551991543304,3617.95212753094,0.177154205621181,0.00231789137175769,1065.64193091047,0.400466746076509,8.38344821826602e-311,0.907134172030789,4.91696280438329,2867.63506514497,0.973584244339414,2.62680562089444,3618.39188952731,TRUE,0.176728540990969,0.00266990197769359,5.29234087438405,2023-02-24 12:17:00,2023-02-24 12:21:59,372.15045,TRUE,FALSE,TRUE,FALSE,FALSE,FALSE,FALSE,FALSE,897.553525257376,0.0397186937678098,3.59783513848743e-94,0.508004926254163,0.509508974817227,997.190662547477,0.00542115086583862,0.000260980390521361,5759.36756637537,0.0450901060573048,1.44981437182754e-72,0.41912789750848,0.553619935991161,585.183059417086,0.709621688862319,0.392085706935498,997.324005239432,TRUE,0.00532664265214133,0.000275960315844565,0.597311435740437,TRUE,TRUE,TRUE,FALSE,FALSE,FALSE,FALSE
"2023-02-24_PTR_UP_3_87",2023-02-24,"Feb","PTR","UP",3,87,2023-02-24 12:26:00,1870.98885614026,0.223349470841083,1.10534768302493e-100,0.718894520633282,3.23525998009912,1622.0923661469,0.108551637116775,0.0023224783961394,1090.32641967782,0.240353138483853,1.81189810963187e-154,0.859198537401855,2.28969751673496,1284.273095539,0.945518954208836,1.4282813393997,1622.37126872302,TRUE,0.107663375572495,0.00240201953851167,2.55232523780146,2023-02-24 12:26:00,2023-02-24 12:28:59,382.50726,TRUE,TRUE,TRUE,FALSE,FALSE,FALSE,FALSE,FALSE,NA,NA,NA,NA,NA,256.881563672721,-0.00187789062986998,0.000348718167893378,5761.9070896446,0.0360888205629112,1.31354464037364e-07,0.0749343539851853,0.343796146561834,159.620353746665,0.301745559012294,0.299528461456981,257.124093524033,TRUE,-0.00204337614140032,0.000350926461370734,0.343945800560997,TRUE,FALSE,TRUE,TRUE,FALSE,FALSE,FALSE
"2023-02-24_PTR_UP_4_100",2023-02-24,"Feb","PTR","UP",4,100,2023-02-24 12:21:22,NA,NA,NA,NA,NA,3486.55409286025,0.0255784016841621,0.00293019147615543,1156.42197391603,0.469036620022856,3.01953449291384e-17,0.120913954890568,5.54478562096221,3467.61565899694,0.156443732736818,5.44140984839891,3501.40989263583,TRUE,0.03357750308877,0.00109414110215522,2.02822315453323,2023-02-24 12:21:22,2023-02-24 12:25:59,411.97327,FALSE,FALSE,FALSE,FALSE,TRUE,FALSE,TRUE,FALSE,NA,NA,NA,NA,NA,NA,NA,NA,NA,NA,NA,NA,NA,NA,NA,NA,NA,NA,NA,NA,NA,NA,NA,NA,NA,NA,NA,NA
"2023-02-24_PTR_UP_4_88",2023-02-24,"Feb","PTR","UP",4,88,2023-02-24 12:32:30,5493.59694831293,0.353622176569683,6.23676265608838e-170,0.690943826319871,15.4846519105013,2883.51867096839,0.291080011701035,0.000875918638341215,1084.57651844653,0.166505582444688,0,0.994076905714903,2.1436656961337,2340.868423196,0.997412735747055,1.41894040774637,2883.7332337814,TRUE,0.29139553670703,0.000889755800728824,2.50717069544939,2023-02-24 12:32:30,2023-02-24 12:37:59,380.73877,TRUE,FALSE,TRUE,FALSE,FALSE,FALSE,FALSE,FALSE,972.220820511609,0.0206480373961585,3.69827473543858e-153,0.652478505255924,0.50387069000887,768.44107523598,0.00773154219515448,0.000176433087368265,5773.12494841876,0.0335386104243663,2.65015177903077e-197,0.744794442400726,0.431790740028729,394.285488941528,0.856101769206584,0.324725964088056,768.620382971953,TRUE,0.00780253873985175,0.000184650897459425,0.472185524699998,TRUE,TRUE,TRUE,FALSE,FALSE,FALSE,FALSE
"2023-02-24_PTR_UP_550_90",2023-02-24,"Feb","PTR","UP",550,90,2023-02-24 11:55:30,3139.93063035838,0.395799622522361,1.71714264812964e-105,0.680055958059871,10.1180191063191,1746.18588630806,0.292663057833926,0.00154973357078627,1085.26561998703,0.187224021852117,0,0.988415056918187,1.92533113441465,1504.820832237,0.99354081121336,1.44108283839849,1746.23154026855,TRUE,0.292335176007031,0.00165092603905058,2.19212137275458,2023-02-24 11:55:30,2023-02-24 11:58:59,381.29987,TRUE,FALSE,TRUE,FALSE,FALSE,FALSE,FALSE,FALSE,NA,NA,NA,NA,NA,150.080031218302,0.0105865922796133,0.000231762302291669,5742.96590748078,0.0279993097953846,1.32501525735898e-164,0.833103106341335,0.287932832325092,134.741779647699,0.840613389670909,0.282055423796866,150.107148669176,TRUE,0.0106149646176135,0.000251443553826081,0.304418469031557,TRUE,FALSE,TRUE,FALSE,FALSE,FALSE,FALSE
"2023-02-24_PTR_UP_6_101",2023-02-24,"Feb","PTR","UP",6,101,2023-02-24 11:40:00,6137.71265811944,3.17503459095024,8.87370954608195e-19,0.122814465548972,40.1447417169055,5960.06724748718,-0.291323617694921,0.0163204754302261,1231.16300741898,2.81972130773672,1.9021028506391e-57,0.347609805054745,34.6207642075221,5848.35978809878,0.462033077580824,31.491125761594,5968.48515322956,TRUE,-0.317810991166979,0.0130550491738246,26.6884870529237,2023-02-24 11:40:00,2023-02-24 11:44:59,365.61087,FALSE,FALSE,FALSE,TRUE,TRUE,TRUE,TRUE,TRUE,NA,NA,NA,NA,NA,6650.13139180703,-0.74478046876294,0.0290051654898783,5883.19903749449,5.01128067720186,1.41505012247131e-98,0.524390720730453,61.52890579189,6504.20367445549,0.62955049510474,54.3933746134153,6662.04934861439,TRUE,-0.805204281032522,0.0230591115694085,52.8749404462173,FALSE,FALSE,FALSE,TRUE,TRUE,TRUE,TRUE
"2023-02-24_PTR_UP_7_89",2023-02-24,"Feb","PTR","UP",7,89,2023-02-24 11:46:00,5457.9287432249,0.472216290616405,5.75681026520886e-147,0.672215638794576,22.782777326849,2518.53801343876,0.458171511730982,0.000927260677442067,1051.57437517923,0.160204688961905,0,0.997556646680227,1.96700601093852,2290.51666439373,0.998340246398072,1.62390950153695,2519.09668393146,TRUE,0.458722370158841,0.000951370180165735,1.89703278956551,2023-02-24 11:46:00,2023-02-24 11:50:59,370.85361,TRUE,FALSE,TRUE,FALSE,FALSE,FALSE,FALSE,FALSE,2898.00040527687,0.0637437877214174,4.90368192733371e-153,0.687172972072593,2.69859496750499,643.863354556268,0.0554166059260603,0.000194417099601693,5741.90989021005,0.0335898326417609,0,0.992693566022048,0.412418657287075,338.190687763332,0.995639292933187,0.319147532326923,644.238244387945,TRUE,0.0554553104681832,0.000194433348195368,0.416613309405215,TRUE,TRUE,TRUE,FALSE,FALSE,FALSE,FALSE
"2023-03-24_CRC_TR_1_110",2023-03-24,"Mar","CRC","TR",1,110,2023-03-24 13:43:00,NA,NA,NA,NA,NA,1152.0509528343,0.199163159735773,0.00120900728035061,1142.57264598104,0.125120084976952,0,0.9869794019467,1.19194261274288,1137.90416008528,0.987619473290782,1.16553670598968,1152.21495765363,TRUE,0.199618622770479,0.00129375975998043,1.24972035897008,2023-03-24 13:43:00,2023-03-24 13:45:59,410.10355,TRUE,FALSE,TRUE,FALSE,FALSE,FALSE,FALSE,FALSE,NA,NA,NA,NA,NA,156.643064429301,0.129139547353575,0.000303397527105768,5675.14796399596,0.0313985903891845,0,0.998027889442952,0.299115188994813,160.29714041643,0.998029783533895,0.299810145033148,156.75107951787,TRUE,0.129041409924309,0.000320811717883017,0.313224409883704,TRUE,FALSE,TRUE,FALSE,FALSE,FALSE,FALSE
"2023-03-24_CRC_TR_3_112",2023-03-24,"Mar","CRC","TR",3,112,2023-03-24 13:27:00,2743.78069438664,0.158031211864923,3.63702553222623e-125,0.694493235683366,4.19966198583114,1798.34478221011,0.10708352856165,0.0010334061380483,1147.91808958455,0.142745398961563,0,0.957380420098258,1.56858661285036,1585.18324115213,0.972890237778778,1.25365272222321,1798.5165502432,TRUE,0.106925945970129,0.00109201041521568,1.70015072274866,2023-03-24 13:27:00,2023-03-24 13:30:59,409.84409,TRUE,TRUE,TRUE,FALSE,FALSE,FALSE,FALSE,FALSE,NA,NA,NA,NA,NA,2808.73075161018,-0.0444538447748481,0.00296046295939983,5727.68873125535,0.40893163945065,4.98810306306913e-42,0.320516510500473,4.49362781483389,2249.21878769997,0.789949143095003,2.50368879445993,2808.73076774858,TRUE,-0.0444641028335424,0.00298489182734704,6.6758581092582,TRUE,FALSE,TRUE,TRUE,FALSE,FALSE,FALSE
"2023-03-24_CRC_TR_327_111",2023-03-24,"Mar","CRC","TR",327,111,2023-03-24 13:37:00,1575.66172693387,0.382468973687007,3.68608644120047e-52,0.621782277136026,6.39409040394615,747.340620574123,0.297095219538333,0.00212152960577607,1143.58304961697,0.14606491242996,1.2540945065056e-230,0.98800929132197,1.138492726494,744.572520450677,0.98834271092693,1.12729892961873,747.563821597381,TRUE,0.297298136206364,0.00221113771349491,1.10659997845614,2023-03-24 13:37:00,2023-03-24 13:38:59,409.61353,TRUE,FALSE,TRUE,FALSE,FALSE,FALSE,FALSE,FALSE,348.560158206564,0.055779979189073,8.42635684057643e-47,0.580576553319309,0.496045604411536,152.879028205323,0.0198711941390303,0.000614882362419585,5668.66264872474,0.0423339547923441,5.19414164382713e-89,0.814409435631985,0.329969044673343,146.154135333649,0.822520354891693,0.324042523822955,153.07387536287,TRUE,0.0196486358459788,0.000617593813916841,0.353533732460705,TRUE,TRUE,TRUE,FALSE,FALSE,FALSE,FALSE
"2023-03-24_CRC_TR_4_113",2023-03-24,"Mar","CRC","TR",4,113,2023-03-24 13:20:00,2746.33065182505,0.406913789493123,4.02310990933573e-85,0.656684267127092,10.911985622581,1577.25242500898,0.355021351022037,0.00218225161272523,1172.59589647726,0.225841077769267,0,0.986654076147392,2.1514499798378,1503.59932225079,0.989243524496768,1.93690554603915,1577.26772936433,TRUE,0.355132178543982,0.00238255520980572,2.13415288892945,2023-03-24 13:20:00,2023-03-24 13:22:59,417.93689,TRUE,FALSE,TRUE,FALSE,FALSE,FALSE,FALSE,FALSE,895.045432561604,0.0855982224485889,1.46391025291445e-90,0.679852819830828,0.834128603495055,876.489837284736,0.0236024982513303,0.000824544490227425,5730.66817807138,0.0853320557793621,1.42418563749049e-94,0.695936212143644,0.81290636539377,775.294024236724,0.772982543349182,0.704375618637293,883.063120977203,TRUE,0.0218247492606741,0.000814921771498632,0.779596061170848,TRUE,TRUE,TRUE,FALSE,FALSE,FALSE,FALSE
"2023-03-24_CRC_TR_5_114",2023-03-24,"Mar","CRC","TR",5,114,2023-03-24 13:52:00,5436.74519307746,0.513664915429389,2.20349384968241e-152,0.685598083966046,22.3841229721282,2407.75789845613,0.4597327914608,0.00084549137649353,1161.51374312162,0.1460772426636,0,0.997981489229701,1.79354809302086,1870.17851714405,0.999181492161127,1.14402726436149,2408.51554680529,TRUE,0.459312773213027,0.000868834915026781,2.03018907358987,2023-03-24 13:52:00,2023-03-24 13:56:59,415.23956,TRUE,FALSE,TRUE,FALSE,FALSE,FALSE,FALSE,FALSE,NA,NA,NA,NA,NA,307.580124668496,0.0181424692598538,0.000146902606173925,5657.22370474496,0.025380658214375,0,0.96227187803983,0.311625755730052,302.821934643167,0.962818594892999,0.309878262494841,307.597597280488,TRUE,0.0181243369232489,0.000148239849780391,0.298957689633895,TRUE,FALSE,TRUE,FALSE,FALSE,FALSE,FALSE
"2023-03-24_CRC_TR_6_115",2023-03-24,"Mar","CRC","TR",6,115,2023-03-24 13:01:00,2825.66684711956,0.364323637710554,7.386918622258e-141,0.737326172150171,4.57360675650414,2269.45639562818,0.12312401251577,0.00168809646236867,1161.71929187476,0.233178412759878,3.50671937840568e-261,0.917554184951913,2.56232802823529,1678.23080949472,0.976142754021105,1.38124603844762,2269.67221314796,TRUE,0.123457851740679,0.00185579209783701,2.80666710861171,2023-03-24 13:01:00,2023-03-24 13:04:59,413.87531,TRUE,TRUE,TRUE,FALSE,FALSE,FALSE,FALSE,FALSE,NA,NA,NA,NA,NA,1546.56092345229,-0.0128329789184658,0.000794998877438476,5796.04667049495,0.109813971250716,4.21170781670316e-47,0.352802085322709,1.20671297611624,435.151139970102,0.936636894402555,0.378367763296587,1555.9943680051,TRUE,-0.0106168101478578,0.000785702526892701,1.09743218911842,TRUE,FALSE,TRUE,TRUE,FALSE,FALSE,FALSE
"2023-03-24_CRC_TR_7_116",2023-03-24,"Mar","CRC","TR",7,116,2023-03-24 13:10:10,NA,NA,NA,NA,NA,1124.05657634241,0.295600321041259,0.00138842058981085,1147.76062660453,0.135671498459002,0,0.992598451626408,1.25635186414093,1125.68523589077,0.992649894350103,1.25569885957172,1124.2492435918,TRUE,0.295793909401443,0.00140509476556417,1.32563259502717,2023-03-24 13:10:10,2023-03-24 13:12:59,411.6647,TRUE,FALSE,TRUE,FALSE,FALSE,FALSE,FALSE,FALSE,NA,NA,NA,NA,NA,369.168806811628,0.0494925981935961,0.000457507391524243,5719.71711743865,0.0447059873785216,2.51408699647278e-264,0.971928429587642,0.413988576961427,223.423876620765,0.981928591113419,0.333149925934693,369.331855095643,TRUE,0.049574479186183,0.000488519287711758,0.443805447561675,TRUE,FALSE,TRUE,FALSE,FALSE,FALSE,FALSE
"2023-03-24_CRC_TR_8_117",2023-03-24,"Mar","CRC","TR",8,117,2023-03-24 14:02:00,2427.35930611684,0.337788254507689,2.44191892871209e-97,0.706551882764505,7.00655420225061,1645.06580364341,0.244048697711677,0.00239777791987518,1163.07958781262,0.248145881308208,2.46037401548031e-266,0.96659641117203,2.36393421697542,1340.63892313962,0.985818730998945,1.54458881005154,1645.85660295719,TRUE,0.242539593488849,0.00245941740433744,1.89709783958704,2023-03-24 14:02:00,2023-03-24 14:04:59,415.41232,TRUE,FALSE,TRUE,FALSE,FALSE,FALSE,FALSE,FALSE,NA,NA,NA,NA,NA,405.520602014668,0.0479335429577165,0.000428678475220333,5652.07964750126,0.0443639075786243,1.64216896594672e-280,0.972163998319857,0.422627845245547,272.867110940253,0.980956284034443,0.350547635920783,405.645187444246,TRUE,0.0480842098095536,0.00044992597137865,0.459558766477227,TRUE,FALSE,TRUE,FALSE,FALSE,FALSE,FALSE
"2023-03-24_CRC_UP_1_102",2023-03-24,"Mar","CRC","UP",1,102,2023-03-24 10:34:30,3594.0425700344,0.240102347668536,3.45762846619441e-147,0.711130555797824,6.72060644607143,2136.04327354756,0.158571333991613,0.000961931516684233,1172.46464554723,0.149533690403661,0,0.980586355595424,1.74225290168307,1990.17318956946,0.985291303078911,1.51933486471499,2138.36395780703,TRUE,0.158770573257266,0.000908683013663194,1.52516666059607,2023-03-24 10:34:30,2023-03-24 10:38:59,416.97134,TRUE,FALSE,TRUE,FALSE,FALSE,FALSE,FALSE,FALSE,NA,NA,NA,NA,NA,385.081779540209,-0.0101274043597691,0.000190125164738611,5650.2183823563,0.0295552407098239,1.08548294532599e-216,0.840610412529036,0.344355200140046,329.540277472944,0.857250777763775,0.326491809391341,385.595875185276,TRUE,-0.010254344494721,0.000184921384095516,0.319965521367693,TRUE,FALSE,TRUE,TRUE,FALSE,FALSE,FALSE
"2023-03-24_CRC_UP_2_103",2023-03-24,"Mar","CRC","UP",2,103,2023-03-24 10:44:00,NA,NA,NA,NA,NA,2574.37660015195,0.115581316190881,0.000971427740818228,1158.38020529682,0.167835521178427,0,0.959469846740948,2.06069798047837,2517.76932950226,0.963363899590993,1.96248933341271,2574.96024724246,TRUE,0.115719489570784,0.000958389626424851,1.93322207848671,2023-03-24 10:44:00,2023-03-24 10:48:59,414.2226,TRUE,FALSE,TRUE,FALSE,FALSE,FALSE,FALSE,FALSE,NA,NA,NA,NA,NA,NA,NA,NA,NA,NA,NA,NA,NA,NA,NA,NA,NA,NA,NA,NA,NA,NA,NA,NA,NA,NA,NA,NA
"2023-03-24_CRC_UP_3_104",2023-03-24,"Mar","CRC","UP",3,104,2023-03-24 10:53:00,NA,NA,NA,NA,NA,1750.90686774565,0.29058497322492,0.000983582050371779,1153.37616723344,0.135863149077976,0,0.99455333257061,1.49295962163229,1713.84989578705,0.994999846647061,1.43345732065875,1751.05838200146,TRUE,0.290203970484147,0.00101228438391352,1.5455821996166,2023-03-24 10:53:00,2023-03-24 10:56:59,413.06064,TRUE,FALSE,TRUE,FALSE,FALSE,FALSE,FALSE,FALSE,822.728135657402,0.0416945593787509,4.94819950434016e-154,0.768616199794239,0.567739624543133,532.021226214377,0.0158908576031309,0.000276311407577749,5654.71123403443,0.0381671645446267,6.36176568844555e-217,0.873727987438347,0.419407587149475,366.715594196801,0.911259325819509,0.352334008885792,548.585002626938,TRUE,0.0149040179418686,0.00021158871607284,0.304821339457788,TRUE,TRUE,TRUE,FALSE,FALSE,FALSE,FALSE
"2023-03-24_CRC_UP_4_105",2023-03-24,"Mar","CRC","UP",4,105,2023-03-24 11:01:00,3094.18058962876,0.664972302808027,1.16747150050017e-82,0.645650896803282,17.6897733742618,1319.05107696059,0.569594031723125,0.00152461849302219,1154.87604946227,0.157782668892655,0,0.997441637817099,1.50309909588136,1231.21821802704,0.998017663882331,1.32681924262717,1319.13501664574,TRUE,0.569201891477023,0.0015571410504171,1.59333452895709,2023-03-24 11:01:00,2023-03-24 11:03:59,411.94684,TRUE,FALSE,TRUE,FALSE,FALSE,FALSE,FALSE,FALSE,676.843050989075,0.0198116595665643,3.57902202427673e-78,0.62463317578269,0.616050368976213,153.047859988891,0.0184328785884657,0.000301886336333514,5652.75391689393,0.0312421973542428,2.30837002108228e-191,0.912388076289886,0.297625328092643,113.779130393977,0.922310028000403,0.281052385486974,153.094119258108,TRUE,0.0184900970412796,0.000319405989661019,0.307730057424917,TRUE,TRUE,TRUE,FALSE,FALSE,FALSE,FALSE
"2023-03-24_CRC_UP_5_107",2023-03-24,"Mar","CRC","UP",5,107,2023-03-24 11:19:00,NA,NA,NA,NA,NA,1651.97264373661,0.483283785035987,0.000887265781120036,1154.81779914066,0.122558888754154,0,0.998391460347782,1.34676307316461,1616.10970846281,0.998519649421268,1.29469680191829,1653.02966670344,TRUE,0.484112127550489,0.000827336537623914,1.12923050830589,2023-03-24 11:19:00,2023-03-24 11:22:59,413.99173,TRUE,FALSE,TRUE,FALSE,FALSE,FALSE,FALSE,FALSE,739.317643303905,0.0392574686660684,7.31514959531436e-126,0.696534616078578,0.520493279626329,385.629063979592,0.0125822427791167,0.000237231553308347,5660.15057522922,0.0327690261132245,2.17532667856039e-202,0.854755817863071,0.360089054016995,301.814066613753,0.87903896975689,0.329301536940997,387.051353321183,TRUE,0.0123821751672647,0.000239567603819789,0.373460286886336,TRUE,TRUE,TRUE,FALSE,FALSE,FALSE,FALSE
"2023-03-24_CRC_UP_6_106",2023-03-24,"Mar","CRC","UP",6,106,2023-03-24 11:12:30,NA,NA,NA,NA,NA,1311.13118896595,0.0692575051224915,0.000923264765516792,1156.42409220788,0.111540038812417,1.31754021105869e-244,0.930852573141776,1.14702967778884,1313.76466451165,0.931077187655865,1.14791469011397,1311.15317256186,TRUE,0.0692030739223497,0.000929930710402219,1.24351493248503,2023-03-24 11:12:30,2023-03-24 11:15:59,413.19577,TRUE,FALSE,TRUE,FALSE,FALSE,FALSE,FALSE,FALSE,508.298069403662,0.0197134342020078,1.40945237655928e-72,0.540461813985045,0.441058393083277,213.204564479203,0.00941010194909783,0.00024984995089225,5652.92967659029,0.0301844868998145,1.98829451022436e-136,0.772393454961539,0.3104042517068,212.181548066756,0.77509931703476,0.309294466895684,213.38267296209,TRUE,0.00940762672597704,0.000254225011443497,0.329274763106722,TRUE,TRUE,TRUE,FALSE,FALSE,FALSE,FALSE
"2023-03-24_CRC_UP_7_108",2023-03-24,"Mar","CRC","UP",7,108,2023-03-24 11:29:00,4078.96589040788,0.516342790410356,1.6748499427264e-117,0.671107764536507,16.8748096215458,1771.77282917859,0.423256767240423,0.00100519460418973,1164.17049970395,0.138848512241338,0,0.997311245878596,1.52576488699715,1574.6515881354,0.998231599706525,1.23997472449608,1772.17677991475,TRUE,0.422899294214597,0.00104731605820386,1.47714773397924,2023-03-24 11:29:00,2023-03-24 11:32:59,414.88846,TRUE,FALSE,TRUE,FALSE,FALSE,FALSE,FALSE,FALSE,NA,NA,NA,NA,NA,1818.90462855368,0.00271465958184305,0.00105577678291487,5655.49103736683,0.14583547798174,0.0104347098801823,0.0136424699754246,1.6025425695324,1450.0292815343,0.546409297182604,1.0890176956075,1818.90522791202,TRUE,0.00269815076702672,0.00106749207391371,2.13153190604497,TRUE,FALSE,TRUE,FALSE,FALSE,FALSE,FALSE
"2023-03-24_CRC_UP_8_109",2023-03-24,"Mar","CRC","UP",8,109,2023-03-24 11:41:00,2590.56344162853,0.110373213386084,1.98904449311665e-114,0.661229991919165,3.58014297773633,1609.52955783798,0.0866323620133044,0.000848892900141999,1163.58762094066,0.117258405233842,0,0.956118147862569,1.2885176407228,1540.56264795168,0.962306545900391,1.19671665177702,1609.69479773743,TRUE,0.0869447576648546,0.000864584824201879,1.23573597471644,2023-03-24 11:41:00,2023-03-24 11:44:59,416.3176,TRUE,TRUE,TRUE,FALSE,FALSE,FALSE,FALSE,FALSE,718.406727520483,0.0216627469597862,3.5401603737746e-107,0.636748674544041,0.509278374949236,290.245602814769,0.0112285928310707,0.000214793888524483,5657.54940981907,0.0296696895664264,7.93873031650229e-200,0.851127146685871,0.326031369136137,258.680886387487,0.861758874181603,0.31483335295571,290.322291456727,TRUE,0.0112439960482192,0.000218708380886346,0.343775481840952,TRUE,TRUE,TRUE,FALSE,FALSE,FALSE,FALSE
"2023-03-28_OWC_TR_120_125",2023-03-28,"Mar","OWC","TR",120,125,2023-03-28 14:08:00,3744.90900913267,0.346733162802567,1.53865542429117e-111,0.651680665488184,11.9155710574917,1971.87429144716,0.289542793590418,0.00123815229291103,1091.82293272903,0.171027185265759,0,0.991334952903519,1.87936672700452,1684.09951376193,0.995281772316828,1.38971578053453,1972.04545520766,TRUE,0.289832512345389,0.0012860016117194,1.90010794630924,2023-03-28 14:08:00,2023-03-28 14:11:59,392.39151,TRUE,FALSE,TRUE,FALSE,FALSE,FALSE,FALSE,FALSE,1216.11932016424,0.0398315305804205,2.62156418549768e-133,0.717523337543472,0.855294103069274,545.899007074225,0.0223543275498243,0.000280334782219616,5642.9247278771,0.0387229172127014,2.70654523076513e-278,0.930083364041846,0.425514587455892,256.142833471947,0.962086335457578,0.314002094252303,546.038932068953,TRUE,0.0222698695847683,0.000295358419708061,0.416862371643959,TRUE,TRUE,TRUE,FALSE,FALSE,FALSE,FALSE
"2023-03-28_OWC_TR_121_129",2023-03-28,"Mar","OWC","TR",121,129,2023-03-28 14:38:30,3639.06593003737,0.38039995788064,5.2742833830186e-168,0.758249183643477,7.00669900203632,2958.25915935755,0.176132659659445,0.00205957363082452,1075.71256206211,0.320163795793744,2.45417959475878e-315,0.931478043130093,3.73030519563678,2411.99930609542,0.975266601311587,2.24532973931423,2962.33446764284,TRUE,0.175662626302704,0.00215489964819493,3.72451936081385,2023-03-28 14:38:30,2023-03-28 14:42:59,383.90631,TRUE,FALSE,TRUE,FALSE,FALSE,FALSE,FALSE,FALSE,2182.63506301436,0.0942602214202161,5.37570121222401e-128,0.659603047582242,1.8190594696883,950.154492230431,0.0392284812197231,0.000320825734252806,5625.44498952044,0.0498728393728619,0,0.965265236468382,0.581080416580256,927.99519538114,0.966907791099601,0.568232000152265,952.445064391186,TRUE,0.0395938909774802,0.000244709724776378,0.413996859725331,TRUE,TRUE,TRUE,FALSE,FALSE,FALSE,FALSE
"2023-03-28_OWC_TR_122_126",2023-03-28,"Mar","OWC","TR",122,126,2023-03-28 14:21:30,2420.77789627055,0.297583892133511,2.00578002043898e-83,0.649115455963912,6.94280018898386,1158.73783647332,0.223752371355801,0.00122028804312204,1082.9723727897,0.126287530384028,0,0.989464079675313,1.20306415193462,1128.91844509677,0.990408784299386,1.15108101405505,1158.77190900857,TRUE,0.223616932991639,0.00121486260168778,1.14176024969288,2023-03-28 14:21:30,2023-03-28 14:24:29,388.879,TRUE,FALSE,TRUE,FALSE,FALSE,FALSE,FALSE,FALSE,887.094084739135,0.0389002083137122,5.9840297947681e-80,0.633101457990351,0.824967550358308,254.991067070781,0.0252964320151673,0.000347803743206157,5636.93009259116,0.0359941868113784,1.56924560900256e-216,0.936613960388178,0.342894628623475,202.919877075176,0.945756111252682,0.318094233229127,255.045388170026,TRUE,0.0253462047591463,0.000351921898656014,0.369531656372509,TRUE,TRUE,TRUE,FALSE,FALSE,FALSE,FALSE
"2023-03-28_OWC_TR_123_127",2023-03-28,"Mar","OWC","TR",123,127,2023-03-28 14:15:00,3408.5666458065,0.244874223484775,1.7156649171464e-113,0.658165264855138,8.39376701632747,1516.21897400224,0.206101112104182,0.000770264918196793,1094.66866625291,0.106397445308146,0,0.993367801110368,1.16916979157259,1500.86317011583,0.993629921357031,1.14823738800987,1516.58424384784,TRUE,0.205777343988696,0.000778494351704536,1.17920735800866,2023-03-28 14:15:00,2023-03-28 14:18:59,392.25491,TRUE,FALSE,TRUE,FALSE,FALSE,FALSE,FALSE,FALSE,2852.30751371042,0.123416104359096,4.87691232681868e-112,0.653349333528463,4.70230499335544,304.132822613403,0.114939274311297,0.000217923648292732,5652.06385835899,0.0301020063394005,0,0.998284644625036,0.33078196920823,255.262997839058,0.998463549621993,0.313714444596275,304.140125707319,TRUE,0.114957649548874,0.000225505778859575,0.352286216337165,TRUE,TRUE,TRUE,FALSE,FALSE,FALSE,FALSE
"2023-03-28_OWC_TR_124_128",2023-03-28,"Mar","OWC","TR",124,128,2023-03-28 14:27:00,2068.65314103956,0.313663476153866,3.75303643056364e-65,0.623388373242393,7.55463434845014,1018.44777440109,0.28173520513277,0.00174983800201558,1096.38224877264,0.150782502613562,8.83543457966058e-292,0.988635096875498,1.31234933722093,991.286473080067,0.989756340499712,1.25013360811574,1018.50296843291,TRUE,0.28174532789569,0.00182679549121464,1.16477512622966,2023-03-28 14:27:00,2023-03-28 14:29:29,394.06665,TRUE,FALSE,TRUE,FALSE,FALSE,FALSE,FALSE,FALSE,NA,NA,NA,NA,NA,103.29361398851,0.0495110278804227,0.000380703767024747,5650.05870805737,0.0328050177675195,1.54898456956478e-264,0.982685840052446,0.285521480135274,83.3216362218994,0.984015522929033,0.275264095191472,103.346434030623,TRUE,0.0494365866966902,0.000388292023951605,0.312104266857113,TRUE,FALSE,TRUE,FALSE,FALSE,FALSE,FALSE
"2023-03-28_OWC_TR_126_130",2023-03-28,"Mar","OWC","TR",126,130,2023-03-28 13:42:00,NA,NA,NA,NA,NA,1787.47193659526,0.177118397213289,0.00102176793412366,1075.00981615229,0.141137802488838,0,0.984341474206456,1.55092121470565,1782.91209958014,0.984618237505911,1.54037982972566,1787.52092660117,TRUE,0.177312867080211,0.000980105779301094,1.34369649185518,2023-03-28 13:42:00,2023-03-28 13:45:59,388.08499,TRUE,FALSE,TRUE,FALSE,FALSE,FALSE,FALSE,FALSE,NA,NA,NA,NA,NA,1633.09523624948,0.444704067408408,0.000869989038192046,5660.090633272,0.120172435382908,0,0.998173921372198,1.32053904886988,1542.29218860162,0.998501200443383,1.19887460559971,1633.40197952334,TRUE,0.445182832384649,0.000913650571455072,1.46934266303008,TRUE,FALSE,TRUE,FALSE,FALSE,FALSE,FALSE
"2023-03-28_OWC_TR_127_131",2023-03-28,"Mar","OWC","TR",127,131,2023-03-28 13:58:22,4181.61817371465,0.229918950153321,8.49632625954192e-131,0.656908947675179,10.3596202943854,1769.52840779918,0.219497804122523,0.000625615023708228,1074.48134053062,0.100142382688462,0,0.99551963317023,1.18384795531065,1771.74303282538,0.995533997029065,1.18408802518541,1769.65616113496,TRUE,0.219296786360308,0.000642294850191684,1.25304917579954,2023-03-28 13:58:22,2023-03-28 14:02:59,386.97406,TRUE,FALSE,TRUE,FALSE,FALSE,FALSE,FALSE,FALSE,NA,NA,NA,NA,NA,NA,NA,NA,NA,NA,NA,NA,NA,NA,NA,NA,NA,NA,NA,NA,NA,NA,NA,NA,NA,NA,NA,NA
"2023-03-28_OWC_TR_128_132",2023-03-28,"Mar","OWC","TR",128,132,2023-03-28 13:52:00,NA,NA,NA,NA,NA,1593.16397564169,0.309731843673411,0.000834544067399137,1085.79690349981,0.115276386955548,0,0.996541798864499,1.26673783303461,1491.5486690606,0.997224817080041,1.13715036735306,1593.2089755206,TRUE,0.309564818172477,0.000856430495448108,1.26644256485314,2023-03-28 13:52:00,2023-03-28 13:55:59,389.50107,TRUE,FALSE,TRUE,FALSE,FALSE,FALSE,FALSE,FALSE,4756.73455490571,0.891461148833039,1.9526854134739e-115,0.664500571281624,34.1865051700243,1783.13158239457,0.849838992379862,0.00101715874199411,5640.62277375085,0.140501130279143,0,0.999315718529275,1.54392501369205,1103.28224546157,0.999835372849784,0.758874597430525,1787.31957837029,TRUE,0.847920783328748,0.00105108234732152,1.54327645393978,TRUE,FALSE,TRUE,FALSE,FALSE,FALSE,FALSE
"2023-03-28_OWC_UP_102_118",2023-03-28,"Mar","OWC","UP",102,118,2023-03-28 14:51:00,3462.98597334744,0.36437826431351,2.77099054064963e-90,0.621778379282223,14.8634859549952,1664.14460537439,0.396689532620435,0.0014055305325548,1082.12659257528,0.169802786815379,0,0.994779857585581,1.74617866303637,1512.79954937617,0.996393796694304,1.45483613879142,1667.92552954642,TRUE,0.399326110234875,0.00137966300421456,1.53170486917924,2023-03-28 14:51:00,2023-03-28 14:54:29,390.74872,TRUE,FALSE,TRUE,FALSE,FALSE,FALSE,FALSE,FALSE,1135.48029518188,0.0380943243519792,1.84802029090565e-88,0.614112086814464,0.930593713603537,602.14631452055,0.0232786385307576,0.000396980211416995,5634.15134156669,0.0479593610013135,8.42844234435033e-204,0.891613435689444,0.49319339478454,398.204111295129,0.93393734221953,0.385965976897469,603.530636872195,TRUE,0.0228498378308018,0.000407221661652586,0.54195517530693,TRUE,TRUE,TRUE,FALSE,FALSE,FALSE,FALSE
"2023-03-28_OWC_UP_103_119",2023-03-28,"Mar","OWC","UP",103,119,2023-03-28 13:10:00,3865.39687179031,0.319203801845883,4.54367575607695e-111,0.650100734687751,13.5089742963772,1484.8397159011,0.328544026925627,0.000745494516039405,1085.00177597663,0.102975885470044,0,0.99754493994101,1.13157129105238,1477.23096750174,0.997603603064591,1.12031644186268,1485.24486065301,TRUE,0.328071055916087,0.000794482526790864,1.15016722743595,2023-03-28 13:10:00,2023-03-28 13:13:59,389.93372,TRUE,FALSE,TRUE,FALSE,FALSE,FALSE,FALSE,FALSE,1375.2027180096,0.031447260557885,5.22008706075937e-113,0.656571803456243,1.00944632125442,179.894423697136,0.0244551578454898,0.000191469737111142,5650.93299675947,0.0264479017558516,0,0.971532803002167,0.290628103840889,165.736700185909,0.972589563056716,0.285781233409772,179.961195031382,TRUE,0.0244059823036769,0.000186188982770325,0.290160358615588,TRUE,TRUE,TRUE,FALSE,FALSE,FALSE,FALSE
"2023-03-28_OWC_UP_104_120",2023-03-28,"Mar","OWC","UP",104,120,2023-03-28 13:25:00,NA,NA,NA,NA,NA,1730.57225659732,0.251929214958233,0.000955799035758235,1074.35089380599,0.131941371556375,0,0.993138372947892,1.45080103493911,1677.06984330474,0.993910018885909,1.36964792966699,1735.91730838962,TRUE,0.25365973555226,0.000938371204545274,1.38032000527369,2023-03-28 13:25:00,2023-03-28 13:28:59,386.6308,TRUE,FALSE,TRUE,FALSE,FALSE,FALSE,FALSE,FALSE,NA,NA,NA,NA,NA,NA,NA,NA,NA,NA,NA,NA,NA,NA,NA,NA,NA,NA,NA,NA,NA,NA,NA,NA,NA,NA,NA,NA
"2023-03-28_OWC_UP_105_122",2023-03-28,"Mar","OWC","UP",105,122,2023-03-28 13:31:00,3868.31966858406,0.415332684873749,7.31440707098141e-117,0.669075016275824,13.5501661233398,1745.22715648217,0.338604338275975,0.000977779999521813,1082.72572337227,0.135061706128413,0,0.99602993560804,1.48415280410407,1571.46732834543,0.997258653182357,1.23586861971528,1745.23990414261,TRUE,0.338713749032605,0.000976265421447173,1.44112317193849,2023-03-28 13:31:00,2023-03-28 13:34:59,388.56339,TRUE,FALSE,TRUE,FALSE,FALSE,FALSE,FALSE,FALSE,1237.1864742369,0.0548177227606815,7.31698211247057e-133,0.716308583744228,0.874270952703753,429.015415358649,0.0230116759979711,0.000248198988733881,5637.07414671569,0.0342839686781677,1.1041855353812e-307,0.9473220280318,0.376736306004761,280.41738602992,0.961668009147382,0.322043183798322,430.560715534273,TRUE,0.0227225352078228,0.000256841619071412,0.376284406769913,TRUE,TRUE,TRUE,FALSE,FALSE,FALSE,FALSE
"2023-03-28_OWC_UP_106_121",2023-03-28,"Mar","OWC","UP",106,121,2023-03-28 13:36:00,NA,NA,NA,NA,NA,1535.01689104101,0.198153252310747,0.00205792198763013,1079.88864870189,0.212974212937369,5.17369010164451e-258,0.962822130745996,2.02887521905206,1220.03914521787,0.98467225817438,1.30637750180924,1545.92917946456,TRUE,0.203913214073976,0.00178495450839922,1.85477552590608,2023-03-28 13:36:00,2023-03-28 13:38:59,389.85892,TRUE,FALSE,TRUE,FALSE,FALSE,FALSE,FALSE,FALSE,NA,NA,NA,NA,NA,321.128209460571,0.0131279199239642,0.000381265318427036,5644.97065314381,0.0394571230592767,1.19977431464852e-115,0.768074238566003,0.375883906722529,171.885187511313,0.848476267072397,0.304674481924099,323.369505803035,TRUE,0.0136795898930824,0.000374323826299123,0.338934986441246,TRUE,FALSE,TRUE,FALSE,FALSE,FALSE,FALSE
"2023-03-28_OWC_UP_107_123",2023-03-28,"Mar","OWC","UP",107,123,2023-03-28 12:59:00,4107.14869429939,0.320747210335106,2.05514110441926e-91,0.568240948030025,15.6572202498505,3599.98642121255,0.313208341157124,0.00603719872961965,1071.7878147829,0.824140685839609,3.51337300491527e-201,0.845984991670687,9.35137465387388,3597.51125623072,0.847998688376005,9.30905790749183,3608.06559252569,TRUE,0.300133307118471,0.000916727050945452,1.41991058179635,2023-03-28 12:59:00,2023-03-28 13:02:59,384.79846,FALSE,FALSE,FALSE,FALSE,TRUE,FALSE,TRUE,FALSE,4941.06677287929,0.0222228659908634,0.0450473889546141,0.00817246846877066,36.5400854889188,4936.90059339514,0.0674248795877075,0.023490421254964,5635.93680525339,3.20668786149881,0.00427798778509164,0.0165356507204005,36.3857046571548,4939.25764547302,0.0198142806006407,36.3993638706385,4945.19569860699,TRUE,0.0161882259228493,0.000245812224583695,0.359102341488609,FALSE,FALSE,FALSE,FALSE,TRUE,FALSE,TRUE
"2023-03-28_OWC_UP_108_124",2023-03-28,"Mar","OWC","UP",108,124,2023-03-28 13:17:30,NA,NA,NA,NA,NA,1700.8297726804,0.125802431379942,0.000642886245134634,1082.02924783054,0.09993762661619,0,0.986144788557086,1.16439726384974,1697.47800530097,0.986332140492152,1.15865354118192,1700.8575930808,TRUE,0.125895418471635,0.000652085138263244,1.11526123694288,2023-03-28 13:17:30,2023-03-28 13:21:59,388.71353,TRUE,FALSE,TRUE,FALSE,FALSE,FALSE,FALSE,FALSE,1290.45677704271,0.0205479466522106,3.88527838576745e-116,0.623273953567835,0.796306264363399,233.093528120931,0.0161669499418242,0.000165166285054011,5636.54309535901,0.025675345599989,0,0.946832986055175,0.299149611385511,209.063231358727,0.949522372998264,0.292028687362535,233.260635005014,TRUE,0.0161001621466474,0.000166739252990466,0.298568666243948,TRUE,TRUE,TRUE,FALSE,FALSE,FALSE,FALSE
"2023-04-14_CRC_TR_309_138",2023-04-14,"Apr","CRC","TR",309,138,2023-04-14 10:44:40,3460.94876804413,0.58073522916903,4.24331057415658e-94,0.65536391270536,18.2151505895236,1420.18705126854,0.535518052920394,0.00123056451049862,1119.76764617,0.141560388786442,0,0.997902838531026,1.42091574100336,1283.36965757389,0.998525172159453,1.19458483509528,1420.62942784687,TRUE,0.534999424820186,0.00123890799171493,1.38351936232796,2023-04-14 10:44:40,2023-04-14 10:47:59,426.43579,TRUE,FALSE,TRUE,FALSE,FALSE,FALSE,FALSE,FALSE,2717.49644478353,0.262412604905217,5.42341558119946e-99,0.674312185381635,7.19177702640817,801.754063403479,0.21743227164114,0.000568037285398503,5460.02816873073,0.0653452771310826,0,0.997290989754193,0.655904760305905,205.280543675035,0.999396253248211,0.310425082881966,810.505922267132,TRUE,0.21600161151837,0.000534356951647611,0.645689438231059,TRUE,FALSE,TRUE,FALSE,FALSE,FALSE,FALSE
"2023-04-14_CRC_TR_311_140",2023-04-14,"Apr","CRC","TR",311,140,2023-04-14 10:31:00,3762.3612457916,1.63468933335944,1.37038910682609e-81,0.640749337098484,44.7465965129895,2065.09648301223,1.4304607613254,0.00429700550244453,1127.39157448273,0.444696820565361,0,0.996779952763591,4.23635494078162,1605.92474460769,0.999110585709173,2.23269697907095,2100.60518555313,TRUE,1.45290825374482,0.00287724613503286,2.8363652166552,2023-04-14 10:31:00,2023-04-14 10:33:59,429.2514,TRUE,FALSE,TRUE,FALSE,FALSE,FALSE,FALSE,FALSE,3680.22862248437,2.15612299701546,2.93438828477376e-95,0.698604592148531,39.9225887715,2604.10433458983,1.38498967367035,0.009084234162743,5407.34915948326,0.940126803920749,0,0.98483198526484,8.9560137301803,1373.27175725987,0.999508798857201,1.61620549261888,2604.93936828817,TRUE,1.38699225588644,0.00956440874715838,9.65321820426987,TRUE,FALSE,TRUE,FALSE,FALSE,FALSE,FALSE
"2023-04-14_CRC_TR_312_141",2023-04-14,"Apr","CRC","TR",312,141,2023-04-14 10:19:00,8509.66097605331,1.70400852400616,7.76357126808747e-186,0.692104718957656,88.9231408378707,4795.11940405625,1.53856013573194,0.00241744809276944,1145.74551779675,0.501410243421419,0,0.998230540359924,6.74114405895346,3475.6663996867,0.999718452740473,2.6927413579869,4813.00999617647,TRUE,1.54371085236815,0.00239980370079732,5.15089896481142,2023-04-14 10:19:00,2023-04-14 10:24:59,434.71732,TRUE,FALSE,TRUE,FALSE,FALSE,FALSE,FALSE,FALSE,5768.1682776798,0.27881798148251,5.06984213895036e-192,0.704072883360539,13.2494764264291,2478.51038559303,0.233681750095708,0.000483819301416317,5366.33583781604,0.100350429207033,0,0.996931637898287,1.34914814473358,1082.29485209652,0.999561151002643,0.510939644726648,2486.62219235307,TRUE,0.23292181047364,0.000488160639319616,1.3619866817042,TRUE,FALSE,TRUE,FALSE,FALSE,FALSE,FALSE
"2023-04-14_CRC_TR_313_142",2023-04-14,"Apr","CRC","TR",313,142,2023-04-14 11:01:00,6558.88971266057,1.48195752001891,5.54015790503868e-158,0.698858017931568,57.0240064321299,3750.75759387112,1.19622075282522,0.00258914861825808,1196.52268847141,0.447332405174809,0,0.997206314598032,5.49238312291636,2024.65292092288,0.999843726270246,1.30119541894617,3767.756106022,TRUE,1.18703096276737,0.00238660806429579,5.59737120900665,2023-04-14 11:01:00,2023-04-14 11:05:59,449.72656,TRUE,FALSE,TRUE,FALSE,FALSE,FALSE,FALSE,FALSE,NA,NA,NA,NA,NA,2339.35997869365,0.029921167052808,0.000798647524415585,5858.67818427224,0.137983936288712,5.14395964115035e-159,0.701240648246279,1.69417782869884,1050.86832012836,0.965343488106204,0.577987074881995,2339.4065427571,TRUE,0.0300753485781002,0.000843901861059577,2.07155019901387,TRUE,FALSE,TRUE,FALSE,FALSE,FALSE,FALSE
"2023-04-14_CRC_TR_314_143",2023-04-14,"Apr","CRC","TR",314,143,2023-04-14 09:54:00,11610.3793412069,0.975398837106746,0,0.751728152730684,52.1636605426576,8240.95249135286,0.66727571656907,0.00213987897846444,1321.22843379321,0.66622157392068,0,0.989035260453974,10.9623454153436,3393.12402562652,0.999877267628565,1.16087946746747,8242.63274785966,TRUE,0.665381567200089,0.00222633592770925,13.6107831931959,2023-04-14 09:54:00,2023-04-14 10:02:59,494.17276,TRUE,FALSE,TRUE,FALSE,FALSE,FALSE,FALSE,FALSE,NA,NA,NA,NA,NA,4463.70286178007,0.00852873848421981,0.000372329000716036,5557.51647219774,0.115919458702918,6.20134183853473e-95,0.32738747259928,1.90739717295967,1946.51196528632,0.934847321913459,0.594193695398778,4495.64692609907,TRUE,0.0103076629908827,0.000349244869771433,1.97522812155165,TRUE,FALSE,TRUE,FALSE,FALSE,FALSE,FALSE
"2023-04-14_CRC_TR_315_144",2023-04-14,"Apr","CRC","TR",315,144,2023-04-14 10:09:00,7549.98770138188,0.923916285653008,1.78636295440432e-186,0.69336147929927,45.6650226642065,3620.29012345815,0.791903186262834,0.00106914451455739,1281.9038395554,0.221754507532263,0,0.998692971429288,2.98134930550445,2831.39815379133,0.999565466637077,1.72142298007395,3621.58923159475,TRUE,0.79105202595099,0.000942103489292372,2.73582984770528,2023-04-14 10:09:00,2023-04-14 10:14:59,485.36963,TRUE,FALSE,TRUE,FALSE,FALSE,FALSE,FALSE,FALSE,1642.88575948953,0.0735584125364326,1.59010829685123e-261,0.810475078473168,0.755163127727627,1718.88524368684,0.0148093261352646,0.000285486297491401,5492.52238446161,0.0592135791237009,4.61712028343874e-245,0.789375828608555,0.796089175193855,467.182018218874,0.963179928802819,0.333315597351918,1720.47095287752,TRUE,0.0145237627757132,0.000292432358693667,0.916744095563194,TRUE,TRUE,TRUE,FALSE,FALSE,FALSE,FALSE
"2023-04-14_CRC_TR_316_145",2023-04-14,"Apr","CRC","TR",316,145,2023-04-14 11:13:30,5743.3578647359,2.96441894607457,2.91685431588359e-179,0.780445359788099,49.1700721985141,5187.36106757267,1.29009599955872,0.0162238476085183,1243.05150978056,2.5220213324653,1.38983920561424e-299,0.921587964199506,29.3846756054294,3281.954304326,0.997715747167337,5.02470263389346,5187.4668080774,TRUE,1.28556517618449,0.0166228657376446,38.4595299788198,2023-04-14 11:13:30,2023-04-14 11:17:59,450.2522,TRUE,FALSE,TRUE,FALSE,FALSE,FALSE,FALSE,FALSE,4210.82309876216,0.436302860970146,1.74411095622533e-123,0.646215145363238,11.8968240455668,2948.87833155925,0.251728704075446,0.00204176174240323,6263.09957811225,0.317394911146036,0,0.96581611893649,3.6980442563202,2497.06798703502,0.985302741373031,2.42934016823746,2949.58338057008,TRUE,0.252128337410289,0.00226322164886074,3.92934231452805,TRUE,FALSE,TRUE,FALSE,FALSE,FALSE,FALSE
"2023-04-14_CRC_TR_327_139",2023-04-14,"Apr","CRC","TR",327,139,2023-04-14 10:53:40,2734.12056778566,1.94994401277561,9.67950012589443e-70,0.674623919708355,31.6991409954407,1809.80963287757,1.36192418672576,0.00899736028105936,1158.60562876046,0.723350836190646,4.22487111327713e-269,0.988012418947103,6.08443786466357,1115.89922969158,0.999008628511463,1.75606566391364,1809.97527552223,TRUE,1.35896644064154,0.0097202154313583,7.51649414532953,2023-04-14 10:53:40,2023-04-14 10:55:59,437.24838,TRUE,FALSE,TRUE,FALSE,FALSE,FALSE,FALSE,FALSE,919.260717664398,0.351081661908181,1.2304118344034e-99,0.80158491598486,1.24044281116692,835.859878107681,0.063402074496034,0.00158049049944736,6045.4923684941,0.127064948902103,1.24692582369393e-117,0.852695616946711,1.06880195292639,205.37393271153,0.984720992225122,0.345465622385673,839.850576096378,TRUE,0.0609699571435156,0.00145695886264923,1.15153889169889,TRUE,TRUE,TRUE,FALSE,FALSE,FALSE,FALSE
"2023-04-14_CRC_UP_301_133",2023-04-14,"Apr","CRC","UP",301,133,2023-04-14 13:58:00,2838.66407883573,0.697878883664165,2.81643960147204e-95,0.69867357937527,12.4050376768447,1826.79323207646,0.42975611590217,0.00308620335549727,1125.74736492284,0.319390984960811,7.44797559052447e-314,0.981872288692237,3.04264279528612,1279.76620668774,0.996077178548771,1.41936883875048,1826.84660836519,TRUE,0.429275773337776,0.00315364503410984,3.72008699537651,2023-04-14 13:58:00,2023-04-14 14:00:59,426.81329,TRUE,FALSE,TRUE,FALSE,FALSE,FALSE,FALSE,FALSE,1664.91052875729,-0.0745742000888886,1.60742954582359e-63,0.546942755095604,2.42999546324134,959.640024156828,-0.0670364246350502,0.000925484580777907,5592.86020116085,0.095778339199256,6.21760183782079e-216,0.936124635757101,0.912421725819353,715.802245896524,0.967911571637504,0.648514454836044,960.08786241858,TRUE,-0.0666459138398827,0.000962134157300116,1.05336683434686,TRUE,TRUE,TRUE,TRUE,FALSE,FALSE,FALSE
"2023-04-14_CRC_UP_302_134",2023-04-14,"Apr","CRC","UP",302,134,2023-04-14 14:06:00,2305.31264120588,0.340082456896959,3.91046664643816e-146,0.750335778538284,2.6598413737584,2281.26225171942,0.06695523168933,0.00170898445350666,1122.98747511913,0.236063691372727,2.44359813384506e-151,0.762536976025391,2.59403349432654,1873.90584541639,0.899211989037972,1.69352842958249,2286.24443258904,TRUE,0.0678578043487852,0.00159306575700551,2.24789405610939,2023-04-14 14:06:00,2023-04-14 14:09:59,426.34296,TRUE,TRUE,TRUE,FALSE,FALSE,FALSE,FALSE,FALSE,NA,NA,NA,NA,NA,2417.87498605063,-0.0194653962982078,0.00197033630002037,5569.60192765513,0.272164477139685,4.54543282719261e-21,0.169560887790621,2.99073426142221,1588.49267767088,0.853687979313356,1.25798193431818,2417.96084788081,TRUE,-0.0199300689197448,0.00193238242503336,4.3990227211284,TRUE,FALSE,TRUE,TRUE,FALSE,FALSE,FALSE
"2023-04-14_CRC_UP_306_135",2023-04-14,"Apr","CRC","UP",306,135,2023-04-14 14:21:00,NA,NA,NA,NA,NA,2227.94848688016,0.0954774246018885,0.000727836760284821,1107.38610245832,0.125749818398565,0,0.966416040709144,1.54396634872043,1951.51596833462,0.978955041715633,1.22425920992369,2229.45527828093,TRUE,0.0949019413032074,0.000754495963256021,1.4776012224296,2023-04-14 14:21:00,2023-04-14 14:25:59,421.52136,TRUE,FALSE,TRUE,FALSE,FALSE,FALSE,FALSE,FALSE,3293.99936078603,0.0949279825142057,3.54195552657957e-148,0.675255707035661,3.7536563242144,1564.76337128762,0.0752391343015067,0.000418812166603658,5570.8722291693,0.0723590188999389,0,0.981808069815976,0.888429833384203,852.559745802435,0.994485916861886,0.489945598442759,1565.90709086411,TRUE,0.0756208558186392,0.000435746389652454,1.02486265211696,TRUE,TRUE,TRUE,FALSE,FALSE,FALSE,FALSE
"2023-04-14_CRC_UP_307_136",2023-04-14,"Apr","CRC","UP",307,136,2023-04-14 14:32:00,5456.00199730328,2.43188135390229,2.44624934638095e-123,0.689070978877455,70.8265950424,3453.19012646467,1.82515203849021,0.00579304181402992,1124.11146000934,0.800198522631636,0,0.99520755879701,8.79314289184623,2187.3737096354,0.99965986440807,2.34748186266028,3453.4217980283,TRUE,1.82268824302083,0.00600037486735286,10.7597735134887,2023-04-14 14:32:00,2023-04-14 14:35:59,421.97711,TRUE,FALSE,TRUE,FALSE,FALSE,FALSE,FALSE,FALSE,2568.2601435336,0.10997456911478,6.15074762127469e-123,0.687870287632421,3.49792569890241,727.839300509981,0.0898771482978641,0.000338832430115916,5528.72020795964,0.0468032544391095,0,0.993252252425387,0.514307003133495,266.9509497499,0.997438248103197,0.317557247744374,728.071316772601,TRUE,0.0897271387036826,0.000345473618107554,0.524337557105319,TRUE,TRUE,TRUE,FALSE,FALSE,FALSE,FALSE
"2023-04-14_CRC_UP_308_137",2023-04-14,"Apr","CRC","UP",308,137,2023-04-14 13:49:00,3721.158978314,0.349563075294774,2.3963557928504e-119,0.676894674753522,11.6244009803956,1812.30759492849,0.293667413599259,0.00104854645140192,1184.80311648726,0.144836745229494,0,0.993943060502842,1.59156779320767,1743.1465810169,0.994799338338681,1.47787702221033,1813.065597005,TRUE,0.292939826440662,0.00107254990362812,1.63851625571708,2023-04-14 13:49:00,2023-04-14 13:52:59,450.90097,TRUE,FALSE,TRUE,FALSE,FALSE,FALSE,FALSE,FALSE,NA,NA,NA,NA,NA,293.509177330788,-0.000753069590613643,0.000215525335138842,5603.65072210222,0.0297707250015197,0.000519892234600611,0.0249053383291825,0.327141617396773,255.454710979175,0.106701239092091,0.313777099999406,293.525486361895,TRUE,-0.00076540038833355,0.000216290755505543,0.307257838002132,TRUE,FALSE,TRUE,TRUE,FALSE,FALSE,FALSE
"2023-04-21_OWC_TR_120_154",2023-04-21,"Apr","OWC","TR",120,154,2023-04-21 10:57:00,7068.0854396011,0.922833111046248,3.30196960652647e-176,0.672503510584303,32.6772229064865,3989.0977762408,0.821165487574768,0.00207185670839478,1051.18794500964,0.286187590282321,0,0.995450098515322,3.85161449853475,3096.33941586863,0.998690549140286,2.06915073540243,4000.45138513944,TRUE,0.827066712354996,0.00207115071809519,4.16355257448499,2023-04-21 10:57:00,2023-04-21 11:00:59,396.08231,TRUE,FALSE,TRUE,FALSE,FALSE,FALSE,FALSE,FALSE,3439.14775180082,0.0876795075347369,1.43182261707483e-181,0.683569683446781,2.62894512209995,878.100725292995,0.067058334768639,0.000238838078400282,5407.30731223312,0.0329909369929325,0,0.990974144522871,0.444003777790902,209.284932334436,0.996454685366072,0.278660607963742,885.127718813142,TRUE,0.0675984699180447,0.000247420390457788,0.441289260083261,TRUE,TRUE,TRUE,FALSE,FALSE,FALSE,FALSE
"2023-04-21_OWC_TR_121_156",2023-04-21,"Apr","OWC","TR",121,156,2023-04-21 10:47:00,8734.79837953052,0.687901643831228,2.07406729818535e-228,0.686500764184443,30.9231856556533,4720.20817065594,0.635867537093336,0.0012794274289284,1117.5567269648,0.221049245683785,0,0.996377584259714,3.32403150025625,3441.45257928027,0.999129025740671,1.63174694452067,4734.93040237699,TRUE,0.639047857173278,0.00124572019048257,2.87584182885819,2023-04-21 10:47:00,2023-04-21 10:51:59,422.54822,TRUE,FALSE,TRUE,FALSE,FALSE,FALSE,FALSE,FALSE,4418.89494084734,0.072355827331016,4.72517369779722e-236,0.698544006025754,2.8116798462369,1151.12346195892,0.0588303411949003,0.000176151267004609,5406.29333074027,0.0304340080704889,0,0.992013386323075,0.457651873872822,123.063021090242,0.99746287125419,0.258231562240147,1151.60845352349,TRUE,0.0588362872786286,0.000182692963646995,0.487926871033448,TRUE,TRUE,TRUE,FALSE,FALSE,FALSE,FALSE
"2023-04-21_OWC_TR_122_155",2023-04-21,"Apr","OWC","TR",122,155,2023-04-21 11:25:00,6601.47724867446,0.639924782929624,2.51950966581458e-173,0.666396559063422,23.6330184734465,2661.7402234318,0.589356862708576,0.000824209187873089,1050.07977308097,0.113848819954687,0,0.998597724876952,1.53221795936703,2106.47272626377,0.999355102833866,1.04053065373935,2662.07205127484,TRUE,0.589544736910329,0.000846791788710573,1.59720216060963,2023-04-21 11:25:00,2023-04-21 11:28:59,396.48633,TRUE,FALSE,TRUE,FALSE,FALSE,FALSE,FALSE,FALSE,NA,NA,NA,NA,NA,1304.51490208502,0.0699151553379924,0.000321149511369321,5473.14570668407,0.0443606956054115,0,0.985076649266756,0.597022037854045,659.646202330588,0.993939934418207,0.380979460553484,1307.45641120768,TRUE,0.069527885380623,0.000334957581000567,0.643462257495013,TRUE,FALSE,TRUE,FALSE,FALSE,FALSE,FALSE
"2023-04-21_OWC_TR_123_157",2023-04-21,"Apr","OWC","TR",123,157,2023-04-21 11:33:30,2702.65755147237,0.719549180625847,2.85193804997456e-67,0.600204085408362,14.4391860593021,1010.40872945446,0.71615017790812,0.00192736856154441,1136.58104383853,0.121569449995961,0,0.99762991108814,1.11174671777329,1011.28699505319,0.997652225944648,1.10988966668242,1010.44369252691,TRUE,0.716284317319088,0.00192581545793843,1.22870998691185,2023-04-21 11:33:30,2023-04-21 11:35:19,423.64041,TRUE,FALSE,TRUE,FALSE,FALSE,FALSE,FALSE,FALSE,2122.20518060626,0.319138700863067,2.69583109490512e-68,0.605902111919512,5.99228300516193,130.122687016725,0.299558401164186,0.000507828697461407,5584.37371655559,0.0320314737276189,0,0.999058248925635,0.292926272047005,121.130541882618,0.999094605418244,0.288096067216079,130.305702707258,TRUE,0.29976088866262,0.00050052120280196,0.274757504701636,TRUE,FALSE,TRUE,FALSE,FALSE,FALSE,FALSE
"2023-04-21_OWC_TR_124_158",2023-04-21,"Apr","OWC","TR",124,158,2023-04-21 11:17:00,5205.9683721418,1.02491548204375,6.19137522081888e-122,0.641494167493301,29.895330159861,1919.97196380264,0.958731586192497,0.00118127650163121,1017.61213013239,0.122250228487054,0,0.999183912422866,1.42634184929226,1626.73750394517,0.999529362815056,1.08519329842892,1920.26171234418,TRUE,0.959361446815179,0.00122714224215866,1.51016501804547,2023-04-21 11:17:00,2023-04-21 11:19:59,384.90421,TRUE,FALSE,TRUE,FALSE,FALSE,FALSE,FALSE,FALSE,3375.00216083521,0.190585453283422,1.79509119775207e-120,0.636983287721833,5.48689873085727,1591.93250173245,0.173764668367219,0.000871844141517727,5460.4125286489,0.0902270936215714,0,0.986637289592451,1.05271524777629,751.822249090461,0.997200891740163,0.48270547636698,1595.4912770028,TRUE,0.175227501302393,0.000938236126985429,1.13762792835451,TRUE,FALSE,TRUE,FALSE,FALSE,FALSE,FALSE
"2023-04-21_OWC_TR_126_159",2023-04-21,"Apr","OWC","TR",126,159,2023-04-21 11:10:50,3097.08966833661,0.583018456326147,1.37470354979221e-83,0.620225889778892,12.7632205308647,1128.78553099204,0.54980722909166,0.00138089407049197,1018.76150080257,0.103045605798029,0,0.997558425925813,1.02336968594266,1115.00018182445,0.997667269466379,1.00288721138924,1129.75989412268,TRUE,0.548926575489093,0.00140583643158942,0.974502589730711,2023-04-21 11:10:50,2023-04-21 11:12:59,385.10846,TRUE,FALSE,TRUE,FALSE,FALSE,FALSE,FALSE,FALSE,3667.64219266423,1.17358286758298,1.80746866670989e-83,0.619690577447327,26.5238740260772,783.186346746858,1.14303994528317,0.000886614758456825,5424.76504224117,0.0661613058140714,0,0.999766612575293,0.657063192827556,584.24447565264,0.999861296845881,0.507848054147362,783.23561963208,TRUE,1.1432286774369,0.000955959207749276,0.633577656406317,TRUE,FALSE,TRUE,FALSE,FALSE,FALSE,FALSE
"2023-04-21_OWC_TR_127_160",2023-04-21,"Apr","OWC","TR",127,160,2023-04-21 11:38:00,4999.94683361554,0.784909975352536,1.19491783366625e-118,0.631279497297675,24.7034176987883,1634.88648983317,0.781213937165352,0.000907218098251659,1035.19708394069,0.0938879421081389,0,0.999274978752343,1.09542781743715,1616.03130363961,0.999305024535085,1.07448876167758,1635.20576207214,TRUE,0.781017760593198,0.000918751614179902,1.22250169750811,2023-04-21 11:38:00,2023-04-21 11:40:59,385.8924,TRUE,FALSE,TRUE,FALSE,FALSE,FALSE,FALSE,FALSE,NA,NA,NA,NA,NA,175.283833887935,0.275880050879431,0.000234838710840061,5548.21052123129,0.0243034429434249,0,0.999610316707673,0.283557897446093,141.110333574483,0.99963691292882,0.274220545179004,175.321018034648,TRUE,0.275921231618348,0.000239885927222695,0.298827230584595,TRUE,FALSE,TRUE,FALSE,FALSE,FALSE,FALSE
"2023-04-21_OWC_TR_128_161",2023-04-21,"Apr","OWC","TR",128,161,2023-04-21 11:03:30,4112.4088655135,1.00712425012025,6.63537526382657e-101,0.638007272254086,23.2420969752754,1942.73810243891,0.888859411550356,0.00227093492518319,1081.11310722415,0.195685115363391,0,0.997084231160331,2.08594057138149,1595.59968073428,0.998663805118148,1.41524577020751,1943.31814826098,TRUE,0.890179973781256,0.00227730929447762,2.04407292854067,2023-04-21 11:03:30,2023-04-21 11:05:59,408.63495,TRUE,FALSE,TRUE,FALSE,FALSE,FALSE,FALSE,FALSE,4227.64380254285,1.1957623939797,1.16916472815505e-102,0.644467559802859,26.4169005619112,2026.35366816009,1.01953837712371,0.00249203038071874,5583.16254636184,0.214736779611016,0,0.997330581540632,2.28902520218062,1288.60921150148,0.999486476954617,1.00622196031386,2026.55490081841,TRUE,1.01997071669437,0.00258603078982764,2.67709842339738,TRUE,FALSE,TRUE,FALSE,FALSE,FALSE,FALSE
"2023-04-21_OWC_UP_101_146",2023-04-21,"Apr","OWC","UP",101,146,2023-04-21 13:02:00,5996.9255806762,2.06735221094344,1.06893181916084e-120,0.637681458300763,62.1822800147582,2442.31566176738,1.98395358081409,0.00191601442266459,1120.24212648234,0.198288208249116,0,0.99949846765974,2.31350708417566,2025.97435650036,0.999769728679549,1.57054372133095,2446.68880519524,TRUE,1.98766784989843,0.0018608658695317,2.16530470168443,2023-04-21 13:02:00,2023-04-21 13:04:59,413.39618,TRUE,FALSE,TRUE,FALSE,FALSE,FALSE,FALSE,FALSE,1209.18718162323,0.0262242206559455,1.93475629870068e-116,0.624248030310912,0.738583557664782,181.910616703507,0.0224873580348058,0.000236284089860681,5552.58185645941,0.0244530251244614,0,0.943931998781684,0.285303132014251,176.082421967224,0.944943226355788,0.283245568716762,182.110843913593,TRUE,0.0225074733065,0.000226141575956973,0.271293529260515,TRUE,TRUE,TRUE,FALSE,FALSE,FALSE,FALSE
"2023-04-21_OWC_UP_102_147",2023-04-21,"Apr","OWC","UP",102,147,2023-04-21 12:53:00,5712.94128020828,1.69513152179527,3.9477523728938e-125,0.651157590562976,47.8045893108222,2606.8152381098,1.55393662749821,0.0022312492480701,1109.11387105574,0.230911839871081,0,0.998892023910535,2.69413991925646,1937.74506433804,0.999681423052435,1.44734101420327,2606.86414031079,TRUE,1.55370373907831,0.00248234401903236,2.83774658856575,2023-04-21 12:53:00,2023-04-21 12:55:59,407.33444,TRUE,FALSE,TRUE,FALSE,FALSE,FALSE,FALSE,FALSE,NA,NA,NA,NA,NA,626.882509183347,0.0168584652710754,0.000356753784020682,5562.38233018932,0.0369204259544015,1.23602790004474e-193,0.805849929249743,0.430765236876719,171.034343458647,0.917147597360961,0.281924726666993,627.064133901354,TRUE,0.0167365179088585,0.000380410378090967,0.471362586533087,TRUE,FALSE,TRUE,FALSE,FALSE,FALSE,FALSE
"2023-04-21_OWC_UP_103_148",2023-04-21,"Apr","OWC","UP",103,148,2023-04-21 12:05:00,NA,NA,NA,NA,NA,3058.84438160457,1.8810217332007,0.00108592902405625,1017.54712357168,0.150000436494025,0,0.999760758902723,2.01875928797957,2922.67229870089,0.999803081808641,1.83406733068783,3067.11260999299,TRUE,1.88375772681309,0.00078586516281692,1.27011126573033,2023-04-21 12:05:00,2023-04-21 12:08:59,381.5784,TRUE,FALSE,TRUE,FALSE,FALSE,FALSE,FALSE,FALSE,2843.94740608478,0.0906572570217805,9.02978770300731e-205,0.7272963829317,1.73889368545952,795.157124467933,0.0476144195884694,0.000225469772478449,5479.56652935865,0.0311443598419044,0,0.984155166328363,0.419151884944861,479.287250450459,0.989838767112735,0.336129395749511,803.152947532691,TRUE,0.0470392703823776,0.000191800055978622,0.325205340097734,TRUE,TRUE,TRUE,FALSE,FALSE,FALSE,FALSE
"2023-04-21_OWC_UP_104_149",2023-04-21,"Apr","OWC","UP",104,149,2023-04-21 12:24:00,NA,NA,NA,NA,NA,3308.73945268959,1.27100965033448,0.00129171928205794,1053.43286980229,0.178426445784363,0,0.999258960966172,2.40132664322423,3149.88824602141,0.999408967463224,2.14754415964634,3309.4033413527,TRUE,1.27026087433049,0.00130900630355946,2.67651317964421,2023-04-21 12:24:00,2023-04-21 12:27:59,393.28473,TRUE,FALSE,TRUE,FALSE,FALSE,FALSE,FALSE,FALSE,NA,NA,NA,NA,NA,255.76444160638,0.0192649923839637,0.000155028326418861,5490.42514929296,0.0214142141121764,0,0.955570481773751,0.288200118907396,201.986768704986,0.958996505058914,0.277251881703725,255.917604859865,TRUE,0.0193041973306087,0.000167781670389571,0.286899737508168,TRUE,FALSE,TRUE,FALSE,FALSE,FALSE,FALSE
"2023-04-21_OWC_UP_105_150",2023-04-21,"Apr","OWC","UP",105,150,2023-04-21 12:32:30,4421.78254654958,1.34321908614121,2.90043371402626e-97,0.624221883131751,32.7765622262077,1704.04635977539,1.23152969656007,0.00174190363902575,1098.19678916777,0.150098803261466,0,0.999104537463725,1.60000510441213,1666.64108590293,0.999183253581532,1.53148537814508,1704.42466704433,TRUE,1.23186880412533,0.00183066326896726,1.54385982241081,2023-04-21 12:32:30,2023-04-21 12:34:59,404.73013,TRUE,FALSE,TRUE,FALSE,FALSE,FALSE,FALSE,FALSE,NA,NA,NA,NA,NA,121.556639471725,0.0118434533556767,0.000300188895491049,5554.09842555322,0.0258670990496288,7.31873205508345e-148,0.776510196057769,0.27573498000277,51.6599103853966,0.810355581050447,0.254568473393933,122.246055831152,TRUE,0.0116265887202427,0.000313887365674687,0.268856370946328,TRUE,FALSE,TRUE,FALSE,FALSE,FALSE,FALSE
"2023-04-21_OWC_UP_106_151",2023-04-21,"Apr","OWC","UP",106,151,2023-04-21 12:39:30,NA,NA,NA,NA,NA,1443.62696549424,0.612994093499392,0.00130424415065666,1074.20839201731,0.112385944772366,0,0.997976033400661,1.19799812785136,1426.56299612542,0.998068589764295,1.17290627761916,1443.99440218406,TRUE,0.61237673714171,0.00132026743112847,1.29170076272069,2023-04-21 12:39:30,2023-04-21 12:41:59,396.96912,TRUE,FALSE,TRUE,FALSE,FALSE,FALSE,FALSE,FALSE,NA,NA,NA,NA,NA,141.516364405563,0.0199164971891979,0.000306920697625305,5559.79798096213,0.0264471744461702,6.15151836862145e-230,0.903839689521754,0.281918397693272,97.6272631463111,0.913547383776037,0.267908281001955,141.795163977337,TRUE,0.0198231499154039,0.000310804377039429,0.266921479520822,TRUE,FALSE,TRUE,FALSE,FALSE,FALSE,FALSE
"2023-04-21_OWC_UP_107_152",2023-04-21,"Apr","OWC","UP",107,152,2023-04-21 11:57:00,9088.94712971661,0.926190426632675,4.77681828434403e-232,0.692291998371667,37.6470859572929,4593.60054591638,0.781983597425746,0.00119252759909071,1054.91368524061,0.206035387608412,0,0.997915932008006,3.09826037387879,3800.56676924935,0.999140385577421,1.99203966145021,4662.37190828338,TRUE,0.773554189434997,0.000902798410150943,2.06840743393016,2023-04-21 11:57:00,2023-04-21 12:01:59,389.62091,TRUE,FALSE,TRUE,FALSE,FALSE,FALSE,FALSE,FALSE,1783.94316583809,0.0438712241556645,5.5926435497635e-229,0.687414082305932,0.65045706749268,2074.22964245284,0.0101172560688928,0.000294176481502003,5485.52064149054,0.0508254613459337,4.82580431421777e-166,0.56843423997453,0.764288672446409,699.291445637008,0.906751651718962,0.355662985656311,2076.72430003038,TRUE,0.00969552379767923,0.000317594132458489,0.839663447877374,TRUE,TRUE,TRUE,FALSE,FALSE,FALSE,FALSE
"2023-04-21_OWC_UP_108_153",2023-04-21,"Apr","OWC","UP",108,153,2023-04-21 12:16:00,4563.4110621624,0.532507334506569,6.29959305877548e-120,0.635286918027993,16.489796802895,1600.67636620298,0.524119624955701,0.000878931391684784,1068.99154014768,0.0909605526813861,0,0.998489311912053,1.06127280521159,1597.35219065209,0.998509663480667,1.05606475342903,1600.74817149821,TRUE,0.524354670464583,0.000879591030333119,1.18206228861011,2023-04-21 12:16:00,2023-04-21 12:18:59,398.15463,TRUE,FALSE,TRUE,FALSE,FALSE,FALSE,FALSE,FALSE,NA,NA,NA,NA,NA,31.9011146351235,0.0228059489775723,0.000205642076436355,5471.02699858549,0.0212818851438943,0,0.958090130712125,0.248304185507368,0.349540279775242,0.960760452844566,0.240711380415826,32.2164348355794,TRUE,0.0228615126279564,0.000206890765857206,0.266404692106847,TRUE,FALSE,TRUE,FALSE,FALSE,FALSE,FALSE
"2023-05-10_OWC_TR_120_162",2023-05-10,"May","OWC","TR",120,162,2023-05-10 11:34:00,3410.5787354341,1.07617089443735,8.13411850039979e-85,0.655333303640739,27.451712888321,1557.55558590927,0.896497756237274,0.00212336155636803,1147.40324346489,0.21974654965892,0,0.99799570710829,2.09339113372513,1268.90624593055,0.999110969296712,1.39812075104572,1557.76830342657,TRUE,0.896511435475861,0.00221446226713401,2.46351338698378,2023-05-10 11:34:00,2023-05-10 11:36:59,426.70273,TRUE,FALSE,TRUE,FALSE,FALSE,FALSE,FALSE,FALSE,1881.12313585442,0.112054781619881,2.56877198019338e-80,0.634827988812515,3.28111950941167,284.664792196584,0.103979067368699,0.000362437436888643,5428.2681990153,0.0375086268208285,0,0.995669157932638,0.357321773410331,191.327852643429,0.996695181323892,0.313013911693973,284.932904305401,TRUE,0.103810305849879,0.000385144933454123,0.34538534236483,TRUE,TRUE,TRUE,FALSE,FALSE,FALSE,FALSE
"2023-05-10_OWC_TR_121_163",2023-05-10,"May","OWC","TR",121,163,2023-05-10 11:22:00,8172.63798404969,0.947441427870426,6.04959451938297e-217,0.719486286998188,45.4844046972948,5515.04087098968,0.758276585118333,0.00263319993662255,1137.28029833306,0.591768358902153,0,0.990705276946654,8.27949205342388,3536.58773907732,0.999268135399317,2.32626815330331,5516.42602300045,TRUE,0.759891220333279,0.00279337587676322,9.51917912643045,2023-05-10 11:22:00,2023-05-10 11:28:29,421.5101,TRUE,FALSE,TRUE,FALSE,FALSE,FALSE,FALSE,FALSE,NA,NA,NA,NA,NA,NA,NA,NA,NA,NA,NA,NA,NA,NA,NA,NA,NA,NA,NA,NA,NA,NA,NA,NA,NA,NA,NA,NA
"2023-05-10_OWC_TR_122_164",2023-05-10,"May","OWC","TR",122,164,2023-05-10 12:12:00,3110.48885108747,0.655042005864498,3.9432172192506e-84,0.652284903502871,18.0950253919924,1339.93859052382,0.588179229826597,0.00156949615230733,1173.91979833696,0.162427054939441,0,0.997457397181594,1.54734332445755,1207.71014936135,0.998258449250869,1.28419804708517,1340.00283208931,TRUE,0.587803069266127,0.00155023915011797,1.49143395616867,2023-05-10 12:12:00,2023-05-10 12:14:59,437.43671,TRUE,FALSE,TRUE,FALSE,FALSE,FALSE,FALSE,FALSE,1928.44484983515,0.134707794825056,2.65617990536284e-84,0.653050443944225,3.50401439335294,249.550931974046,0.113981926933643,0.000345185730413189,5402.05712548208,0.0357232488373474,0,0.996727398672998,0.340313568062996,173.36256347475,0.997380876516681,0.305300288693704,249.60968208182,TRUE,0.114048400568039,0.000343199261442212,0.342098127563213,TRUE,TRUE,TRUE,FALSE,FALSE,FALSE,FALSE
"2023-05-10_OWC_TR_123_165",2023-05-10,"May","OWC","TR",123,165,2023-05-10 12:17:30,3952.29891067253,0.845376486669212,3.37875041514018e-99,0.657111269237393,26.6136169396803,1560.1688329039,0.747509395943462,0.00124188967770424,1115.5633251591,0.150033260258052,0,0.998847586786519,1.54287737393404,1282.10491577092,0.999411231707966,1.10545476939396,1560.41238745674,TRUE,0.74726206000593,0.00129236188359273,1.46277768702242,2023-05-10 12:17:30,2023-05-10 12:20:59,415.90771,TRUE,FALSE,TRUE,FALSE,FALSE,FALSE,FALSE,FALSE,3673.85014857606,0.565908188931003,1.34131069187515e-98,0.654844664032185,19.104738213375,890.517398976746,0.535025246631925,0.000559579351937369,5391.4163904439,0.0676030375737174,0,0.999542961740265,0.695200496891844,231.753549919179,0.999905673898612,0.316585640986761,891.117689900441,TRUE,0.535096291933873,0.000578420809796148,0.785542448439,TRUE,FALSE,TRUE,FALSE,FALSE,FALSE,FALSE
"2023-05-10_OWC_TR_124_166",2023-05-10,"May","OWC","TR",124,166,2023-05-10 12:04:00,NA,NA,NA,NA,NA,1171.76822727175,1.00997358557861,0.00124257358030331,1103.46065705143,0.12859385918055,0,0.999458408359639,1.22503513742489,1146.46569956286,0.99950074530513,1.17947886349629,1173.88962371082,TRUE,1.01131044958055,0.00122593206908833,1.22802066551148,2023-05-10 12:04:00,2023-05-10 12:06:59,413.71622,TRUE,FALSE,TRUE,FALSE,FALSE,FALSE,FALSE,FALSE,2838.99418635306,0.485999835954207,2.27368932373942e-86,0.662143294200107,12.410726475561,853.483935159562,0.409496830160068,0.000798614586023775,5404.10802212806,0.0826485716762192,0,0.998640229949498,0.787342451704427,695.620816367482,0.999132642607292,0.630589142933004,891.933011922322,TRUE,0.405154812857,0.000345927054544687,0.308316300385778,TRUE,FALSE,TRUE,FALSE,FALSE,FALSE,FALSE
"2023-05-10_OWC_TR_126_167",2023-05-10,"May","OWC","TR",126,167,2023-05-10 11:59:00,NA,NA,NA,NA,NA,1144.0922034639,0.611130732999076,0.00119571672424911,1116.3491101125,0.123744646188587,0,0.998631399789097,1.17883964767237,1139.48202187909,0.998663744495692,1.16809375103507,1144.16823581607,TRUE,0.610815221552936,0.00124708661707366,1.19000658251878,2023-05-10 11:59:00,2023-05-10 12:01:59,417.82611,TRUE,FALSE,TRUE,FALSE,FALSE,FALSE,FALSE,FALSE,3892.71058999768,1.73366579646947,6.65971548119913e-81,0.637567269684598,53.6271860594464,1169.91018739008,1.70940718827311,0.00123937111525526,5580.33924164001,0.128262436280572,0,0.999811846200125,1.22187787392563,796.157995942042,0.999934112544294,0.725085443889801,1171.98461684345,TRUE,1.71065314558023,0.00129082374937339,1.10888953019002,TRUE,FALSE,TRUE,FALSE,FALSE,FALSE,FALSE
"2023-05-10_OWC_TR_127_168",2023-05-10,"May","OWC","TR",127,168,2023-05-10 11:41:00,NA,NA,NA,NA,NA,3340.53922264238,0.704647049952046,0.000880370313423699,1103.11523684641,0.182600277737119,0,0.998880496436074,2.45494541362265,3054.24316310473,0.999251963593971,2.00953779215577,3344.4868839626,TRUE,0.706297118019339,0.000836928946172346,2.11150043185395,2023-05-10 11:41:00,2023-05-10 11:46:59,414.1582,TRUE,FALSE,TRUE,FALSE,FALSE,FALSE,FALSE,FALSE,NA,NA,NA,NA,NA,NA,NA,NA,NA,NA,NA,NA,NA,NA,NA,NA,NA,NA,NA,NA,NA,NA,NA,NA,NA,NA,NA,NA
"2023-05-10_OWC_TR_128_169",2023-05-10,"May","OWC","TR",128,169,2023-05-10 11:51:00,NA,NA,NA,NA,NA,1305.36104880021,1.20649948801731,0.00149590336555914,1157.53085757526,0.154810942215162,0,0.999449956705269,1.47478927127581,1283.85951544169,0.999487572416696,1.42746114618955,1305.46744793602,TRUE,1.20680016896199,0.00152088382876469,1.38461252529952,2023-05-10 11:51:00,2023-05-10 11:53:59,432.59915,TRUE,FALSE,TRUE,FALSE,FALSE,FALSE,FALSE,FALSE,3787.60716119909,1.52771439280808,3.54672519869163e-81,0.638838741325097,46.3434125405893,1163.86891710202,1.47978594346888,0.00122901548806218,5467.50333689448,0.127190733094457,0,0.999753116133895,1.21166841238332,1021.9855951625,0.999835372293798,0.992214134035693,1164.24094880193,TRUE,1.48047628134859,0.00139114024991497,1.21758919021149,TRUE,FALSE,TRUE,FALSE,FALSE,FALSE,FALSE
"2023-05-10_OWC_UP_101_170",2023-05-10,"May","OWC","UP",101,170,2023-05-10 12:36:00,10905.1027939467,1.7423339828602,6.55763695621587e-221,0.650497866642225,70.7194229430906,3097.76824353594,1.72473264682554,0.000564684505665231,1327.04987610342,0.0780004221775085,0,0.999897319236881,1.21215550056782,3007.70461931214,0.999906903010637,1.15540813099506,3098.11413551652,TRUE,1.72463347741378,0.000550399544012505,1.142848774484,2023-05-10 12:36:00,2023-05-10 12:39:59,496.33426,TRUE,FALSE,TRUE,FALSE,FALSE,FALSE,FALSE,FALSE,2565.6465316253,0.0295570354364071,5.3138453635008e-229,0.663823889652398,0.918745115678382,326.942133474556,0.0224716594252326,0.000133370181184262,5412.94108826517,0.0184225533619131,0,0.967356315309832,0.286293314430113,205.250240149196,0.971362347957682,0.268431903865311,327.086993332468,TRUE,0.022521663978961,0.000132611819897144,0.295937860090346,TRUE,TRUE,TRUE,FALSE,FALSE,FALSE,FALSE
"2023-05-10_OWC_UP_102_171",2023-05-10,"May","OWC","UP",102,171,2023-05-10 12:31:00,6150.0224838892,1.67500640524985,1.16374778920036e-133,0.63688030525582,40.5586734955146,2887.23487619933,1.55059967646442,0.00252159259945269,1102.41114248696,0.217284138462738,0,0.99842106089126,2.67449340452626,2449.38557118758,0.99924396101525,1.85378087580495,2890.99888905638,TRUE,1.54644429989877,0.00258035515404571,2.87138487669532,2023-05-10 12:31:00,2023-05-10 12:33:29,412.30948,TRUE,FALSE,TRUE,FALSE,FALSE,FALSE,FALSE,FALSE,974.426037008583,0.0209661714085912,1.02897313168057e-107,0.556666725269267,0.543216468809559,96.026639835765,0.0178195840903988,0.00024632187143439,5410.02918539332,0.0212254095410844,6.35314665552271e-298,0.897452838487913,0.261257992542028,99.7533090952239,0.897499543334877,0.261636376574266,96.0293949289988,TRUE,0.0178265604454545,0.00025727008861939,0.247653995750327,TRUE,TRUE,TRUE,FALSE,FALSE,FALSE,FALSE
"2023-05-10_OWC_UP_103_172",2023-05-10,"May","OWC","UP",103,172,2023-05-10 11:28:06,6832.43651187616,1.56705760786164,1.4129577573751e-144,0.633228624579695,44.0649549941848,2543.39983919749,1.53416521436529,0.00138245698148728,1065.42489659044,0.130299779085985,0,0.999469230246441,1.67628823536525,2511.58692801786,0.999497429732649,1.63365025937223,2543.98738487076,TRUE,1.53371878919147,0.00131744203815294,1.31517533852866,2023-05-10 11:28:06,2023-05-10 11:30:49,387.53445,TRUE,FALSE,TRUE,FALSE,FALSE,FALSE,FALSE,FALSE,NA,NA,NA,NA,NA,3168.94204742791,-0.0289957734457191,0.00222698256015941,5492.87323434195,0.209898274957486,1.26522289790563e-34,0.20585364529338,2.70031163063223,2837.51186214434,0.523750789769143,2.09433342577086,3169.8780284868,TRUE,-0.0299640657053055,0.00242534714609414,2.99238504761394,TRUE,FALSE,TRUE,TRUE,FALSE,FALSE,FALSE
"2023-05-10_OWC_UP_104_173",2023-05-10,"May","OWC","UP",104,173,2023-05-10 11:46:00,7509.56875452582,1.43852273933989,6.70761456472413e-160,0.636420786235372,44.4010857675661,2204.91996958003,1.41502791074241,0.000800212168578575,1054.20995626952,0.0828139053911297,0,0.999770435344091,1.11569780688413,2118.2479415233,0.999797598905984,1.04907419882221,2206.00681293738,TRUE,1.41572922126318,0.000827875185131966,1.00657613625719,2023-05-10 11:46:00,2023-05-10 11:48:59,393.74829,TRUE,FALSE,TRUE,FALSE,FALSE,FALSE,FALSE,FALSE,1192.50884256055,0.0391784459774273,4.96547647668533e-164,0.645919427389782,0.552344552718296,281.63723653005,0.016924624642791,0.000210453324915278,5424.93090507476,0.0217798009367202,0,0.90007448677798,0.293425071848796,142.269481026218,0.918116037139788,0.265989297915091,282.526377642021,TRUE,0.0168826570681753,0.000219552767251073,0.311263943875761,TRUE,TRUE,TRUE,FALSE,FALSE,FALSE,FALSE
"2023-05-10_OWC_UP_105_175",2023-05-10,"May","OWC","UP",105,175,2023-05-10 11:40:30,7391.45518369313,1.4270839256606,5.23113500156672e-165,0.648130444932402,40.9045216319003,3452.05189724452,1.32427965344782,0.00190253168097735,1052.9764067843,0.196892880186956,0,0.998520259001689,2.65260952950078,2828.13959379125,0.999381360984541,1.71753199523272,3453.1282767153,TRUE,1.32622155389319,0.00202450871391387,2.9056718068288,2023-05-10 11:40:30,2023-05-10 11:43:29,392.32416,TRUE,FALSE,TRUE,FALSE,FALSE,FALSE,FALSE,FALSE,612.357612258182,0.016806767922329,1.03806667802473e-88,0.426335613416337,0.369181813585419,333.135610761225,0.00732085651402823,0.000218115917702409,5450.6364446796,0.0225728021669456,2.98353668926572e-149,0.610744399884167,0.304108660905975,283.768189265556,0.638553231580277,0.293453462554044,333.261305859652,TRUE,0.00724543659010103,0.000227056673847437,0.306677701854666,TRUE,TRUE,TRUE,FALSE,FALSE,FALSE,FALSE
"2023-05-10_OWC_UP_106_174",2023-05-10,"May","OWC","UP",106,174,2023-05-10 11:50:00,5872.32629846969,0.660725274690791,4.39033483378312e-156,0.648514441131724,18.1017648921758,2391.14779398242,0.620611623234813,0.00109384655496943,1027.18177199008,0.106886776446565,0,0.997898211870935,1.39978599545046,2100.19268486911,0.998637895460692,1.12853204592402,2391.19051041921,TRUE,0.620837296072199,0.00108847425970951,1.384576068003,2023-05-10 11:50:00,2023-05-10 11:52:49,383.05209,TRUE,FALSE,TRUE,FALSE,FALSE,FALSE,FALSE,FALSE,NA,NA,NA,NA,NA,321.596371675056,0.00828263802854331,0.00023882396337228,5440.51519456793,0.0233370242536156,2.34516091467906e-152,0.639508805366254,0.305620964647855,248.371868820039,0.678209058199135,0.289177313008889,323.448266280775,TRUE,0.00803834625443506,0.000234442831537446,0.318003443933528,TRUE,FALSE,TRUE,FALSE,FALSE,FALSE,FALSE
"2023-05-10_OWC_UP_107_176",2023-05-10,"May","OWC","UP",107,176,2023-05-10 11:23:00,6818.62165974065,1.02865103439233,3.54908497148487e-170,0.659595436075575,27.4794802105731,3312.11919878927,0.903990278640791,0.00172635107856152,1158.60725778641,0.178659961077348,0,0.997388323121367,2.40696928626376,2947.40098368364,0.998435003065546,1.86583520424667,3322.5932568068,TRUE,0.899885569631387,0.00166428536966869,2.06964473121966,2023-05-10 11:23:00,2023-05-10 11:25:59,429.6835,TRUE,FALSE,TRUE,FALSE,FALSE,FALSE,FALSE,FALSE,NA,NA,NA,NA,NA,426.660486223396,0.026149697048728,0.000232752226979914,5483.97741542217,0.0240875128641545,0,0.946178958636235,0.324515371529731,214.424057531942,0.960141482519087,0.279656878942834,427.381585600482,TRUE,0.0259799136946574,0.000232404075962011,0.345415850320461,TRUE,FALSE,TRUE,FALSE,FALSE,FALSE,FALSE
"2023-05-10_OWC_UP_108_177",2023-05-10,"May","OWC","UP",108,177,2023-05-10 11:34:00,6056.46491832897,0.520750752280497,3.63259160786459e-157,0.629995032708897,16.1862810892016,2730.21949455489,0.51047073504667,0.00115247633382409,1039.76706857053,0.119269700989873,0,0.996353633764222,1.60684299567377,2715.8598526129,0.996445438823766,1.58870041253541,2730.49955988079,TRUE,0.510319152381748,0.00121207682429099,1.6993537299609,2023-05-10 11:34:00,2023-05-10 11:36:59,388.39038,TRUE,FALSE,TRUE,FALSE,FALSE,FALSE,FALSE,FALSE,NA,NA,NA,NA,NA,373.105273496573,0.016689295211458,0.00022425490290832,5477.79628578862,0.0232081253474753,0,0.885239337016997,0.312667956302464,298.020263827549,0.897177060294265,0.29637227218271,375.360440947507,TRUE,0.0164448347077856,0.00022198379595114,0.279280419821114,TRUE,FALSE,TRUE,FALSE,FALSE,FALSE,FALSE
"2023-05-30_CRC_TR_309_189",2023-05-30,"May","CRC","TR",309,189,2023-05-30 12:31:00,1760.47859904699,1.1226643840651,2.43157770076318e-42,0.649137118821226,31.8233335806632,692.102776016481,1.0277180448053,0.00234732861378406,1144.63026563724,0.24292488589508,7.52330522328729e-272,0.999072280397034,1.63638437983718,561.042154515561,0.999561923852048,1.13085111254184,692.437339214988,TRUE,1.02708665031451,0.00241863650772536,1.63888229824722,2023-05-30 12:31:00,2023-05-30 12:33:59,441.33612,TRUE,FALSE,TRUE,FALSE,FALSE,FALSE,FALSE,FALSE,1664.0289738729,0.830565392738964,5.54639458898231e-42,0.645881013051902,24.3439694004767,414.597962633873,0.782782273593878,0.00108592397843643,5828.71578638371,0.11238220205016,2.26223564572506e-310,0.999657557123041,0.757026104299644,203.29502789491,0.999896457987732,0.41862846440017,416.165081104433,TRUE,0.782257296232472,0.00109080377114426,0.728921589391826,TRUE,FALSE,TRUE,FALSE,FALSE,FALSE,FALSE
"2023-05-30_CRC_TR_311_188",2023-05-30,"May","CRC","TR",311,188,2023-05-30 12:22:00,NA,NA,NA,NA,NA,1480.87408311583,2.0902915122542,0.00488983632203105,1196.16642709068,0.675437866048786,0,0.998699271606931,5.24827752059851,1476.1057675767,0.998745935643536,5.17506573630459,1489.56578621117,TRUE,2.08241767124841,0.00341130133953046,3.03080691828999,2023-05-30 12:22:00,2023-05-30 12:25:59,467.74481,TRUE,FALSE,TRUE,FALSE,FALSE,FALSE,FALSE,FALSE,2581.29394960572,1.34943369045632,1.97153990446159e-57,0.658379134928699,51.9582920079638,1627.85489061317,1.27364333089713,0.0066417059227558,5927.09326339904,0.917425324683757,7.85255801871772e-263,0.993569586817965,7.12856496561561,1202.55820705069,0.99892501940188,2.92695106955301,1646.97612035432,TRUE,1.30018516872159,0.00513679521889247,4.02724355347361,TRUE,FALSE,TRUE,FALSE,FALSE,FALSE,FALSE
"2023-05-30_CRC_TR_313_191",2023-05-30,"May","CRC","TR",313,191,2023-05-30 12:47:00,2061.2603552924,2.84534300183166,1.31739264741322e-43,0.660412203210912,73.3839069026153,1177.39561943406,2.40701736543649,0.00903687652562376,1259.07024034549,0.935225765128866,1.7184868693427e-233,0.997497293175207,6.29984378932316,917.76332203949,0.999421461971633,3.04610181026548,1177.54711654624,TRUE,2.40569048063523,0.0100875894289179,6.51078885351502,2023-05-30 12:47:00,2023-05-30 12:49:59,481.75229,TRUE,FALSE,TRUE,FALSE,FALSE,FALSE,FALSE,FALSE,1096.8931155225,0.210355012541515,2.19491581056184e-45,0.675641027272978,5.03748410193081,356.482013997348,0.168828005998742,0.000924038101283556,5718.17345943068,0.0956286431302644,1.84827028598301e-204,0.994696028738914,0.644171210811953,60.6721835723065,0.998997150281757,0.281690581320714,359.090849814097,TRUE,0.167537362674764,0.00088963474993685,0.650511040391776,TRUE,FALSE,TRUE,FALSE,FALSE,FALSE,FALSE
"2023-05-30_CRC_TR_314_185",2023-05-30,"May","CRC","TR",314,185,2023-05-30 11:53:00,1871.86226965574,2.06371605153557,6.41828000360181e-48,0.696173334189289,43.3626671125569,1342.34760314335,1.49345336381473,0.0142893363939327,1121.39688254236,1.478802496007,1.06716323676597e-161,0.983966036146581,9.96147140880106,950.843838357076,0.998218481526672,3.33927260811374,1342.45063419958,TRUE,1.48951731205549,0.0156247853260933,11.1521191697747,2023-05-30 11:53:00,2023-05-30 11:55:59,426.08755,TRUE,FALSE,TRUE,FALSE,FALSE,FALSE,FALSE,FALSE,NA,NA,NA,NA,NA,893.714812557411,0.158160401775935,0.00410954105284373,5722.76319174176,0.425296136842922,3.29040721149984e-88,0.892718317536304,2.86486891851598,484.104831073252,0.989220731658804,0.913251253089878,893.732189109895,TRUE,0.158624791522508,0.00416103772402827,4.01374235669686,TRUE,FALSE,TRUE,FALSE,FALSE,FALSE,FALSE
"2023-05-30_CRC_TR_314_186",2023-05-30,"May","CRC","TR",314,186,2023-05-30 12:00:00,NA,NA,NA,NA,NA,503.920147495046,1.7007264465175,0.00511991593675379,1105.60784449443,0.352500418054329,3.606665028059e-177,0.998931745937457,1.94280403266137,489.615532567651,0.999082876244773,1.81558965727924,503.974608817682,TRUE,1.70169328765358,0.00513684504791891,2.04276214014297,2023-05-30 12:00:00,2023-05-30 12:01:59,425.35349,TRUE,FALSE,TRUE,FALSE,FALSE,FALSE,FALSE,FALSE,503.796481758355,0.122441870251384,2.52715929700889e-27,0.631213417696313,1.94180321431486,232.846940684053,0.0897537925806235,0.00165477711371648,5652.91707343976,0.11392953157384,2.86984860417e-85,0.961436537274051,0.627921959930164,73.2324890355521,0.990136397145299,0.320293007707916,233.022117542267,TRUE,0.0901791309522989,0.00178790046514884,0.691917671328627,TRUE,TRUE,TRUE,FALSE,FALSE,FALSE,FALSE
"2023-05-30_CRC_TR_315_187",2023-05-30,"May","CRC","TR",315,187,2023-05-30 12:09:30,1571.69666463593,1.78640375050207,7.23704382202271e-34,0.631168935790438,45.0044718411665,537.754759645064,1.69963187016532,0.00270355271349976,1117.55274668455,0.232963533549748,1.72713648386031e-255,0.999625666180678,1.43374348072992,442.196072755385,0.99980724433834,1.03585728529417,537.756121730599,TRUE,1.69967488942578,0.00286906209360065,1.41290334208919,2023-05-30 12:09:30,2023-05-30 12:11:59,430.00717,TRUE,FALSE,TRUE,FALSE,FALSE,FALSE,FALSE,FALSE,446.753026932103,0.042755750558044,2.67435688042917e-34,0.636078843919933,1.05860259670663,92.039932798351,0.0395610193071528,0.000611922669428647,5649.02371720835,0.0527290134264677,2.18826315468752e-110,0.965801448850942,0.324513790178129,75.8961989035329,0.970099006125031,0.305510784250181,92.0941481833294,TRUE,0.0394213411683384,0.000592556107431087,0.342947834166165,TRUE,TRUE,TRUE,FALSE,FALSE,FALSE,FALSE
"2023-05-30_CRC_TR_316_192",2023-05-30,"May","CRC","TR",316,192,2023-05-30 12:56:00,1380.53861607858,7.02344777589168,7.79989274692034e-32,0.690509379760167,74.9416086979466,1102.14204073193,3.79723004525857,0.0619129423180916,1270.72189806778,4.26263601193777,2.36797578465063e-91,0.969584379025848,23.4934939353289,766.040030383379,0.998212580598141,5.74413328619159,1102.14453798748,TRUE,3.79458418921609,0.0627116336223219,30.7947788712451,2023-05-30 12:56:00,2023-05-30 12:57:59,473.96729,TRUE,FALSE,TRUE,FALSE,FALSE,FALSE,FALSE,FALSE,1002.20074194059,1.05150633982062,2.94932173108275e-28,0.644338480879126,15.4916543626722,707.294620627087,0.732212209331375,0.0119476147789156,5713.50163713575,0.822579756453989,2.58290648547038e-91,0.969539569561635,4.53364361053923,404.858182752814,0.997630233335868,1.27539338817883,708.641506543433,TRUE,0.744305107024438,0.0125708021702172,4.6007649811445,TRUE,FALSE,TRUE,FALSE,FALSE,FALSE,FALSE
"2023-05-30_CRC_TR_316_193",2023-05-30,"May","CRC","TR",316,193,2023-05-30 13:06:30,1889.29953957426,5.99170018895793,2.92381451323655e-36,0.657548479627322,129.727761047221,1229.7211792818,5.0746972606364,0.027143061716901,1249.7315274863,2.33890152662959,1.15177578895637e-177,0.99578377139608,14.3944623640349,866.948369514051,0.999634398388799,4.26768005965074,1229.76464269758,TRUE,5.07410493422771,0.0290807626431737,17.2343623093072,2023-05-30 13:06:30,2023-05-30 13:08:59,473.77856,TRUE,FALSE,TRUE,FALSE,FALSE,FALSE,FALSE,FALSE,1084.52831491878,0.411105722029509,5.76892708462524e-37,0.664952609260016,8.87170820450518,446.133068998439,0.350763423931898,0.00199204369149642,5697.33820403952,0.171653223197467,7.89832294161452e-174,0.995249244392876,1.05641722528685,267.785419742546,0.998591320577779,0.579181450475881,455.575741319731,TRUE,0.345297278767783,0.00162736804428399,0.721069381587447,TRUE,FALSE,TRUE,FALSE,FALSE,FALSE,FALSE
"2023-05-30_CRC_TR_327_190",2023-05-30,"May","CRC","TR",327,190,2023-05-30 12:40:00,1944.4845098661,1.79102673521283,2.44950592657874e-41,0.639939896299286,53.0549044926677,691.435274883478,1.6918524653749,0.00234298030042654,1168.11790386244,0.242474879227923,1.6621697426741e-310,0.999658741036634,1.63335305647875,665.443287724351,0.999711117664518,1.51130526894766,691.547222099748,TRUE,1.69137569904593,0.00237995414417289,1.6892681215277,2023-05-30 12:40:00,2023-05-30 12:42:59,450.14651,TRUE,FALSE,TRUE,FALSE,FALSE,FALSE,FALSE,FALSE,1252.69013198352,0.294885329310644,8.1849209855072e-43,0.653390943219333,7.76538674462034,307.117619702905,0.252201489310854,0.000805634357202524,5723.16212143307,0.0833750473399134,5.95973089343444e-246,0.99818693844445,0.561628853431452,98.5916394900194,0.999443274515231,0.312980554113035,307.458145997826,TRUE,0.252548365983942,0.000870303031563624,0.586956281619216,TRUE,FALSE,TRUE,FALSE,FALSE,FALSE,FALSE
"2023-05-30_CRC_UP_301_184",2023-05-30,"May","CRC","UP",301,184,2023-05-30 11:05:30,1404.51641353525,1.07756064200559,1.25805955455711e-34,0.639755013262653,25.7773024678332,606.673256136199,0.98434934718451,0.00340176715997062,1112.31165752131,0.293128258214862,1.16212849626485e-205,0.998235566040605,1.80401937946879,547.965092732964,0.998838426544254,1.47372436566275,608.327058638599,TRUE,0.980033037500125,0.00277981592615592,1.16210931890393,2023-05-30 11:05:30,2023-05-30 11:07:59,428.94708,TRUE,FALSE,TRUE,FALSE,FALSE,FALSE,FALSE,FALSE,537.79544433022,0.0547709931726154,4.08522395310279e-34,0.633997272058216,1.43393793192195,93.4415671386814,0.0538560362767046,0.000614788331323045,5216.35568281585,0.0529759458119708,2.06217488137014e-129,0.981078826131489,0.326033503124191,58.0007958012383,0.985453605970084,0.287819553850619,93.5341142936694,TRUE,0.0539096193071151,0.000605765280321749,0.311972013382607,TRUE,TRUE,TRUE,FALSE,FALSE,FALSE,FALSE
"2023-05-30_CRC_UP_302_183",2023-05-30,"May","CRC","UP",302,183,2023-05-30 10:55:00,NA,NA,NA,NA,NA,791.962915816793,1.36490160762768,0.00309772260724752,1123.51486946269,0.320583111576827,2.43111081185433e-272,0.999083981261179,2.15950372598094,738.477582886222,0.999334410002921,1.85122343377585,792.339757426521,TRUE,1.36344466320851,0.00315878621394406,2.35524749168363,2023-05-30 10:55:00,2023-05-30 10:57:59,434.93445,TRUE,FALSE,TRUE,FALSE,FALSE,FALSE,FALSE,FALSE,439.878106377435,0.0400080863152355,2.88280978447995e-41,0.639282393723979,0.8120974605248,104.385602906044,0.0251433566137828,0.0004587408700443,5215.59782048343,0.0474750628678584,2.16051567595668e-113,0.944061763824883,0.319800299679076,93.3211512626609,0.948552762980035,0.308431820629738,104.600322439676,TRUE,0.0253322840369209,0.000479858549955972,0.307155604982668,TRUE,TRUE,TRUE,FALSE,FALSE,FALSE,FALSE
"2023-05-30_CRC_UP_304_182",2023-05-30,"May","CRC","UP",304,182,2023-05-30 10:44:00,2359.83921119589,1.99875891966657,3.87182492788337e-50,0.656357035304259,66.0376653639779,1099.07063279703,1.84863803944398,0.00373577003177359,1153.68150286429,0.451320087044641,2.14918555940942e-321,0.999151306076728,3.28181071723323,720.193309812587,0.999862932533699,1.32526653764378,1099.48157936312,TRUE,1.85062398785621,0.00399330646712269,3.73196798531009,2023-05-30 10:44:00,2023-05-30 10:47:29,444.63297,TRUE,FALSE,TRUE,FALSE,FALSE,FALSE,FALSE,FALSE,NA,NA,NA,NA,NA,454.593900079107,0.0886893772070508,0.000805320900024862,5258.52410458453,0.0972911864506646,2.1920599445346e-186,0.983139394627029,0.707460774628775,413.378784582307,0.98640543903092,0.638331731994273,456.853875377731,TRUE,0.0897998871203986,0.000510912159148203,0.410377271428193,TRUE,FALSE,TRUE,FALSE,FALSE,FALSE,FALSE
"2023-05-30_CRC_UP_305_181",2023-05-30,"May","CRC","UP",305,181,2023-05-30 10:34:00,2775.70237953176,2.10199934045588,1.01026006072147e-58,0.66678558084171,77.9025652460051,1338.74781538252,1.93898368147569,0.00363664822394523,1235.76809702674,0.502333770331889,0,0.999163496437555,3.90322658410141,778.571119821601,0.999920282068522,1.21004174488099,1338.88757950012,TRUE,1.93852329748692,0.00386771995531626,4.80963676507819,2023-05-30 10:34:00,2023-05-30 10:37:59,475.82404,TRUE,FALSE,TRUE,FALSE,FALSE,FALSE,FALSE,FALSE,NA,NA,NA,NA,NA,186.465985223875,0.017569999325583,0.000329715635594979,5323.92377609665,0.0455439427094546,2.78699205019024e-134,0.92266820227658,0.35388488377137,142.068481097063,0.936790856989237,0.321296050529508,187.223360965658,TRUE,0.0172883490794507,0.000327200383916058,0.369240059881055,TRUE,FALSE,TRUE,FALSE,FALSE,FALSE,FALSE
"2023-05-30_CRC_UP_306_180",2023-05-30,"May","CRC","UP",306,180,2023-05-30 10:24:30,1143.81180435436,0.242704138541515,1.89167965975384e-43,0.659032809776965,5.73872156996942,577.29749216933,0.186703536946864,0.00170638032027952,1112.1235182912,0.176593188598879,3.4717274020144e-165,0.985349352653835,1.18956250342197,527.353883488718,0.989143132739081,1.02982822400564,577.412098558339,TRUE,0.186152499645577,0.00174722898736863,1.22476154540543,2023-05-30 10:24:30,2023-05-30 10:27:29,430.125,TRUE,FALSE,TRUE,FALSE,FALSE,FALSE,FALSE,FALSE,598.915921575556,0.0366441634719508,1.89521440309726e-37,0.601965895700949,1.26318560488006,148.350506086453,0.037689062429962,0.000518329027282236,5294.12843778854,0.0536418373930444,2.65581662265685e-134,0.967429841241823,0.361340767918096,87.9733381805391,0.977223129692866,0.303883917988242,148.394060986822,TRUE,0.0376006092318743,0.000535298062709194,0.382366003730455,TRUE,TRUE,TRUE,FALSE,FALSE,FALSE,FALSE
"2023-05-30_CRC_UP_307_179",2023-05-30,"May","CRC","UP",307,179,2023-05-30 10:17:30,2407.15359647703,2.44992376813878,7.86722398397441e-52,0.66896304576881,73.9122489729407,1306.07069076947,2.10715436827058,0.00611540651153152,1185.79778046391,0.738805059097129,9.77050234541017e-289,0.998251115630663,5.37228107166271,726.997154600486,0.999891125840861,1.34691020215794,1306.77979663546,TRUE,2.10547743765721,0.00629684424352006,6.00531553795718,2023-05-30 10:17:30,2023-05-30 10:20:59,454.42212,TRUE,FALSE,TRUE,FALSE,FALSE,FALSE,FALSE,FALSE,1142.65752165754,0.130757146709259,4.93372444025906e-51,0.663081267457951,3.64069145881553,311.293169389828,0.102640513982262,0.000572520541783775,5371.98916779284,0.0691664686410115,6.26951180767093e-230,0.993570068509013,0.502949601790704,106.852985058516,0.99761692522232,0.307672151268955,312.213478983636,TRUE,0.103187382961661,0.000591246091026576,0.503029377498775,TRUE,TRUE,TRUE,FALSE,FALSE,FALSE,FALSE
"2023-05-30_CRC_UP_308_178",2023-05-30,"May","CRC","UP",308,178,2023-05-30 10:10:00,2216.53026985594,0.821658141253764,7.62565411728111e-63,0.692283018124135,24.3009874947245,1213.98827678549,0.628183782976451,0.00280427975573085,1183.62192104522,0.387357901016187,8.30177623436054e-279,0.995279464879957,3.00984275018812,808.296799002327,0.999143692431203,1.28734680131796,1215.01109677949,TRUE,0.625884835320168,0.00281289215039255,3.43389687368372,2023-05-30 10:10:00,2023-05-30 10:13:59,454.96259,TRUE,FALSE,TRUE,FALSE,FALSE,FALSE,FALSE,FALSE,NA,NA,NA,NA,NA,284.557423241403,0.0611518622005848,0.000404474112300354,5354.61402418223,0.0558704040978313,1.85031297918156e-238,0.989695177893438,0.434123404434989,124.11882108943,0.994806275296387,0.309503019728026,284.767922346281,TRUE,0.0613354867851667,0.000427280935177451,0.441832274607495,TRUE,FALSE,TRUE,FALSE,FALSE,FALSE,FALSE
"2023-06-22_OWC_TR_120_202",2023-06-22,"Jun","OWC","TR",120,202,2023-06-22 11:13:00,4836.50534618914,2.77114873406366,1.15184423279496e-105,0.678923699105721,74.201497710662,3303.77485418602,2.15080542271159,0.00971495950992515,1111.55802521842,1.17340758064459,0,0.99150382540017,12.0703610312986,2288.79894813996,0.999240442181916,3.61764101922118,3362.97899712448,TRUE,2.21535792951465,0.00641704694977999,8.05644766366641,2023-06-22 11:13:00,2023-06-22 11:16:29,415.19904,TRUE,FALSE,TRUE,FALSE,FALSE,FALSE,FALSE,FALSE,3199.32442831008,0.413512972546617,2.25042896424643e-106,0.681407755902031,10.6653110538883,1760.48582476276,0.31002902865138,0.00156068591070212,5415.59289993788,0.18850523018157,0,0.989468803968901,1.93907575007287,838.519381699329,0.998826361648886,0.648872811721079,1819.55011566211,TRUE,0.320424601723447,0.00101715756832513,1.30847100656486,TRUE,FALSE,TRUE,FALSE,FALSE,FALSE,FALSE
"2023-06-22_OWC_TR_121_203",2023-06-22,"Jun","OWC","TR",121,203,2023-06-22 10:49:00,6829.55844767723,1.62252960265816,1.80678118786111e-150,0.680933727823492,71.4522663906396,3489.7077931103,1.45732760520462,0.00208295509087801,1048.31543372769,0.359876333132412,0,0.998779841127819,4.41859046107129,2586.14320698759,0.999731156692788,2.0775555093524,3491.5991580667,TRUE,1.45910886503603,0.00215900597118625,4.97502095652556,2023-06-22 10:49:00,2023-06-22 10:53:59,395.02344,TRUE,FALSE,TRUE,FALSE,FALSE,FALSE,FALSE,FALSE,4255.19831451326,0.200941409855386,5.69260606479496e-153,0.687016970771881,8.36226658415229,1245.39427893924,0.17213111487804,0.000320948803382976,5343.64802690201,0.0554509691498028,0,0.997925315881467,0.680831443429003,356.433172523258,0.99953161262479,0.324036301210348,1245.76833144615,TRUE,0.172137238999489,0.000335318207394703,0.81208609674707,TRUE,FALSE,TRUE,FALSE,FALSE,FALSE,FALSE
"2023-06-22_OWC_TR_122_204",2023-06-22,"Jun","OWC","TR",122,204,2023-06-22 11:43:00,3730.54653247243,1.55348150503841,4.46008259937363e-83,0.647547812216512,42.81242158462,1601.75848959463,1.38333632673997,0.00225780565945511,1071.95083458989,0.233660161161762,0,0.999047233235566,2.22593761057928,1404.04397115876,0.99945594408382,1.68677816682465,1602.06745320472,TRUE,1.38251617940348,0.00240606523195614,2.33147547694253,2023-06-22 11:43:00,2023-06-22 11:45:59,404.49753,TRUE,FALSE,TRUE,FALSE,FALSE,FALSE,FALSE,FALSE,2286.0655619921,0.217045357058331,3.2873301850132e-83,0.648147126375548,5.75808361896891,318.311812559803,0.186161216852564,0.000379776850321208,5416.87800667691,0.0393030815916086,0,0.998512301227244,0.374416447765184,177.067809358812,0.999006205750487,0.306875466952772,318.429953274927,TRUE,0.186218364226764,0.000384719141137397,0.368731101084424,TRUE,FALSE,TRUE,FALSE,FALSE,FALSE,FALSE
"2023-06-22_OWC_TR_123_205",2023-06-22,"Jun","OWC","TR",123,205,2023-06-22 11:51:00,6642.58040532756,1.26565801954172,1.04070668353702e-146,0.671566421319692,61.1429514256988,2555.27909420985,1.22967653035096,0.000956090237018249,990.776798994588,0.165185629852822,0,0.999638623247882,2.02816240240277,2094.81763744371,0.9998333628622,1.37954535511696,2557.14114193659,TRUE,1.22919519720777,0.00095252278243333,2.07454350542339,2023-06-22 11:51:00,2023-06-22 11:55:59,374.89847,TRUE,FALSE,TRUE,FALSE,FALSE,FALSE,FALSE,FALSE,6183.84957551274,0.882445574129786,1.43603691989583e-147,0.673733051010577,41.7182589309589,1997.59164801944,0.841821998373321,0.000600710283132074,5415.77760303979,0.103785921700971,0,0.999695590254361,1.2742918647353,534.742022843946,0.999973593101942,0.375946279265867,2000.41260459636,TRUE,0.841068551560934,0.000594507362061708,1.49453319967029,TRUE,FALSE,TRUE,FALSE,FALSE,FALSE,FALSE
"2023-06-22_OWC_TR_124_206",2023-06-22,"Jun","OWC","TR",124,206,2023-06-22 12:01:00,7929.12488759482,3.88223159240044,5.35196702853301e-150,0.679773735014468,178.633280206193,4593.31130374675,3.63674431209967,0.00522501252206424,1013.54911830238,0.902735904027009,0,0.998767137726525,11.0838637808746,3349.58995218941,0.999845906708085,3.92512260502374,4595.6818012729,TRUE,3.64355448301466,0.00535713885564461,12.4142131500756,2023-06-22 12:01:00,2023-06-22 12:05:59,380.78549,TRUE,FALSE,TRUE,FALSE,FALSE,FALSE,FALSE,FALSE,5362.86793650599,0.491214960915235,8.29977731656566e-153,0.686622327314454,21.0476208751586,2195.31841576879,0.433080532316543,0.000708312277771233,5430.21304923445,0.122376534354147,0,0.998402947274663,1.50254889686575,864.860999600552,0.999827254490293,0.494993883628681,2198.57686076156,TRUE,0.432784365641101,0.000697931612389341,1.52138783994947,TRUE,FALSE,TRUE,FALSE,FALSE,FALSE,FALSE
"2023-06-22_OWC_TR_126_207",2023-06-22,"Jun","OWC","TR",126,207,2023-06-22 11:21:00,5174.43112162469,1.40081133574368,5.00548305334918e-115,0.663177958565833,52.8222007378308,2362.36681268037,1.31033928000358,0.0018596405659225,959.289163080185,0.256873967295234,0,0.999038165217074,2.82271140940636,1761.81183534517,0.999727032386445,1.50689250521012,2362.39274308349,TRUE,1.3105978215672,0.00191705237073232,3.49987162388079,2023-06-22 11:21:00,2023-06-22 11:24:59,363.44489,TRUE,FALSE,TRUE,FALSE,FALSE,FALSE,FALSE,FALSE,5697.30103374824,2.3722112868615,2.1561266890349e-115,0.664361564452618,91.06629241013,3035.06960524697,2.26263098762005,0.00374759874612327,5440.76374734183,0.517659474302653,0,0.998690403571577,5.68840556202405,2346.8749357059,0.999690362558149,2.77178167200891,3036.33926411438,TRUE,2.25902458365116,0.00368951097688579,7.10942291383103,TRUE,FALSE,TRUE,FALSE,FALSE,FALSE,FALSE
"2023-06-22_OWC_TR_127_208",2023-06-22,"Jun","OWC","TR",127,208,2023-06-22 11:33:00,4849.67145048585,1.01060479502566,1.21993798272021e-113,0.658652115711693,37.6615713408323,1858.58851998216,0.928176324779885,0.00110033444007827,1069.09629510871,0.151990270675922,0,0.999328687566114,1.67017575067306,1814.46656040911,0.999392725707967,1.59185222357059,1858.63464458051,TRUE,0.92794051815934,0.00112844510646857,1.73991314813659,2023-06-22 11:33:00,2023-06-22 11:36:59,403.54623,TRUE,FALSE,TRUE,FALSE,FALSE,FALSE,FALSE,FALSE,3975.71111045565,0.393389715705452,5.35553909541628e-113,0.656535031014634,15.154005592575,626.336766122237,0.372385837710878,0.000304835983233982,5440.42671231265,0.0421072920340455,0,0.999679789950383,0.462704472918034,560.232196762831,0.999723302182449,0.431022118971902,626.377293518688,TRUE,0.372445341231771,0.000282008838483311,0.414529852870967,TRUE,FALSE,TRUE,FALSE,FALSE,FALSE,FALSE
"2023-06-22_OWC_TR_128_209",2023-06-22,"Jun","OWC","TR",128,209,2023-06-22 11:04:00,5961.34849832645,3.0694321359637,1.2743438740524e-113,0.658589861249512,119.897495262066,2312.72373709889,2.95536637534071,0.00176591980012771,1166.75697177276,0.24392822639841,0,0.999829363049921,2.68045452398719,2005.05788587965,0.999910857666609,1.94144179321206,2313.02333016598,TRUE,2.95569387827217,0.00180929764651104,2.74675636893766,2023-06-22 11:04:00,2023-06-22 11:07:59,439.68491,TRUE,FALSE,TRUE,FALSE,FALSE,FALSE,FALSE,FALSE,5873.2435196149,2.85397828789766,3.34280607825777e-114,0.660494101226512,109.383619901394,2314.12089168887,2.70371372900673,0.00176849173681003,5545.62130683414,0.244283490523815,0,0.999795532754789,2.68435841549747,1746.84647371122,0.999937806359293,1.48358383148863,2315.79895596309,TRUE,2.70417582108136,0.00179849690935732,2.66740530706444,TRUE,FALSE,TRUE,FALSE,FALSE,FALSE,FALSE
"2023-06-22_OWC_UP_101_194",2023-06-22,"Jun","OWC","UP",101,194,2023-06-22 14:30:30,4888.86585149997,2.31618678835052,7.93311407415629e-97,0.648049252884863,81.156845267743,1619.2197051894,2.25108640607607,0.00133233469186445,984.419570569441,0.160959963806815,0,0.999853595294136,1.65524288307564,1357.97153610733,0.999922146295272,1.2099441620513,1620.05447024273,TRUE,2.25024058514134,0.00141233382058213,1.64926266046807,2023-06-22 14:30:30,2023-06-22 14:33:59,372.66895,TRUE,FALSE,TRUE,FALSE,FALSE,FALSE,FALSE,FALSE,NA,NA,NA,NA,NA,72.1759917094873,0.0155736746062097,0.000211234604015648,5313.74954901178,0.0255193491730865,1.09809500280504e-241,0.928591650790649,0.262429986317413,75.844546468761,0.928647980840893,0.262956294071231,72.1763027000261,TRUE,0.0155773627310695,0.000217394308958928,0.280485598546121,TRUE,FALSE,TRUE,FALSE,FALSE,FALSE,FALSE
"2023-06-22_OWC_UP_102_195",2023-06-22,"Jun","OWC","UP",102,195,2023-06-22 14:20:30,6586.19519616241,3.0296011550678,2.01310291230725e-137,0.685967844980943,107.306592353649,3794.42180272506,2.45005275687437,0.00446702954245026,993.159748687642,0.694406411515919,0,0.998214774644939,8.0906956963681,2212.42274220405,0.99990534254501,1.86648927422998,3795.8520578364,TRUE,2.4462222859662,0.00452236645539752,9.38941475886288,2023-06-22 14:20:30,2023-06-22 14:24:59,365.07956,TRUE,FALSE,TRUE,FALSE,FALSE,FALSE,FALSE,FALSE,595.444855889555,0.0231817110852366,1.14003371164595e-112,0.611937893214391,0.418406860434198,282.36647594266,0.00760962410608728,0.00017287622127614,5318.81344083298,0.026873866696424,1.86832541532243e-180,0.782675719517334,0.313113868218573,184.16742288463,0.820148211856701,0.285373933404897,282.396765299042,TRUE,0.00762917849973718,0.000183195324828389,0.315912850894446,TRUE,TRUE,TRUE,FALSE,FALSE,FALSE,FALSE
"2023-06-22_OWC_UP_103_196",2023-06-22,"Jun","OWC","UP",103,196,2023-06-22 14:06:00,NA,NA,NA,NA,NA,3536.42942850363,2.16925174405103,0.00216565379213953,917.825192667043,0.374164353788808,0,0.999404337083362,4.59401992382706,3399.89177979667,0.999528723242757,4.09315381724769,3558.38483369118,TRUE,2.17871359442287,0.00126771465386429,2.75279399772828,2023-06-22 14:06:00,2023-06-22 14:10:59,359.53778,TRUE,FALSE,TRUE,FALSE,FALSE,FALSE,FALSE,FALSE,NA,NA,NA,NA,NA,1164.42018008139,0.0705737377180617,0.000300006218770493,5316.30763656692,0.0518326767585449,0,0.989309265679907,0.636405759455234,1057.81371791915,0.991109055282471,0.581342066373128,1196.37998849232,TRUE,0.0720165711026356,0.000157006478207619,0.297930702276493,TRUE,FALSE,TRUE,FALSE,FALSE,FALSE,FALSE
"2023-06-22_OWC_UP_104_197",2023-06-22,"Jun","OWC","UP",104,197,2023-06-22 12:57:30,5503.44564994672,0.9498491495794,6.2401783759856e-130,0.6651901391669,39.3755163278457,2176.32622523638,0.871159787050193,0.000998488154005448,1031.94359547229,0.155216474253214,0,0.999293738332917,1.80846437967706,1989.03822498154,0.99950441010279,1.51773904479788,2187.02613321793,TRUE,0.874019709756132,0.000766818774653511,1.26002542987813,2023-06-22 12:57:30,2023-06-22 13:01:59,390.68451,TRUE,FALSE,TRUE,FALSE,FALSE,FALSE,FALSE,FALSE,NA,NA,NA,NA,NA,472.088489086235,0.0114932089969074,0.00020607586653756,5411.64439188862,0.0320348011183931,8.76900447366029e-226,0.852541600232265,0.373245153334315,420.269951831325,0.867022699736558,0.355105106410647,479.05789497874,TRUE,0.0119303907848512,0.000164833537659335,0.286093744421692,TRUE,FALSE,TRUE,FALSE,FALSE,FALSE,FALSE
"2023-06-22_OWC_UP_105_198",2023-06-22,"Jun","OWC","UP",105,198,2023-06-22 13:05:00,NA,NA,NA,NA,NA,4579.17476705432,3.49922961809344,0.00516382067901643,915.399493851461,0.892163666444884,0,0.998699430970751,10.9540570005122,4258.57172781525,0.999242857031857,8.37191289927871,4580.72770841304,TRUE,3.50541788481639,0.00471496080058746,9.54452963981564,2023-06-22 13:05:00,2023-06-22 13:09:59,369.13129,TRUE,FALSE,TRUE,FALSE,FALSE,FALSE,FALSE,FALSE,NA,NA,NA,NA,NA,1352.36845465896,0.00811841596590826,0.000350873853041415,5385.83887352883,0.0606211800617168,4.50688195876707e-85,0.472362296142153,0.744311707380409,812.108505688294,0.786996208440685,0.473705108722601,1362.20227002634,TRUE,0.00717869867397107,0.000353843478897527,0.720433800109196,TRUE,FALSE,TRUE,FALSE,FALSE,FALSE,FALSE
"2023-06-22_OWC_UP_106_199",2023-06-22,"Jun","OWC","UP",106,199,2023-06-22 13:18:00,7372.68102373489,2.3979220536167,8.93686068704218e-148,0.674249765213231,112.351434933157,3251.38861433379,2.26886912943673,0.00170776976209723,1017.31371032208,0.295054810595509,0,0.999661316672576,3.62270661213729,1912.73892903204,0.999963863043845,1.18533061427726,3252.04746713833,TRUE,2.26848139064917,0.00178572086951029,4.22806344132865,2023-06-22 13:18:00,2023-06-22 13:22:59,383.31573,TRUE,FALSE,TRUE,FALSE,FALSE,FALSE,FALSE,FALSE,727.752193318694,0.0147009187405805,1.26452705217879e-131,0.631147383744787,0.442281411687007,234.686979458026,0.00768418720522189,0.000138244732234493,5375.33535825565,0.0238848199508951,2.13716617508489e-238,0.83783379049375,0.293259733644666,208.339573462489,0.845832020506157,0.286415690181241,235.406855781395,TRUE,0.0075671086739964,0.000137816876917822,0.283268885047247,TRUE,TRUE,TRUE,FALSE,FALSE,FALSE,FALSE
"2023-06-22_OWC_UP_107_200",2023-06-22,"Jun","OWC","UP",107,200,2023-06-22 13:58:00,4213.27832948654,2.88652012887283,1.49993453554586e-82,0.645155252663236,83.7041964977283,1695.46303399208,2.69632613623366,0.00257162654350438,1219.20107100536,0.266137464084536,0,0.999674453839743,2.53532903488772,1165.36055924936,0.999926161056688,1.21084148554089,1696.29778810267,TRUE,2.69518930496738,0.00270987695282816,2.78469667798635,2023-06-22 13:58:00,2023-06-22 14:00:59,460.42853,TRUE,FALSE,TRUE,FALSE,FALSE,FALSE,FALSE,FALSE,NA,NA,NA,NA,NA,70.3607813410629,0.00904229366125542,0.000269133465809954,5390.3576672268,0.0278526049094739,9.89310281265137e-113,0.759216443009298,0.265334751599704,59.6913387242492,0.768830785081133,0.260712728562029,70.4332162362203,TRUE,0.00898676502996616,0.000271178110557334,0.248287419922795,TRUE,FALSE,TRUE,FALSE,FALSE,FALSE,FALSE
"2023-06-22_OWC_UP_108_201",2023-06-22,"Jun","OWC","UP",108,201,2023-06-22 13:27:00,NA,NA,NA,NA,NA,1984.64629743687,0.782207589759222,0.000594264774367098,948.467394981614,0.102672318210588,0,0.999654961756466,1.26061895182882,1926.26017598577,0.999689035613542,1.19876209981604,1985.85442295835,TRUE,0.782710254760069,0.000603398830577738,1.28275785544707,2023-06-22 13:27:00,2023-06-22 13:31:59,361.29178,TRUE,FALSE,TRUE,FALSE,FALSE,FALSE,FALSE,FALSE,1225.11368970969,0.0500429664456497,1.1960857570862e-156,0.695750113580113,0.669421744065732,1246.51472259863,0.0115766311529535,0.000321248614204784,5348.34803437637,0.0555027680674359,5.16304669489007e-152,0.684702150290376,0.68146743469121,781.617243889856,0.855681603019454,0.461820187031039,1246.85707873418,TRUE,0.0114169094836981,0.00033428992540742,0.790930902879743,TRUE,TRUE,TRUE,FALSE,FALSE,FALSE,FALSE
"2023-06-29_CRC_TR_309_217",2023-06-29,"Jun","CRC","TR",309,217,2023-06-29 11:47:00,3922.61035869011,2.02107722488024,9.06028060472903e-85,0.655125910218983,55.9010743217242,2019.41985810637,1.82526439666538,0.0040328714002419,955.542147240501,0.417361599471142,0,0.998255375905432,3.97594898871606,1554.20099837308,0.999526141539121,2.07792900274555,2020.03764642967,TRUE,1.82264357121471,0.00433130103795484,4.57985997188612,2023-06-29 11:47:00,2023-06-29 11:49:59,367.18881,TRUE,FALSE,TRUE,FALSE,FALSE,FALSE,FALSE,FALSE,3626.34235226619,1.34739041805452,1.00615822742503e-84,0.654924183408853,37.0437725893752,1639.60146958343,1.20940642584621,0.00237964921673634,5758.55029545214,0.246269742996952,0,0.998615914715557,2.34606139343156,1053.8590780825,0.999731024190981,1.03712492761559,1639.75738153536,TRUE,1.20861182612818,0.00254580491183446,2.91284803063417,TRUE,FALSE,TRUE,FALSE,FALSE,FALSE,FALSE
"2023-06-29_CRC_TR_311_219",2023-06-29,"Jun","CRC","TR",311,219,2023-06-29 12:08:34,4325.37613911098,1.45501249381013,8.09357850251666e-98,0.658968645760877,45.853700097158,2281.48535923122,1.31561731986531,0.00317986410916084,927.607307025284,0.376817251207665,0,0.99761052310451,3.83820926239081,2007.56283699777,0.998782858299995,2.74605764148335,2282.277632629,TRUE,1.31730473513729,0.00339986522399856,4.01670526358509,2023-06-29 12:08:34,2023-06-29 12:11:59,346.34326,TRUE,FALSE,TRUE,FALSE,FALSE,FALSE,FALSE,FALSE,NA,NA,NA,NA,NA,NA,NA,NA,NA,NA,NA,NA,NA,NA,NA,NA,NA,NA,NA,NA,NA,NA,NA,NA,NA,NA,NA,NA
"2023-06-29_CRC_TR_313_220",2023-06-29,"Jun","CRC","TR",313,220,2023-06-29 11:30:00,5957.42827865492,3.0135455425998,1.85160798547263e-113,0.65805630166261,119.408884702373,2138.61673113143,2.9410999653819,0.00147301338348751,1080.7781269145,0.203468777047092,0,0.999880113676808,2.23585770281144,1620.23444211852,0.99995962351538,1.30027156070711,2146.61122226455,TRUE,2.9382848475082,0.00140192778387681,1.82586044120555,2023-06-29 11:30:00,2023-06-29 11:33:59,415.827,TRUE,FALSE,TRUE,FALSE,FALSE,FALSE,FALSE,FALSE,NA,NA,NA,NA,NA,690.389734749621,0.100907086168337,0.000325869082861305,5563.29048053605,0.0450126146242236,0,0.995039661958593,0.494630196297687,178.092463895191,0.998308095905832,0.289483177689274,692.570177930964,TRUE,0.100490305371778,0.000329022393506827,0.523603907649301,TRUE,FALSE,TRUE,FALSE,FALSE,FALSE,FALSE
"2023-06-29_CRC_TR_314_221",2023-06-29,"Jun","CRC","TR",314,221,2023-06-29 11:13:00,6440.52358662002,5.22853513385789,6.66708946867052e-114,0.659513042568816,197.50776273638,2941.05260667933,4.87483571485589,0.00339797928502563,1185.36938622342,0.469366196740587,0,0.99976780731677,5.15772513921812,2309.03799939178,0.999938284375868,2.66466098926997,2941.15240154898,TRUE,4.87490912574366,0.00358566577031577,5.91926528685644,2023-06-29 11:13:00,2023-06-29 11:16:59,451.33429,TRUE,FALSE,TRUE,FALSE,FALSE,FALSE,FALSE,FALSE,928.428110850721,0.0569839459383024,4.21373753458916e-163,0.787965490894019,0.6338212958447,791.111437668289,0.0181788059381003,0.000361916728984296,5709.86708446057,0.0499919111834348,8.25985309811906e-193,0.840718569976733,0.549346201023651,240.071154532497,0.949884080376998,0.308789039369441,799.062034099055,TRUE,0.0173784617603045,0.000341329694376063,0.491683137424645,TRUE,TRUE,TRUE,FALSE,FALSE,FALSE,FALSE
"2023-06-29_CRC_TR_315_222",2023-06-29,"Jun","CRC","TR",315,222,2023-06-29 11:20:00,5466.95342612757,1.82422972247702,1.50253347228055e-113,0.658354730425673,71.6391924443909,2222.73300166301,1.76503505589585,0.001607903792524,947.853580700265,0.222101320966723,0,0.999603476343214,2.44060517045872,1963.6879645737,0.999770770150591,1.85955501786248,2222.87686916514,TRUE,1.76449283588661,0.00173872752181213,2.59341975722937,2023-06-29 11:20:00,2023-06-29 11:23:59,364.16196,TRUE,FALSE,TRUE,FALSE,FALSE,FALSE,FALSE,FALSE,2153.43619537066,0.120693027369289,1.08453936069729e-122,0.68712939950573,2.27064028594061,1459.93023130565,0.0562731576115208,0.000726399688388817,5644.2965882869,0.100338298280719,1.0122982266439e-272,0.926227532248231,1.10258763213589,516.169332235186,0.989758135089019,0.411685863664882,1460.42801206628,TRUE,0.0566747172442345,0.000770828514336023,1.29986119155861,TRUE,TRUE,TRUE,FALSE,FALSE,FALSE,FALSE
"2023-06-29_CRC_TR_316_223",2023-06-29,"Jun","CRC","TR",316,223,2023-06-29 11:55:00,NA,NA,NA,NA,NA,4959.68245059175,3.8649023282569,0.00709057532656482,899.258164216252,1.22505293536967,0,0.997991305706703,15.0412981243203,4650.8072958389,0.998807530562637,11.6085903803406,4959.76357951738,TRUE,3.86578178109667,0.0074013329125378,18.9135722808308,2023-06-29 11:55:00,2023-06-29 11:59:59,356.96143,TRUE,FALSE,TRUE,FALSE,FALSE,FALSE,FALSE,FALSE,NA,NA,NA,NA,NA,2684.67795579361,0.298567941830185,0.00106495165573433,5752.13084807126,0.183993835732394,0,0.992449373577995,2.25909106160627,2043.08706344159,0.997425524796099,1.32133842391954,2684.88009586908,TRUE,0.298154937911586,0.00105201060799316,3.16404845394378,TRUE,FALSE,TRUE,FALSE,FALSE,FALSE,FALSE
"2023-06-29_CRC_TR_316_224",2023-06-29,"Jun","CRC","TR",316,224,2023-06-29 12:02:00,6364.36145244922,4.77165277292093,3.68571213889456e-114,0.660355502134031,182.443827684565,3185.59005994069,4.50811760869567,0.0043837627933236,1118.07646166632,0.605533435351614,0,0.999548211407819,6.65402631002904,3082.78165271499,0.999638342786581,5.96589933722412,3187.09612324839,TRUE,4.50758480741713,0.0038681885448328,5.98151548928426,2023-06-29 12:02:00,2023-06-29 12:05:59,425.94778,TRUE,FALSE,TRUE,FALSE,FALSE,FALSE,FALSE,FALSE,4032.51101346546,0.441986489744466,2.57287391778558e-116,0.667330703701251,16.0776716952221,1108.40324627022,0.40135610732611,0.00050367260088062,5758.14569991075,0.0695727881919659,0,0.999247791918615,0.764514618127742,865.542881839449,0.999550237096076,0.59240550350164,1116.86877003582,TRUE,0.40029901706136,0.000401181361505268,0.552355814774707,TRUE,FALSE,TRUE,FALSE,FALSE,FALSE,FALSE
"2023-06-29_CRC_TR_327_218",2023-06-29,"Jun","CRC","TR",327,218,2023-06-29 11:37:00,5502.98941284774,2.02861705408021,2.4623885371634e-116,0.667391728671547,74.379457205504,2757.79052350709,1.85663168802051,0.00280746775905373,957.615190767234,0.387798263028237,0,0.998908229072077,4.26139944473104,1748.71391832721,0.999867712167148,1.48647258884402,2757.81957942612,TRUE,1.85705178406086,0.00285528456379085,5.53057078620762,2023-06-29 11:37:00,2023-06-29 11:40:59,367.78329,TRUE,FALSE,TRUE,FALSE,FALSE,FALSE,FALSE,FALSE,NA,NA,NA,NA,NA,265.568646717196,0.177022961611499,0.000209342935651325,5591.31136730517,0.0289167441232446,0,0.999331971341586,0.317757476240299,197.452418091391,0.999425161615151,0.295380337656876,265.760993964867,TRUE,0.177096774815883,0.000222947390790702,0.321624321411237,TRUE,FALSE,TRUE,FALSE,FALSE,FALSE,FALSE
"2023-06-29_CRC_UP_301_210",2023-06-29,"Jun","CRC","UP",301,210,2023-06-29 09:36:00,3550.89219128001,1.05135572196611,1.2439718105962e-80,0.636301951629815,33.3583583483341,1187.86990951811,1.06129925353693,0.0012706748589807,1137.919404852,0.131502058687055,0,0.999487075591611,1.25273977748167,1115.85293772938,0.999584712842273,1.13038126113435,1188.21857011249,TRUE,1.06196871179084,0.00124381975462196,1.26475525899571,2023-06-29 09:36:00,2023-06-29 09:38:59,434.62357,TRUE,FALSE,TRUE,FALSE,FALSE,FALSE,FALSE,FALSE,696.004951891503,0.0236449495353178,1.41829626479044e-75,0.611898695821595,0.632665900356495,204.575525636161,0.0184992420024879,0.000324283060874489,5561.68010303462,0.0335600329234045,8.88592009604746e-182,0.900894527759449,0.31970593157628,144.682526266025,0.91701132892691,0.293378170275407,204.88350329244,TRUE,0.0184026091236436,0.000333351619450524,0.311418049898411,TRUE,TRUE,TRUE,FALSE,FALSE,FALSE,FALSE
"2023-06-29_CRC_UP_302_211",2023-06-29,"Jun","CRC","UP",302,211,2023-06-29 09:43:00,3632.91096138301,1.41205057469265,2.83869142895206e-85,0.657351469756969,37.3832717359736,1649.83012692456,1.22480304861945,0.00241369690451316,1030.04485956622,0.249793335995225,0,0.998611606455852,2.37962851133576,1156.53389376304,0.999651191099681,1.19608808547174,1650.78167720026,TRUE,1.22345468940954,0.00241594346140077,2.68788803210453,2023-06-29 09:43:00,2023-06-29 09:45:59,390.36115,TRUE,FALSE,TRUE,FALSE,FALSE,FALSE,FALSE,FALSE,2244.72272245219,0.161341897437363,1.34213172226009e-74,0.607004010299024,5.43676439637012,912.154172883356,0.165632183056608,0.000866415772566704,5660.57831273998,0.08966531207114,0,0.990299086045966,0.854186650865585,748.333030912114,0.993913639619912,0.678487420546875,912.241524540313,TRUE,0.165408621340138,0.000917051142364786,0.91236014306334,TRUE,FALSE,TRUE,FALSE,FALSE,FALSE,FALSE
"2023-06-29_CRC_UP_304_212",2023-06-29,"Jun","CRC","UP",304,212,2023-06-29 10:00:00,NA,NA,NA,NA,NA,2122.7690839588,2.65482977140576,0.00144889653664128,1177.1656086139,0.200137493442311,0,0.99985764672626,2.19925122089272,1778.87553572696,0.999931039520075,1.53391650931277,2124.26480851362,TRUE,2.65311802949098,0.00153984887891401,2.18672958100134,2023-06-29 10:00:00,2023-06-29 10:03:59,448.25494,TRUE,FALSE,TRUE,FALSE,FALSE,FALSE,FALSE,FALSE,2482.81152838107,0.0864742649359303,1.66298234158616e-115,0.66472569398404,3.200033124732,254.075707143231,0.0794746846406601,0.000206851663645439,5690.06931311394,0.0285726222883641,0,0.996772365896583,0.313976024037217,136.183072254633,0.997496207947233,0.277117490829399,254.450236079998,TRUE,0.0793483455830922,0.000205932999506619,0.335599760552263,TRUE,TRUE,TRUE,FALSE,FALSE,FALSE,FALSE
"2023-06-29_CRC_UP_305_213",2023-06-29,"Jun","CRC","UP",305,213,2023-06-29 10:10:00,7951.19164891024,4.15411437133638,5.39686802208008e-151,0.682219533011753,181.948550615445,4369.43308804843,3.71924981785771,0.00433573876616507,1104.40848346245,0.749094291768828,0,0.999187985281249,9.19743975171282,2579.27424627276,0.99995917667006,2.06569727481183,4375.70738303659,TRUE,3.71066443249878,0.00413244613385177,10.5180002432854,2023-06-29 10:10:00,2023-06-29 10:14:59,412.81863,TRUE,FALSE,TRUE,FALSE,FALSE,FALSE,FALSE,FALSE,NA,NA,NA,NA,NA,NA,NA,NA,NA,NA,NA,NA,NA,NA,NA,NA,NA,NA,NA,NA,NA,NA,NA,NA,NA,NA,NA,NA
"2023-06-29_CRC_UP_306_214",2023-06-29,"Jun","CRC","UP",306,214,2023-06-29 10:19:00,3029.2220115593,0.593378853276863,2.40286252837207e-85,0.657669931770914,16.1636751489369,1241.79288119235,0.529557815150172,0.00136949376995718,1049.20076564354,0.141728821370502,0,0.997611430942955,1.35016389795806,1142.16835455577,0.998208866681355,1.17246006972706,1247.73431251998,TRUE,0.526628599291483,0.00119310441433595,1.04827356704477,2023-06-29 10:19:00,2023-06-29 10:21:59,399.15576,TRUE,FALSE,TRUE,FALSE,FALSE,FALSE,FALSE,FALSE,NA,NA,NA,NA,NA,NA,NA,NA,NA,NA,NA,NA,NA,NA,NA,NA,NA,NA,NA,NA,NA,NA,NA,NA,NA,NA,NA,NA
"2023-06-29_CRC_UP_307_215",2023-06-29,"Jun","CRC","UP",307,215,2023-06-29 10:26:00,7468.19612858206,2.85653050858753,1.37794460279503e-149,0.678760078323453,121.65968640398,4811.52865197261,2.46969955722741,0.00626704520629646,993.943573627813,1.08276998303711,0,0.996164080636473,13.2943366320834,3684.02212204437,0.999418087438625,5.18666579785978,4811.5935109319,TRUE,2.47095894216153,0.00649511421687936,17.6675373526912,2023-06-29 10:26:00,2023-06-29 10:30:59,377.24408,TRUE,FALSE,TRUE,FALSE,FALSE,FALSE,FALSE,FALSE,NA,NA,NA,NA,NA,5090.94064970024,-0.145442797952541,0.00791016242769332,6031.80215090358,1.3666546443688,3.50746471004035e-60,0.361162609139124,16.7798952563098,4223.08952692553,0.850609341648986,8.12799194628746,5090.94064970024,TRUE,-0.145442797952541,0.00791016242769333,23.9297757039152,FALSE,FALSE,TRUE,TRUE,FALSE,FALSE,FALSE
"2023-06-29_CRC_UP_308_216",2023-06-29,"Jun","CRC","UP",308,216,2023-06-29 10:37:00,3514.77875066205,1.67394212730028,2.28888762469163e-94,0.695130156404436,31.7264529140197,2256.97128423687,1.09763682000212,0.00560921715257846,1089.93163003699,0.580497519073058,0,0.99073748773981,5.53004523376207,1784.57408537597,0.99753387088395,2.8614667607693,2261.34259431506,TRUE,1.08904625204271,0.00526341517211599,5.3016125581057,2023-06-29 10:37:00,2023-06-29 10:39:59,410.91196,TRUE,FALSE,TRUE,FALSE,FALSE,FALSE,FALSE,FALSE,NA,NA,NA,NA,NA,1365.99013286858,-0.0388811572627107,0.00162732464364853,5603.78193634016,0.168411721755179,4.08863913874979e-76,0.614581505565773,1.60435558913161,210.749022919444,0.984602340025595,0.321572004703569,1366.03135730698,TRUE,-0.0387138823283506,0.00166291539696784,2.14673053925225,TRUE,FALSE,TRUE,TRUE,FALSE,FALSE,FALSE
"2023-07-13_CRC_TR_309_232",2023-07-13,"Jul","CRC","TR",309,232,2023-07-13 10:41:00,5438.2515825093,1.76280367877144,9.13124590665913e-113,0.655768220476329,69.5290430538497,1811.17139917446,1.70678247075153,0.00104730619171638,959.124597321385,0.144665426948028,0,0.999820054605939,1.58968522771134,1550.81089807359,0.999896258482723,1.20956034675344,1811.63597549566,TRUE,1.70728982931936,0.00111391349914342,1.64251580630135,2023-07-13 10:41:00,2023-07-13 10:44:59,363.61639,TRUE,FALSE,TRUE,FALSE,FALSE,FALSE,FALSE,FALSE,5078.29194882885,1.22573382683821,1.25263093934412e-113,0.658614383112299,47.7885752391978,1316.74903787861,1.17800916098321,0.000625751496488209,5423.31621710792,0.0864356652513218,0,0.999865142289336,0.949815744481871,502.606771999309,0.999975473426226,0.405910594507299,1323.15690137885,TRUE,1.17678581300308,0.000560090455116267,0.966672826322051,TRUE,FALSE,TRUE,FALSE,FALSE,FALSE,FALSE
"2023-07-13_CRC_TR_311_234",2023-07-13,"Jul","CRC","TR",311,234,2023-07-13 10:33:00,5231.43923739741,1.60122174037404,5.12182450613653e-118,0.672732506562132,56.0539726997418,2681.51017311776,1.41020024706494,0.00259302260800519,1009.76154418692,0.358176744909901,0,0.998386467875725,3.93589741726999,2218.39783319126,0.999390261478008,2.42458409194724,2685.09873247128,TRUE,1.40624548254332,0.00273385574067724,3.8658318253606,2023-07-13 10:33:00,2023-07-13 10:36:59,380.44455,TRUE,FALSE,TRUE,FALSE,FALSE,FALSE,FALSE,FALSE,3136.81849816565,0.25477083348256,6.38610891940539e-127,0.699612239607106,6.3244205731123,1720.19697680603,0.164899537977486,0.000952615721049131,5480.73411918755,0.131585739770262,0,0.984298137458579,1.44595644656275,838.570463947383,0.997518845184001,0.575992767325934,1720.21173478191,TRUE,0.165002829394796,0.00097094155576655,1.84316616826363,TRUE,FALSE,TRUE,FALSE,FALSE,FALSE,FALSE
"2023-07-13_CRC_TR_313_235",2023-07-13,"Jul","CRC","TR",313,235,2023-07-13 10:59:30,6555.8442795013,2.53165789157821,1.90570767087765e-132,0.672314799406809,104.332966476008,3142.66693907352,2.33340010215005,0.00244304919752453,997.915178889353,0.379775645154858,0,0.999410597157114,4.42485715408661,1932.5754751108,0.999937772789758,1.44042964402649,3144.28219012358,TRUE,2.33251731311456,0.00255221609341066,4.84897897442552,2023-07-13 10:59:30,2023-07-13 11:03:59,375.43335,TRUE,FALSE,TRUE,FALSE,FALSE,FALSE,FALSE,FALSE,NA,NA,NA,NA,NA,169.241557889903,0.000971026631469569,0.000155684349998637,5451.23581395521,0.0242013646393845,9.0239571127422e-10,0.0674326601581299,0.281975905589136,104.038368780729,0.179603869724084,0.264967399776428,169.416022846746,TRUE,0.000949543074290908,0.000160452358753398,0.296002781043481,TRUE,FALSE,TRUE,FALSE,FALSE,FALSE,FALSE
"2023-07-13_CRC_TR_314_236",2023-07-13,"Jul","CRC","TR",314,236,2023-07-13 10:14:08,NA,NA,NA,NA,NA,3281.49629850647,3.82112786209545,0.00573386128266823,1122.55731987825,0.765540272246288,0,0.998960794006102,8.27178998992694,3017.03580129355,0.999417322665887,6.20732968644356,3282.05509020769,TRUE,3.81754643433552,0.00591430359251395,10.5887643887145,2023-07-13 10:14:08,2023-07-13 10:17:59,431.03516,TRUE,FALSE,TRUE,FALSE,FALSE,FALSE,FALSE,FALSE,NA,NA,NA,NA,NA,NA,NA,NA,NA,NA,NA,NA,NA,NA,NA,NA,NA,NA,NA,NA,NA,NA,NA,NA,NA,NA,NA,NA
"2023-07-13_CRC_TR_315_237",2023-07-13,"Jul","CRC","TR",315,237,2023-07-13 10:21:08,4000.72519531031,0.522111953886591,1.99749072916806e-109,0.657042929420966,17.9552413257646,1903.64506115851,0.455960517804464,0.00129905319369482,999.102802290044,0.173439413082691,0,0.996263923390042,1.87404171015925,1734.96631257504,0.997424912405964,1.55922734041838,1903.76380134169,TRUE,0.456405261815546,0.00137878751288655,1.89310534722523,2023-07-13 10:21:08,2023-07-13 10:24:59,378.98019,TRUE,FALSE,TRUE,FALSE,FALSE,FALSE,FALSE,FALSE,NA,NA,NA,NA,NA,NA,NA,NA,NA,NA,NA,NA,NA,NA,NA,NA,NA,NA,NA,NA,NA,NA,NA,NA,NA,NA,NA,NA
"2023-07-13_CRC_TR_316_238",2023-07-13,"Jul","CRC","TR",316,238,2023-07-13 11:06:03,7794.97316337585,3.36013590761985,9.79688802048257e-137,0.649078821468065,170.566035321809,5530.42080430562,3.33965613346521,0.0121335718654878,912.649071624923,2.07532560218789,0,0.992246193168811,25.3539280639136,5320.5217504491,0.994590890322584,21.2121898976436,5535.74147814432,TRUE,3.3140279202022,0.0119346056177666,21.3553932723205,2023-07-13 11:06:03,2023-07-13 11:10:59,370.37436,TRUE,FALSE,TRUE,FALSE,FALSE,FALSE,FALSE,FALSE,NA,NA,NA,NA,NA,2545.44351175483,0.298909586262491,0.00098350652806792,5413.77856639481,0.16821891362624,0,0.993631722758193,2.05510413911583,2464.01593758071,0.994484780130959,1.91575124195611,2558.93277839601,TRUE,0.301908672612673,0.000807234994504014,1.45587402627713,TRUE,FALSE,TRUE,FALSE,FALSE,FALSE,FALSE
"2023-07-13_CRC_TR_327_233",2023-07-13,"Jul","CRC","TR",327,233,2023-07-13 10:48:00,4047.51202319385,2.52386911624945,1.10949190696611e-83,0.650272537032398,66.4904369890405,2188.32593634367,2.15563311048898,0.00509913238076616,981.020611210043,0.527708879143532,0,0.998000797447866,5.02716011014397,1890.66923276606,0.999135139373616,3.31576616686066,2192.77655776592,TRUE,2.16426350260951,0.00495971270371229,4.68589713187548,2023-07-13 10:48:00,2023-07-13 10:50:59,369.57974,TRUE,FALSE,TRUE,FALSE,FALSE,FALSE,FALSE,FALSE,1268.494686685,0.0910374757873243,1.39536579044474e-92,0.688057475014459,1.40117592702598,814.910830506379,0.0459675884469339,0.000756955678231965,5430.44338780947,0.0783372940125754,1.37011186269056e-190,0.911512278701602,0.746271543195931,400.292986629927,0.972338641040236,0.418416349662348,815.151386847321,TRUE,0.0462719634493331,0.00078628986412175,0.911937947233825,TRUE,TRUE,TRUE,FALSE,FALSE,FALSE,FALSE
"2023-07-13_CRC_TR_327_239",2023-07-13,"Jul","CRC","TR",327,239,2023-07-13 10:53:00,4047.49010724593,2.16262234145944,4.47181011442337e-81,0.638371540745461,66.4884131296288,1830.46706936067,2.12111176383591,0.00310199111260338,1045.53122759842,0.321024858919072,0,0.999234923919409,3.05820771434017,1763.3101606369,0.999372140006801,2.7781941157726,1830.59343386565,TRUE,2.12007244177851,0.00314381886928731,3.4159282007248,2023-07-13 10:53:00,2023-07-13 10:55:59,395.98041,TRUE,FALSE,TRUE,FALSE,FALSE,FALSE,FALSE,FALSE,NA,NA,NA,NA,NA,424.606884634351,0.0960993447826664,0.000440194154045759,5424.3895223235,0.0455556644328814,0,0.992544433082053,0.433980984742528,252.139312931406,0.995433380153683,0.340599737445716,424.767089190654,TRUE,0.0959325991726589,0.000442034806378281,0.416414208981063,TRUE,FALSE,TRUE,FALSE,FALSE,FALSE,FALSE
"2023-07-13_CRC_UP_301_225",2023-07-13,"Jul","CRC","UP",301,225,2023-07-13 14:18:00,2532.01097184913,1.71271402435168,8.39428907635174e-64,0.697926089083444,46.888312766297,1582.12935724372,1.22269246458075,0.00603820823869969,1078.89150326322,0.834063600274354,2.00729361043576e-268,0.994229079125748,6.4808289024074,1293.54453554756,0.998294721840253,3.53783918719056,1598.07272963201,TRUE,1.20071413484101,0.00412736906908539,4.21075631638219,2023-07-13 14:18:00,2023-07-13 14:21:59,404.21005,TRUE,FALSE,TRUE,FALSE,FALSE,FALSE,FALSE,FALSE,918.330004905426,-0.132311195528276,3.74409341146785e-70,0.732801221590114,1.62569123683763,923.449509232915,-0.0385448255123054,0.00153090281319053,5737.38087545635,0.211465100500541,4.75842569434523e-69,0.727040307472435,1.64312306006832,864.723415459756,0.789819767252303,1.44793558599121,935.364440739263,TRUE,-0.0339377855623483,0.00113765748319024,1.19583345216677,TRUE,TRUE,TRUE,TRUE,FALSE,FALSE,FALSE
"2023-07-13_CRC_UP_302_226",2023-07-13,"Jul","CRC","UP",302,226,2023-07-13 14:25:00,1744.62208030983,1.13767880186916,4.43526999306733e-42,0.646766736848919,30.4520676732151,1173.3374828319,0.973309592946445,0.00893557942975432,994.795477730206,0.924742535251683,7.62588756825103e-165,0.985219254980757,6.22922692535693,795.597039880581,0.998227226830564,2.16953290751491,1177.14154007634,TRUE,0.988164423511796,0.00820965294078869,6.624259738744,2023-07-13 14:25:00,2023-07-13 14:27:59,381.16769,TRUE,FALSE,TRUE,FALSE,FALSE,FALSE,FALSE,FALSE,NA,NA,NA,NA,NA,NA,NA,NA,NA,NA,NA,NA,NA,NA,NA,NA,NA,NA,NA,NA,NA,NA,NA,NA,NA,NA,NA,NA
"2023-07-13_CRC_UP_304_227",2023-07-13,"Jul","CRC","UP",304,227,2023-07-13 14:31:40,2394.90957034129,3.02505384021193,3.64618429761834e-48,0.657332283941806,92.6308860517449,1189.23544654459,2.72743293107247,0.00564179844099779,1064.67044318969,0.647680534386844,1.85475529597656e-307,0.999149233444233,4.6155602861538,724.907658145339,0.99991722312157,1.44699546782154,1189.60752754108,TRUE,2.7251117022318,0.00585830946427305,5.64459358406242,2023-07-13 14:31:40,2023-07-13 14:34:59,402.83856,TRUE,FALSE,TRUE,FALSE,FALSE,FALSE,FALSE,FALSE,NA,NA,NA,NA,NA,NA,NA,NA,NA,NA,NA,NA,NA,NA,NA,NA,NA,NA,NA,NA,NA,NA,NA,NA,NA,NA,NA,NA
"2023-07-13_CRC_UP_305_228",2023-07-13,"Jul","CRC","UP",305,228,2023-07-13 14:38:40,1619.90337885486,3.02360614201278,1.32701440418934e-30,0.617661211259034,77.6488294113164,600.460745211466,3.08462800828742,0.00425928116903238,1035.63884305368,0.342428723419742,6.50830964552968e-249,0.99973695390615,2.03669811517505,519.474272940719,0.999856650880772,1.51453159058084,600.73095422102,TRUE,3.08682420623204,0.00424793321824655,2.18765701476099,2023-07-13 14:38:40,2023-07-13 14:40:59,397.55798,TRUE,FALSE,TRUE,FALSE,FALSE,FALSE,FALSE,FALSE,571.609717823289,0.0962737151949457,8.97429911267573e-33,0.644261683892971,1.83728794623,134.17055003548,0.0750825078701155,0.000805556674650621,5559.14987023667,0.0647634501681726,1.70166671573577e-126,0.984363156238139,0.385200153691738,128.520267674045,0.985404703475597,0.374876704713961,134.783348300332,TRUE,0.0744932949152299,0.000805658568518969,0.324221092411915,TRUE,TRUE,TRUE,FALSE,FALSE,FALSE,FALSE
"2023-07-13_CRC_UP_306_229",2023-07-13,"Jul","CRC","UP",306,229,2023-07-13 14:45:00,NA,NA,NA,NA,NA,707.62349590129,0.43329721304127,0.0024507424813404,999.870361218438,0.253627180336758,6.19929601836057e-202,0.994337899653103,1.7084769008988,689.549501456264,0.994991374095437,1.61597000516527,709.741976594231,TRUE,0.436428288902061,0.00221304294317905,1.37979330433946,2023-07-13 14:45:00,2023-07-13 14:47:59,384.11359,TRUE,FALSE,TRUE,FALSE,FALSE,FALSE,FALSE,FALSE,NA,NA,NA,NA,NA,NA,NA,NA,NA,NA,NA,NA,NA,NA,NA,NA,NA,NA,NA,NA,NA,NA,NA,NA,NA,NA,NA,NA
"2023-07-13_CRC_UP_307_230",2023-07-13,"Jul","CRC","UP",307,230,2023-07-13 14:53:00,2688.6106226352,2.91562038484517,4.94966284539822e-71,0.737299512367171,64.9759838324563,2054.77170121734,1.80502466071792,0.016163875884306,1048.77642840998,2.23273195979663,1.3922189214959e-207,0.981272012794441,17.3487415247698,1207.92520618732,0.999459453536824,2.95986168393481,2074.80091366802,TRUE,1.74189794081868,0.0138218864310116,13.1349931521738,2023-07-13 14:53:00,2023-07-13 14:56:59,380.29929,TRUE,FALSE,TRUE,FALSE,FALSE,FALSE,FALSE,FALSE,NA,NA,NA,NA,NA,1531.26324340538,0.0939029537075857,0.00543107043599986,5608.12004165098,0.750199062722146,6.16865074457862e-44,0.556749543930722,5.82918588780204,1371.97839391057,0.775521163261541,4.16584865375399,1531.67444922265,TRUE,0.0968831392856517,0.00662126778843433,5.83575262147543,FALSE,FALSE,TRUE,FALSE,FALSE,FALSE,FALSE
"2023-07-13_CRC_UP_307_241",2023-07-13,"Jul","CRC","UP",307,241,2023-07-13 15:02:00,2033.56460695358,1.94609807042933,7.79998809834892e-38,0.605902466722208,67.9499921654764,1557.76053713475,2.04226811813129,0.0259944437551117,1026.4380975001,2.69016329713497,4.1630209054354e-140,0.971970921711059,18.1214089384991,1453.58647861465,0.984632183425649,13.4942050174159,1559.82829544007,TRUE,2.0357755623883,0.0215666996705561,12.958978043876,2023-07-13 15:02:00,2023-07-13 15:04:59,403.23648,TRUE,FALSE,TRUE,FALSE,FALSE,FALSE,FALSE,FALSE,NA,NA,NA,NA,NA,NA,NA,NA,NA,NA,NA,NA,NA,NA,NA,NA,NA,NA,NA,NA,NA,NA,NA,NA,NA,NA,NA,NA
"2023-07-13_CRC_UP_308_231",2023-07-13,"Jul","CRC","UP",308,231,2023-07-13 14:05:30,1133.67093123921,0.626212327023949,1.09538100391451e-35,0.651402991727401,10.4507744017116,681.591115541246,0.40256116809057,0.00436675970389144,991.703960618602,0.376281093281998,1.23806994255725e-132,0.982883359603371,2.31577258549689,559.407474958643,0.992619607345669,1.53101980541338,681.922728227971,TRUE,0.404956347983282,0.00478367027552503,2.270249364313,2023-07-13 14:05:30,2023-07-13 14:07:59,376.32339,TRUE,FALSE,TRUE,FALSE,FALSE,FALSE,FALSE,FALSE,NA,NA,NA,NA,NA,763.452327545251,-0.155294929919996,0.00573674487329123,5663.12378974808,0.494331902641279,3.41984951934292e-59,0.831970298523539,3.04230079244313,599.078896216197,0.945311622150943,1.74747541037375,763.498612357513,TRUE,-0.156508893641078,0.00622573661729651,3.53715682771224,TRUE,FALSE,TRUE,TRUE,FALSE,FALSE,FALSE
"2023-07-13_CRC_UP_308_240",2023-07-13,"Jul","CRC","UP",308,240,2023-07-13 14:11:00,1409.10258768726,0.40975704865525,1.96316237719714e-44,0.667578926263475,11.9909872501835,794.359668004453,0.395843559993765,0.00311841494927125,996.539217800189,0.322724560709896,1.59312618795153e-176,0.9890737951679,2.17392890065442,635.287609488455,0.995584115576706,1.38986680815218,794.439714382149,TRUE,0.39513941172466,0.00325920276288324,2.06655676165662,2023-07-13 14:11:00,2023-07-13 14:13:59,378.74371,TRUE,FALSE,TRUE,FALSE,FALSE,FALSE,FALSE,FALSE,NA,NA,NA,NA,NA,NA,NA,NA,NA,NA,NA,NA,NA,NA,NA,NA,NA,NA,NA,NA,NA,NA,NA,NA,NA,NA,NA,NA
"2023-07-25_OWC_TR_120_250",2023-07-25,"Jul","OWC","TR",120,250,2023-07-25 12:57:30,5284.85344646671,3.83050915152627,2.97275752773562e-98,0.653529509644349,130.034194073492,2378.32538969832,3.63487837274295,0.0032891528992302,1161.23737109413,0.397364066887957,0,0.999657850412427,4.08632077288301,1332.3351750487,0.999971913997222,1.17357510372658,2379.48246969215,TRUE,3.63273113084981,0.00329589809409681,4.83990887945913,2023-07-25 12:57:30,2023-07-25 13:00:59,447.25168,TRUE,FALSE,TRUE,FALSE,FALSE,FALSE,FALSE,FALSE,NA,NA,NA,NA,NA,112.732670997977,0.103059300801182,0.000221683600929355,5501.00858375153,0.0267816972717419,0,0.998069677404318,0.275411430005927,95.1968626545601,0.998166161331744,0.269084729020751,113.443521666453,TRUE,0.103244119006844,0.000212831917259434,0.250445436181711,TRUE,FALSE,TRUE,FALSE,FALSE,FALSE,FALSE
"2023-07-25_OWC_TR_121_251",2023-07-25,"Jul","OWC","TR",121,251,2023-07-25 13:03:50,3519.53857810343,2.13246910913923,4.92158759100155e-71,0.632143270586486,58.7975567157918,1382.51005082494,2.09188163800057,0.00252410627630242,1109.33543334613,0.232073694046987,0,0.999537227917089,2.08546786907673,1263.98792160194,0.999684438681176,1.72755477772043,1382.89415442533,TRUE,2.09079484751266,0.00254463796302746,2.11522588726283,2023-07-25 13:03:50,2023-07-25 13:06:29,429.01602,TRUE,FALSE,TRUE,FALSE,FALSE,FALSE,FALSE,FALSE,1986.52475798357,0.195437141742086,2.03110941412418e-69,0.623451288335101,5.35894007138161,390.937587124632,0.188246410077127,0.000536094448021633,5497.53543135079,0.0492900873780619,0,0.997427604643409,0.442932120820728,363.036200392638,0.997671683028714,0.422726416372033,392.804857240083,TRUE,0.188930616210193,0.000490140455591967,0.389659807117501,TRUE,FALSE,TRUE,FALSE,FALSE,FALSE,FALSE
"2023-07-25_OWC_TR_122_252",2023-07-25,"Jul","OWC","TR",122,252,2023-07-25 13:19:50,5173.03484978413,2.5276693540064,3.38087767253043e-103,0.65473058950795,86.0535594048573,3041.55185512417,2.29763921373269,0.00573182594650453,1171.8008529719,0.725557250580797,0,0.997281594544136,7.63566565482035,2582.38287884008,0.99905125126664,4.52125708304581,3042.468408161,TRUE,2.29936373487547,0.00623567064640443,7.89741945842698,2023-07-25 13:19:50,2023-07-25 13:23:29,452.78824,TRUE,FALSE,TRUE,FALSE,FALSE,FALSE,FALSE,FALSE,NA,NA,NA,NA,NA,1176.583291818,0.095391536665938,0.000688494248836428,5508.52588701544,0.0871523313667763,0,0.977692176768885,0.917179261625629,972.208984291332,0.986107356397218,0.72545735314657,1177.9157410249,TRUE,0.0950294781139819,0.00070388716309412,0.84961725114607,TRUE,FALSE,TRUE,FALSE,FALSE,FALSE,FALSE
"2023-07-25_OWC_TR_123_253",2023-07-25,"Jul","OWC","TR",123,253,2023-07-25 13:53:00,NA,NA,NA,NA,NA,1499.64509168348,1.13884865614704,0.0101699604600835,1137.41545042514,0.700190268367647,7.26591075707538e-208,0.981374067014074,5.45758399082116,1276.91552632483,0.992758355410216,3.41737383796047,1530.63049095172,TRUE,1.1873323525994,0.00645103311762106,3.35786701752556,2023-07-25 13:53:00,2023-07-25 13:54:59,437.08975,TRUE,FALSE,TRUE,FALSE,FALSE,FALSE,FALSE,FALSE,1522.89044740154,0.399983433719846,1.15961981338793e-50,0.610689961177412,5.72838719185447,729.797255357466,0.262038821632464,0.00204539037386546,5631.68452214089,0.14082281247942,1.50877205313927e-221,0.985706268646189,1.09763354569583,645.047256523277,0.990124771868153,0.916200679124194,735.173314468995,TRUE,0.265997677807193,0.00127387967274653,0.744348493807134,TRUE,FALSE,TRUE,FALSE,FALSE,FALSE,FALSE
"2023-07-25_OWC_TR_124_254",2023-07-25,"Jul","OWC","TR",124,254,2023-07-25 13:25:00,2540.28937963543,4.65342433809857,8.92978532841311e-47,0.612566890582332,77.1210525683348,1739.1188815075,3.86448128694154,0.0265091523850888,1058.70789363229,1.67207411162294,2.86717095135849e-219,0.989846087180751,12.4850790768184,1681.33068145244,0.992332399870741,10.8994775578316,1739.76921843452,TRUE,3.85162856775129,0.0262863418957039,13.5423334106189,2023-07-25 13:25:00,2023-07-25 13:26:49,410.15131,TRUE,FALSE,TRUE,FALSE,FALSE,FALSE,FALSE,FALSE,1209.77009498436,0.322781149720259,6.70242520308026e-46,0.605356820501643,3.74892388028067,888.738784474978,0.178298137195467,0.00383744970898359,5510.50224552563,0.242048490266166,4.59071272139094e-115,0.908279236334159,1.80733289295675,850.176124229385,0.924413163584923,1.6482716063068,888.880152594126,TRUE,0.176871616186342,0.00363099964057881,1.45890176669824,TRUE,TRUE,TRUE,FALSE,FALSE,FALSE,FALSE
"2023-07-25_OWC_TR_126_255",2023-07-25,"Jul","OWC","TR",126,255,2023-07-25 13:36:50,3892.69364897661,1.93211614853018,1.73894767883356e-83,0.649394757845382,53.6259242697229,2628.25310443413,1.7290114983069,0.00939408616137383,1079.96153450629,0.972193367149157,0,0.989542430415119,9.26149228834459,2432.86180871116,0.993989779912847,7.04088563389236,2629.59018304473,TRUE,1.73967011226841,0.00963016965856456,9.05573523363977,2023-07-25 13:36:50,2023-07-25 13:39:49,414.43677,TRUE,FALSE,TRUE,FALSE,FALSE,FALSE,FALSE,FALSE,4252.68467142636,3.13827354273708,6.40183878244e-84,0.651343689204302,88.4130995905683,2355.60266144037,2.87106506784294,0.00643273108220817,5543.03723832609,0.665722922203048,0,0.998206059845824,6.3419355845202,2176.16377526107,0.998922264648733,4.92935878680939,2355.66040477223,TRUE,2.86955880135834,0.00669215461521822,7.87933894316991,TRUE,FALSE,TRUE,FALSE,FALSE,FALSE,FALSE
"2023-07-25_OWC_TR_127_256",2023-07-25,"Jul","OWC","TR",127,256,2023-07-25 13:46:00,NA,NA,NA,NA,NA,1910.57549343125,1.39381799525922,0.00774000818496931,1148.00716579674,0.666951913854216,4.020406412306e-306,0.990894280017933,5.8048771371572,1862.75632391047,0.992338772488596,5.34253459422955,1914.07780117493,TRUE,1.37950560086568,0.00746602368123919,5.07303461456524,2023-07-25 13:46:00,2023-07-25 13:48:29,443.35272,TRUE,FALSE,TRUE,FALSE,FALSE,FALSE,FALSE,FALSE,NA,NA,NA,NA,NA,685.339254147229,0.177021609656168,0.00100435178793093,5644.49884591,0.0865443977752194,2.27575824014497e-303,0.990498563781558,0.753247101565737,529.170708508146,0.994429149050671,0.578716528801547,692.195719756387,TRUE,0.178141477069395,0.000873528250668707,0.614078137972074,TRUE,FALSE,TRUE,FALSE,FALSE,FALSE,FALSE
"2023-07-25_OWC_TR_128_257",2023-07-25,"Jul","OWC","TR",128,257,2023-07-25 12:44:50,5414.09248599172,3.52283723395936,1.36992232524343e-101,0.653923998164855,123.210248922941,3034.40752144256,3.28836148362163,0.00600462872779386,1212.13707099124,0.764315444248185,0,0.998561625969966,7.9432276456292,2951.20125665082,0.998823460814088,7.20065388982054,3035.67653916026,TRUE,3.28476715662823,0.00309404614112222,4.53667063150958,2023-07-25 12:44:50,2023-07-25 12:48:29,466.04102,TRUE,FALSE,TRUE,FALSE,FALSE,FALSE,FALSE,FALSE,4729.7291790386,1.36571432026236,3.77577502254701e-82,0.574358985649546,56.0057994719249,4142.96851194088,1.27235081046062,0.0215348946124054,5549.57168248106,2.7411274349623,4.53155007807757e-209,0.889875317873063,28.4874515953325,4145.09109669468,0.890350670909877,28.4919321403232,4146.68763216505,TRUE,1.24687095507539,0.00141210193011642,1.91005517006167,TRUE,FALSE,TRUE,FALSE,FALSE,FALSE,FALSE
"2023-07-25_OWC_UP_101_242",2023-07-25,"Jul","OWC","UP",101,242,2023-07-25 15:18:00,NA,NA,NA,NA,NA,2919.28006531165,2.82973359120409,0.00626277711687195,945.886922041061,0.756608969365794,0,0.9979567063074,7.78064049092998,2645.19032816265,0.998946155781116,5.60118137522704,2942.91428419814,TRUE,2.85708878340632,0.00286027840558264,3.20642220100426,2023-07-25 15:18:00,2023-07-25 15:21:29,381.38138,TRUE,FALSE,TRUE,FALSE,FALSE,FALSE,FALSE,FALSE,1264.74201863629,0.0355406488978941,4.92617305222548e-94,0.63706553331442,1.08540209120196,277.655516279228,0.0291318910110122,0.000269774888465036,5617.31510966996,0.0325916277257287,1.90708611461304e-307,0.965394372012749,0.335158250318762,271.92527523896,0.966186873440167,0.3320937388976,279.111521439629,TRUE,0.0288298305183497,0.000263024468505184,0.30224454191458,TRUE,TRUE,TRUE,FALSE,FALSE,FALSE,FALSE
"2023-07-25_OWC_UP_102_243",2023-07-25,"Jul","OWC","UP",102,243,2023-07-25 15:25:00,4168.96166031172,2.77219981240185,3.53931692952553e-84,0.652494448344529,78.7074791198811,2066.02883868941,2.5611258839444,0.00430257346435469,1059.61842566393,0.445273048582074,0,0.998990656034399,4.24184431307467,1061.7733699884,0.999938665270976,1.04858796543807,2067.48967019482,TRUE,2.55759952186495,0.0044159749312072,4.8635037845724,2023-07-25 15:25:00,2023-07-25 15:27:59,407.14822,TRUE,FALSE,TRUE,FALSE,FALSE,FALSE,FALSE,FALSE,NA,NA,NA,NA,NA,424.942692188681,0.0479162096072441,0.000440399508211537,5636.93177388417,0.0455769165221699,2.21055797678287e-276,0.970645649367788,0.434183440414113,192.018196056663,0.98479966955063,0.313314176580875,436.270509572583,TRUE,0.0490854782360014,0.000384853502004056,0.359663581769695,TRUE,FALSE,TRUE,FALSE,FALSE,FALSE,FALSE
"2023-07-25_OWC_UP_103_244",2023-07-25,"Jul","OWC","UP",103,244,2023-07-25 15:37:00,NA,NA,NA,NA,NA,2603.89884698713,3.92555733217696,0.00430238656689519,946.266294680459,0.519773289939095,0,0.999498149357124,5.34512445602372,2492.14954020621,0.999619034445197,4.66825864562224,2618.10461087811,TRUE,3.94021602694241,0.00228231409820107,2.78359878519436,2023-07-25 15:37:00,2023-07-25 15:40:29,379.91876,TRUE,FALSE,TRUE,FALSE,FALSE,FALSE,FALSE,FALSE,2403.63765794642,0.13059722814188,4.97914545492606e-99,0.656475316105399,4.21133058559744,223.436411634266,0.118131157999068,0.000252911926536389,5694.65307297002,0.0305544055785575,0,0.998087705900226,0.314208335938832,194.507699162514,0.998231906364069,0.302854803442336,225.87758685458,TRUE,0.117788550217235,0.000239781356785643,0.301592007573108,TRUE,TRUE,TRUE,FALSE,FALSE,FALSE,FALSE
"2023-07-25_OWC_UP_104_245",2023-07-25,"Jul","OWC","UP",104,245,2023-07-25 15:51:00,NA,NA,NA,NA,NA,1717.23189993164,1.20684532733025,0.00149722589862859,989.435624614264,0.180880545950988,0,0.999357063024186,1.86009756271785,1658.46930937786,0.999446306123695,1.73032569855108,1728.55642807004,TRUE,1.21125935324377,0.00103596493141451,1.31578348522519,2023-07-25 15:51:00,2023-07-25 15:54:29,388.16589,TRUE,FALSE,TRUE,FALSE,FALSE,FALSE,FALSE,FALSE,947.042890366776,0.0375441848629533,2.6256363490139e-99,0.657524243563781,0.743592032000643,144.279891148814,0.0203738755619052,0.000230167512421127,5718.19161656232,0.027806642501341,7.11659679208797e-273,0.94935399278237,0.285951524925881,135.892497626029,0.950825922594797,0.282442076964285,144.3707502547,TRUE,0.0203086779312948,0.000218700247379243,0.270468004096912,TRUE,TRUE,TRUE,FALSE,FALSE,FALSE,FALSE
"2023-07-25_OWC_UP_105_246",2023-07-25,"Jul","OWC","UP",105,246,2023-07-25 15:58:00,3475.05635094489,3.56053810067411,2.08078193273015e-69,0.647318043065112,78.7412016022992,1853.07826433023,3.0494606975197,0.00703272341580928,1193.65283417041,0.606005604863577,0,0.998417551933833,5.27442534849764,937.158513372837,0.999926275942838,1.14229245188743,1854.8014666036,TRUE,3.0445078901113,0.00726245437634453,5.73422973028192,2023-07-25 15:58:00,2023-07-25 16:00:29,457.24924,TRUE,FALSE,TRUE,FALSE,FALSE,FALSE,FALSE,FALSE,NA,NA,NA,NA,NA,149.224159855539,0.0311258898728186,0.000410991473325052,5689.59433460086,0.0354148914524687,1.0662158120691e-196,0.950609817611629,0.308236755059789,59.5747251197018,0.963853255655863,0.264582416889933,150.070998611032,TRUE,0.0314441663828304,0.000402652800787494,0.320883503456174,TRUE,FALSE,TRUE,FALSE,FALSE,FALSE,FALSE
"2023-07-25_OWC_UP_106_247",2023-07-25,"Jul","OWC","UP",106,247,2023-07-25 16:04:23,953.608994082403,3.21702009620755,1.0433361023685e-19,0.570913524962985,27.9162174584248,344.081321602497,2.92209696118845,0.00918314716150725,1205.81714964456,0.26111484075428,1.5488671033143e-149,0.999033059438834,1.32520800028699,337.470062269594,0.999130407741862,1.26975348509295,345.196614313442,TRUE,2.91711973229981,0.00950612343369304,1.16429759628276,2023-07-25 16:04:23,2023-07-25 16:05:12,465.06973,TRUE,FALSE,TRUE,FALSE,FALSE,FALSE,FALSE,FALSE,87.3695374032579,0.118566833087787,3.28195187864838e-19,0.560836836323228,0.36714827533708,121.348004780686,0.0235246443876173,0.0030153122484915,5719.89317562217,0.0857377937804994,6.70257713263016e-12,0.383131613571707,0.435135781316219,86.9935546331915,0.579640125868684,0.36292475134422,125.665408653904,TRUE,0.0172883457679029,0.00244884237303628,0.313624653350741,TRUE,TRUE,TRUE,FALSE,FALSE,FALSE,FALSE
"2023-07-25_OWC_UP_107_248",2023-07-25,"Jul","OWC","UP",107,248,2023-07-25 15:31:30,4104.30929308835,2.47855359628733,8.96500798932595e-83,0.646172526219628,71.9479707786728,1632.30126384949,2.32090726748543,0.00235564344279051,1060.40657943393,0.243785387009312,0,0.9996313396568,2.3223944516497,1094.5839448318,0.999918132227897,1.09747787590858,1634.81645257995,TRUE,2.31871815586889,0.00240072649164415,2.40659583863168,2023-07-25 15:31:30,2023-07-25 15:34:29,407.91025,TRUE,FALSE,TRUE,FALSE,FALSE,FALSE,FALSE,FALSE,NA,NA,NA,NA,NA,105.061004102644,0.0388795914360903,0.000282421932092437,5680.93039793128,0.029227827422605,4.17123465795677e-312,0.981460026994773,0.278435656348181,108.82277559252,0.981472291686679,0.27912431360618,105.373600508403,TRUE,0.0387374890268777,0.00029268381495419,0.271319708028581,TRUE,FALSE,TRUE,FALSE,FALSE,FALSE,FALSE
"2023-07-25_OWC_UP_108_249",2023-07-25,"Jul","OWC","UP",108,249,2023-07-25 15:45:00,4161.20097294268,1.08680747457254,6.88414153416414e-98,0.652136406216031,34.1279238732951,2038.41934330948,0.951179529820583,0.00219455655039464,999.550983895371,0.265125381092656,0,0.997779863998974,2.72643513204963,2014.37296444205,0.99792327659998,2.64323747809626,2038.7301889663,TRUE,0.95234979796077,0.00130214709265707,1.53973126343607,2023-07-25 15:45:00,2023-07-25 15:48:29,383.42346,TRUE,FALSE,TRUE,FALSE,FALSE,FALSE,FALSE,FALSE,1208.22339690189,0.0817869794074832,1.02299873159987e-91,0.627693341695759,1.01477451572246,942.195846569026,0.024516044060753,0.000595086816885669,5732.04329081226,0.0718927106625058,2.91640166077607e-149,0.802385347360222,0.739313645795506,944.861215049731,0.803012309600044,0.739912169435432,942.469276354576,TRUE,0.0247697967208002,0.000273942559572434,0.337981685202037,TRUE,TRUE,TRUE,FALSE,FALSE,FALSE,FALSE
"2023-07-27_PTR_TR_1_266",2023-07-27,"Jul","PTR","TR",1,266,2023-07-27 10:35:50,3968.29265775363,2.27642645639436,4.04161254573614e-84,0.652237093325293,59.5628010764327,2442.9617971331,1.93354631975002,0.00726255228600974,1017.45537759825,0.751601064727731,0,0.994974671743274,7.16004418472801,2240.7897068759,0.997165712661619,5.39227381709067,2445.66286548276,TRUE,1.94084205095576,0.00743257864604927,7.33892633696507,2023-07-27 10:35:50,2023-07-27 10:38:49,389.01309,TRUE,FALSE,TRUE,FALSE,FALSE,FALSE,FALSE,FALSE,357.522038302984,0.0070842924673779,0.500967740940948,0.00126600975157425,0.395372090001275,355.450198406873,-0.000635129444557445,0.000399880173383329,5369.37056757017,0.0413835731905692,0.113101394660332,0.00699732654645523,0.394236020239992,218.376480148906,0.328937741891049,0.324996747328976,355.647005842417,TRUE,-0.000580865525791088,0.000412426841514308,0.398175532102601,TRUE,TRUE,TRUE,TRUE,FALSE,FALSE,FALSE
"2023-07-27_PTR_TR_2_267",2023-07-27,"Jul","PTR","TR",2,267,2023-07-27 10:41:50,4620.04378286643,4.95451494968872,3.39572793962281e-82,0.643534243250257,147.266096726946,1987.70246800022,4.73322643130907,0.00385907183692429,1104.47157533081,0.399375093943276,0,0.999762080054828,3.80460253864812,1599.12660074157,0.999920046458711,2.21171536099456,2009.33272165433,TRUE,4.71665533483548,0.00312115450585964,2.43808070175214,2023-07-27 10:41:50,2023-07-27 10:44:49,422.85849,TRUE,FALSE,TRUE,FALSE,FALSE,FALSE,FALSE,FALSE,NA,NA,NA,NA,NA,183.563746732067,0.00739049292065177,0.000314956253941621,5388.15921431906,0.0325948022792469,2.12776860654259e-74,0.605992802847822,0.310510768896294,146.205812967715,0.648754283108936,0.293999520477801,183.648264553747,TRUE,0.00747017138291915,0.000293791667853043,0.283880776648444,TRUE,FALSE,TRUE,FALSE,FALSE,FALSE,FALSE
"2023-07-27_PTR_TR_3_268",2023-07-27,"Jul","PTR","TR",3,268,2023-07-27 10:46:00,NA,NA,NA,NA,NA,1887.25145947415,2.2936807106581,0.00335654243915213,974.931430332353,0.347368359182808,0,0.999233929815624,3.30916614790368,1494.31183222607,0.999745662095811,1.91208128828613,1887.25650746695,TRUE,2.29355749755362,0.00348670248608615,4.14876447056058,2023-07-27 10:46:00,2023-07-27 10:48:59,378.02075,TRUE,FALSE,TRUE,FALSE,FALSE,FALSE,FALSE,FALSE,619.681085047792,0.0137296019467324,1.63247814014964e-66,0.564018816689154,0.569032248715721,187.206257754248,0.0154167386898565,0.000316553668488133,5380.49786058823,0.0327601186069906,5.37992371479871e-160,0.868858076773654,0.312085636557679,188.30818241285,0.869909558697948,0.311703884633588,187.308371996048,TRUE,0.015381911850609,0.000313818494374981,0.311740176511651,TRUE,TRUE,TRUE,FALSE,FALSE,FALSE,FALSE
"2023-07-27_PTR_TR_6_263",2023-07-27,"Jul","PTR","TR",6,263,2023-07-27 10:17:00,4431.88412124213,4.05974349738909,5.86219181642844e-84,0.651514919941382,113.398511921594,2179.00973268831,3.68540630896921,0.00503357884993551,1090.93763426695,0.520924748492398,0,0.999332615538616,4.96253184190877,1512.79099171208,0.999896284916406,1.96179099272503,2187.41596480027,TRUE,3.67133393032795,0.00457739833379438,3.75720165028822,2023-07-27 10:17:00,2023-07-27 10:19:59,413.01785,TRUE,FALSE,TRUE,FALSE,FALSE,FALSE,FALSE,FALSE,437.594414995563,0.0154415302472377,3.19774683318233e-68,0.573473714724557,0.44188026680367,73.9536848792856,0.0119341080914991,0.000270479837005617,5425.12805585503,0.0279919407771314,7.88014312749804e-147,0.84466860668254,0.266662119289512,62.6621109199462,0.851128389249654,0.261790670484166,73.9542122098648,TRUE,0.011932525034465,0.000284212391772782,0.303894715927538,TRUE,TRUE,TRUE,FALSE,FALSE,FALSE,FALSE
"2023-07-27_PTR_TR_7_270",2023-07-27,"Jul","PTR","TR",7,270,2023-07-27 10:22:30,4217.93926374623,3.63607714942147,5.40620731686905e-90,0.677510752035908,84.247814935465,3028.34616089476,2.83027949789153,0.0163751535759376,1068.44013589555,1.69466358079977,0,0.988158095017154,16.1440246511243,2887.82539788571,0.992073608036507,13.2451021677687,3036.43568857441,TRUE,2.78982841675259,0.0160249808023865,12.5457754299504,2023-07-27 10:22:30,2023-07-27 10:25:29,396.82004,TRUE,FALSE,TRUE,FALSE,FALSE,FALSE,FALSE,FALSE,NA,NA,NA,NA,NA,557.191165321259,0.00786337092022224,0.000529196978714578,5425.37974469055,0.0547665609814298,3.05912145546688e-39,0.381470089513735,0.521727569152245,143.770014439204,0.806003066257341,0.293006584891702,557.207610758644,TRUE,0.00791965975894039,0.000547017464780912,0.617383103436771,TRUE,FALSE,TRUE,FALSE,FALSE,FALSE,FALSE
"2023-07-27_PTR_TR_7_271",2023-07-27,"Jul","PTR","TR",7,271,2023-07-27 10:28:00,5638.21232583657,5.05832831877759,5.5978737408241e-142,0.740144319447623,85.6301115653066,4876.00568848217,2.35444587058795,0.0255020044226142,1125.30181464942,3.52261677340207,7.47062520540422e-307,0.946898992185904,38.7089850402007,4133.7891174241,0.988781344623496,17.8295867720545,4876.00580188832,TRUE,2.35421141381326,0.025597190161394,54.1736603516498,2023-07-27 10:28:00,2023-07-27 10:31:59,403.65402,TRUE,FALSE,TRUE,FALSE,FALSE,FALSE,FALSE,FALSE,NA,NA,NA,NA,NA,2775.76692481655,-0.117533766783285,0.00286053406019185,5413.49617769161,0.39512836302327,5.83254626071685e-159,0.779339926068122,4.34194772724458,2574.31073915839,0.856176094862147,3.51276196122541,2775.95694867441,TRUE,-0.116302511513741,0.0029997202396377,3.81260812704078,TRUE,FALSE,TRUE,TRUE,FALSE,FALSE,FALSE
"2023-07-27_PTR_UP_1_258",2023-07-27,"Jul","PTR","UP",1,258,2023-07-27 12:42:00,5693.74672244943,2.46383002550349,2.09090497359881e-115,0.664404652905733,90.7297512674202,2481.34230888727,2.2554221512517,0.00210500119214158,1087.78388059743,0.290765870187594,0,0.999583805710158,3.19513942143142,1753.33778109403,0.999909428213142,1.4936494893015,2488.00348659831,TRUE,2.25037252045717,0.00209490870028445,3.17640573992081,2023-07-27 12:42:00,2023-07-27 12:45:59,417.55243,TRUE,FALSE,TRUE,FALSE,FALSE,FALSE,FALSE,FALSE,951.504948828737,0.0210379988804704,4.94717203338194e-114,0.659937386115325,0.649241929420208,186.298518163521,0.0154726556626674,0.00019275128847516,5371.85302422011,0.0266249236971881,1.41228855857567e-279,0.930941795309342,0.292573345154314,110.038255629381,0.941575179098696,0.269672264601063,186.349324313155,TRUE,0.0154608795841023,0.000206233863337511,0.307316810934589,TRUE,TRUE,TRUE,FALSE,FALSE,FALSE,FALSE
"2023-07-27_PTR_UP_2_259",2023-07-27,"Jul","PTR","UP",2,259,2023-07-27 12:54:00,NA,NA,NA,NA,NA,2260.78029003379,2.39215089405851,0.00197508959704683,977.397808211333,0.261417863097185,0,0.99968787657454,2.81254076267448,2074.69233882878,0.999793528161567,2.29253710373873,2261.33725851212,TRUE,2.39108316556988,0.00203586786662884,2.6211524634776,2023-07-27 12:54:00,2023-07-27 12:57:49,380.09583,TRUE,FALSE,TRUE,FALSE,FALSE,FALSE,FALSE,FALSE,NA,NA,NA,NA,NA,178.920203088006,0.0214985570058797,0.000205506495774596,5434.26952298535,0.0272003199542505,7.46039125220282e-322,0.959830847631439,0.292642620985227,176.632002898269,0.960376223821719,0.291285920085968,178.959600692767,TRUE,0.0215238007117236,0.000219603630409997,0.310736905910129,TRUE,FALSE,TRUE,FALSE,FALSE,FALSE,FALSE
"2023-07-27_PTR_UP_3_260",2023-07-27,"Jul","PTR","UP",3,260,2023-07-27 12:59:00,5848.99321113859,3.50491575296685,2.45273508261742e-106,0.649529494516813,138.978562803879,2361.03018703967,3.52780062565498,0.00220247348964376,946.184896231027,0.291513819956199,0,0.999821515186562,3.1363369426861,1875.51458111109,0.999938419875878,1.84625921697268,2374.64186038278,TRUE,3.53454045689324,0.00207163463327669,2.65495177343676,2023-07-27 12:59:00,2023-07-27 13:02:49,369.71921,TRUE,FALSE,TRUE,FALSE,FALSE,FALSE,FALSE,FALSE,2176.69017710309,0.07254692903605,5.53916894072304e-110,0.662131829987895,2.56686667930436,246.548221604173,0.0661977049689975,0.000221182103249699,5426.75549294457,0.0292751037083743,0,0.994912965656592,0.314964790606967,143.700216579968,0.995967378159319,0.28104362548823,246.946078320588,TRUE,0.0663331886056959,0.000236778189276249,0.323977220282654,TRUE,TRUE,TRUE,FALSE,FALSE,FALSE,FALSE
"2023-07-27_PTR_UP_4_261",2023-07-27,"Jul","PTR","UP",4,261,2023-07-27 13:04:30,4328.29230297956,2.21440746973973,3.17863676976691e-113,0.706157256851179,41.638873128607,3478.74675517996,1.23928578311245,0.01219048207272,981.728384761405,1.47273771762768,6.88139379856658e-297,0.961126326714004,15.1449998377613,2796.59902922157,0.992411513378499,6.70749789168623,3478.74675517996,TRUE,1.23928578311245,0.01219048207272,22.2427251466416,2023-07-27 13:04:30,2023-07-27 13:07:59,373.54529,TRUE,FALSE,TRUE,FALSE,FALSE,FALSE,FALSE,FALSE,1626.95762593833,0.137454908004991,6.04410178652035e-125,0.741723564234996,1.67056111269754,1293.42260616658,0.0508399873018058,0.000904004556172141,5412.66276000398,0.109213204107926,4.59523022292578e-197,0.88326581017528,1.12310151271219,701.339771456488,0.971762394335732,0.553701099042889,1293.42307208668,TRUE,0.0508226594970141,0.000917549375274756,1.51537692397243,TRUE,TRUE,TRUE,FALSE,FALSE,FALSE,FALSE
"2023-07-27_PTR_UP_5_262",2023-07-27,"Jul","PTR","UP",5,262,2023-07-27 12:29:00,7463.4589485926,3.1632882075223,2.93728808235745e-143,0.675186543924381,150.149656307126,4059.91823878875,3.14016816385713,0.0039604801229943,1005.11479436805,0.661394251651015,0,0.999081416621245,7.98484752761316,3749.88670470554,0.999465464044203,6.10166662389835,4062.52720464217,TRUE,3.14289395231448,0.00420835000881967,8.01840326522853,2023-07-27 12:29:00,2023-07-27 12:33:49,384.10428,TRUE,FALSE,TRUE,FALSE,FALSE,FALSE,FALSE,FALSE,NA,NA,NA,NA,NA,2579.45596820681,0.231260032739986,0.00110528661674914,5392.54443364491,0.184581210369006,0,0.986968932985106,2.22840282869056,2186.22721714172,0.993430359452128,1.58499243433787,2579.55110847378,TRUE,0.231531090201368,0.00120169660319949,2.71599994835339,TRUE,FALSE,TRUE,FALSE,FALSE,FALSE,FALSE
"2023-07-27_PTR_UP_6_269",2023-07-27,"Jul","PTR","UP",6,269,2023-07-27 11:02:00,8043.0896133839,4.9057661472416,1.44299335179124e-159,0.70250713940098,196.42989422283,5662.29829931749,4.13991028307219,0.0127340523257619,1104.27737534873,2.20008778728866,0,0.994373966282158,27.0128541819289,4660.08953917913,0.998948318719575,11.6987333686477,5665.70523298614,TRUE,4.12111452725361,0.012064288721294,20.8979017766269,2023-07-27 11:02:00,2023-07-27 11:06:59,400.09732,TRUE,FALSE,TRUE,FALSE,FALSE,FALSE,FALSE,FALSE,2550.72828080131,0.0368526979831187,6.82224258554329e-120,0.596308774940514,2.02048547782857,1087.49537549552,0.0360072104940515,0.000281378067180886,5390.93707408273,0.0486142536074839,0,0.964768915246811,0.596889702060772,543.227741932328,0.985872130692501,0.378614179853179,1087.90507874844,TRUE,0.0359331005374731,0.000292655500955724,0.702892881165368,TRUE,TRUE,TRUE,FALSE,FALSE,FALSE,FALSE
"2023-07-27_PTR_UP_7_264",2023-07-27,"Jul","PTR","UP",7,264,2023-07-27 12:48:30,5080.40595437502,3.12270365277032,5.74368733204517e-98,0.652437352783777,101.942362054011,2684.94975533389,2.84397708301989,0.00473820826412074,985.666113249975,0.572425108614987,0,0.998841092457179,5.88657306276458,2419.70404729654,0.999389564975867,4.28251942327099,2685.49820767885,TRUE,2.84598422348244,0.00483214925705521,6.32729454619137,2023-07-27 12:48:30,2023-07-27 12:51:59,377.51868,TRUE,FALSE,TRUE,FALSE,FALSE,FALSE,FALSE,FALSE,2381.6865225834,0.120310162371771,4.62115982182399e-97,0.648956930444357,4.10270432337343,154.521825359612,0.113854444248966,0.000232991072534125,5414.72326382707,0.0281477580906668,0,0.998252588006304,0.289459410602442,102.30144519392,0.998471513875302,0.271370255303879,154.607727145122,TRUE,0.113913607780393,0.000249744531230587,0.266776385902407,TRUE,TRUE,TRUE,FALSE,FALSE,FALSE,FALSE
"2023-07-27_PTR_UP_8_265",2023-07-27,"Jul","PTR","UP",8,265,2023-07-27 12:36:09,6055.70311444248,4.92105462394598,8.86486457621744e-114,0.671589625453295,164.399251437184,3707.8805636562,4.29470296030809,0.0091309658262597,1061.29225279199,1.21210673224954,0,0.997915974053117,13.0961295498493,2163.21771129157,0.999925973628922,2.47358423057588,3707.99331124884,TRUE,4.29722922357873,0.00951564029876216,17.013875654915,2023-07-27 12:36:09,2023-07-27 12:39:59,379.95712,TRUE,FALSE,TRUE,FALSE,FALSE,FALSE,FALSE,FALSE,1218.53519211973,0.0419515951451152,9.32205026818247e-125,0.705599521498052,0.895684091858503,540.825990171892,0.0238787293638944,0.000300862223019968,5379.05648472973,0.03993850518565,2.40502329637492e-271,0.931669185037228,0.431513021108211,159.557924115574,0.970213903396572,0.285518644961311,540.834184609496,TRUE,0.0238836928287471,0.000320186935100518,0.492390562358423,TRUE,TRUE,TRUE,FALSE,FALSE,FALSE,FALSE
"2023-08-03_CRC_TR_309_272",2023-08-03,"Aug","CRC","TR",309,272,2023-08-03 13:19:00,4988.47178190315,2.08347253746405,3.67413128356106e-103,0.654599579835568,69.7724426398592,2711.00905788852,1.86329424389703,0.00393699337511051,1049.41388575416,0.498360228565906,0,0.998048393778832,5.24467514857445,2702.91896114223,0.998101288982554,5.18496396443559,2711.02906299775,TRUE,1.86274780306776,0.00405829596196879,6.74054223788558,2023-08-03 13:19:00,2023-08-03 13:22:39,404.57394,TRUE,FALSE,TRUE,FALSE,FALSE,FALSE,FALSE,FALSE,4102.05374196046,0.72403839051333,3.79106018020642e-103,0.654550224186424,25.4813267606714,1065.39178668019,0.680984502085861,0.000606771926664861,5506.7419261044,0.076807595860277,0,0.999652384111627,0.808312674527301,923.171557812262,0.999750669481662,0.68613742772207,1065.56398041834,TRUE,0.680746948292185,0.000625115495563108,0.891813562041187,TRUE,FALSE,TRUE,FALSE,FALSE,FALSE,FALSE
"2023-08-03_CRC_TR_314_273",2023-08-03,"Aug","CRC","TR",314,273,2023-08-03 13:25:16,6120.96936895268,5.74202728771826,5.2873203239051e-103,0.647369582396843,223.193968271842,2921.84625948828,5.79878845787589,0.00458948220412844,1086.3803139957,0.591553813069081,0,0.999720702921194,6.28139008634618,2651.63654772758,0.999848558295148,4.6357633470396,2921.94272078468,TRUE,5.79997042095854,0.00496666885032438,6.89702902169811,2023-08-03 13:25:16,2023-08-03 13:28:59,388.42227,TRUE,FALSE,TRUE,FALSE,FALSE,FALSE,FALSE,FALSE,NA,NA,NA,NA,NA,432.498046496074,0.109166719135473,0.000285211802478149,5407.72017972063,0.0367619094669298,0,0.996964926529351,0.390354839372428,435.000791345681,0.99697505307879,0.39057980754385,432.918755404021,TRUE,0.108985921049995,0.000297957595136251,0.40557931036031,TRUE,FALSE,TRUE,FALSE,FALSE,FALSE,FALSE
"2023-08-03_CRC_TR_316_274",2023-08-03,"Aug","CRC","TR",316,274,2023-08-03 13:10:00,7327.64648665835,4.37728591038576,2.35699077709716e-121,0.639709968866444,213.19751978705,4725.01056202279,4.54200801615361,0.0105738070963834,1076.41428709,1.64371409951178,0,0.997092733791429,19.151307318646,3897.58618483706,0.999376534332895,8.88527839135427,4725.43210075129,TRUE,4.54008942341945,0.0115829063192767,21.8260125985499,2023-08-03 13:10:00,2023-08-03 13:14:29,430.94855,TRUE,FALSE,TRUE,FALSE,FALSE,FALSE,FALSE,FALSE,5125.2304995786,0.611402006099523,1.58385101155827e-124,0.649353070376808,27.7419302706553,2412.3070800869,0.59927238305883,0.00124232894754707,5455.64998623271,0.193121889656299,0,0.99769323165456,2.25010946846777,1591.73719427227,0.999498992250345,1.0505884462785,2413.04137656116,TRUE,0.600093717011018,0.00134238503059713,2.51728109508323,TRUE,FALSE,TRUE,FALSE,FALSE,FALSE,FALSE
