Date,Year,Month,Day,Campaign,Site,Zone,Depth_cm,ORP_mV,Time,Notes,
8/17/2022,2022,8,17,Monthly Monitoring,OWC,WE,5,-48.2,14:22,,
8/17/2022,2022,8,17,Monthly Monitoring,OWC,WE,5,-81.7,14:26,,
8/17/2022,2022,8,17,Monthly Monitoring,OWC,WE,5,60.3,14:30,,
8/17/2022,2022,8,17,Monthly Monitoring,OWC,WE,5,123.3,14:33,,
8/17/2022,2022,8,17,Monthly Monitoring,OWC,WE,5,-22.3,14:35,,
8/17/2022,2022,8,17,Monthly Monitoring,OWC,WE,5,-37.2,14:37,,
8/17/2022,2022,8,17,Monthly Monitoring,OWC,WE,10,-116.8,14:40,,
8/17/2022,2022,8,17,Monthly Monitoring,OWC,WE,10,-125.4,14:43,,
8/17/2022,2022,8,17,Monthly Monitoring,OWC,WE,10,-122.1,14:46,,
8/17/2022,2022,8,17,Monthly Monitoring,OWC,WE,10,-151.1,14:49,,
8/17/2022,2022,8,17,Monthly Monitoring,OWC,WE,10,-123.6,14:52,,
8/17/2022,2022,8,17,Monthly Monitoring,OWC,WE,10,-128.5,14:55,,
9/16/2022,2022,9,16,Monthly Monitoring,CRC,WE,5,302.7,12:00,,
9/16/2022,2022,9,16,Monthly Monitoring,CRC,WE,5,313.3,,,
9/16/2022,2022,9,16,Monthly Monitoring,CRC,WE,5,277.5,,,
9/16/2022,2022,9,16,Monthly Monitoring,CRC,WE,5,270.7,,,
9/16/2022,2022,9,16,Monthly Monitoring,CRC,WE,10,282.3,,,
9/16/2022,2022,9,16,Monthly Monitoring,CRC,WE,10,333.2,,,
9/16/2022,2022,9,16,Monthly Monitoring,CRC,WE,10,275.5,,,
9/16/2022,2022,9,16,Monthly Monitoring,CRC,WE,10,273.5,,,
9/16/2022,2022,9,16,Monthly Monitoring,CRC,TR,5,-268.1,15:30,,
9/16/2022,2022,9,16,Monthly Monitoring,CRC,TR,5,-341.8,,,
9/16/2022,2022,9,16,Monthly Monitoring,CRC,TR,5,-467,,,
9/16/2022,2022,9,16,Monthly Monitoring,CRC,TR,10,80.6,,,
9/16/2022,2022,9,16,Monthly Monitoring,CRC,TR,10,44.5,,,
9/16/2022,2022,9,16,Monthly Monitoring,CRC,TR,10,90.2,,,
9/16/2022,2022,9,16,Monthly Monitoring,CRC,WE,5,366.6,,,
9/16/2022,2022,9,16,Monthly Monitoring,CRC,WE,5,333.3,,,
9/16/2022,2022,9,16,Monthly Monitoring,CRC,WE,5,253.9,,,
9/16/2022,2022,9,16,Monthly Monitoring,CRC,WE,5,277.7,,,
9/23/2022,2022,9,23,Monthly Monitoring,PTR,UP,5,288.7,8:35,,
9/23/2022,2022,9,23,Monthly Monitoring,PTR,UP,5,394.3,,,
9/23/2022,2022,9,23,Monthly Monitoring,PTR,UP,5,191.7,,,
9/23/2022,2022,9,23,Monthly Monitoring,PTR,UP,10,,,NA dry soil - very hard,
9/23/2022,2022,9,23,Monthly Monitoring,PTR,WE,5,396.4,,,
9/23/2022,2022,9,23,Monthly Monitoring,PTR,WE,5,396.4,,,
9/23/2022,2022,9,23,Monthly Monitoring,PTR,WE,5,407.8,,,
9/23/2022,2022,9,23,Monthly Monitoring,PTR,WE,10,415.8,,,
9/23/2022,2022,9,23,Monthly Monitoring,PTR,WE,10,418.6,,,
9/23/2022,2022,9,23,Monthly Monitoring,PTR,WE,10,419.2,,,
9/30/2022,2022,9,30,Monthly Monitoring,OWC,WE,5,-253.8,12:00,,
9/30/2022,2022,9,30,Monthly Monitoring,OWC,WE,5,-275.4,,,
9/30/2022,2022,9,30,Monthly Monitoring,OWC,WE,5,-311.7,,,
9/30/2022,2022,9,30,Monthly Monitoring,OWC,WE,10,-215.8,,,
9/30/2022,2022,9,30,Monthly Monitoring,OWC,WE,10,-185.9,,,
9/30/2022,2022,9,30,Monthly Monitoring,OWC,WE,10,-315.7,,,
10/14/2022,2022,10,14,Monthly Monitoring,CRC,WE,5,369.9,,,
10/14/2022,2022,10,14,Monthly Monitoring,CRC,WE,5,459.6,,,
10/14/2022,2022,10,14,Monthly Monitoring,CRC,WE,5,458.1,,,
10/14/2022,2022,10,14,Monthly Monitoring,CRC,WE,10,436.6,,,
10/14/2022,2022,10,14,Monthly Monitoring,CRC,WE,10,466,,,
10/14/2022,2022,10,14,Monthly Monitoring,CRC,WE,10,448.4,,,
10/14/2022,2022,10,14,Monthly Monitoring,CRC,TR,5,457.1,12:50,,
10/14/2022,2022,10,14,Monthly Monitoring,CRC,TR,5,428.2,,,
10/14/2022,2022,10,14,Monthly Monitoring,CRC,TR,5,440.9,,,
10/14/2022,2022,10,14,Monthly Monitoring,CRC,TR,10,407.1,,,
10/14/2022,2022,10,14,Monthly Monitoring,CRC,TR,10,431.2,,,
10/14/2022,2022,10,14,Monthly Monitoring,CRC,TR,10,378.2,,,
10/14/2022,2022,10,14,Monthly Monitoring,CRC,UP,5,313.3,1:28, dry soil - very hard,
10/14/2022,2022,10,14,Monthly Monitoring,CRC,UP,5,366.3,,,
10/14/2022,2022,10,14,Monthly Monitoring,CRC,UP,5,350.1,,,
10/21/2022,2022,10,21,Monthly Monitoring,OWC,WE,5,-115.1,10:35,,
10/21/2022,2022,10,21,Monthly Monitoring,OWC,WE,5,-112.9,,,
10/21/2022,2022,10,21,Monthly Monitoring,OWC,WE,5,-65.9,,,
10/21/2022,2022,10,21,Monthly Monitoring,OWC,WE,10,-119.7,,,
10/21/2022,2022,10,21,Monthly Monitoring,OWC,WE,10,-102.7,,,
10/21/2022,2022,10,21,Monthly Monitoring,OWC,WE,10,-322.9,,,
10/21/2022,2022,10,21,Monthly Monitoring,OWC,UP,5,399.4,,,
10/21/2022,2022,10,21,Monthly Monitoring,OWC,UP,5,260.1,,,
10/21/2022,2022,10,21,Monthly Monitoring,OWC,UP,5,378.9,,,
10/21/2022,2022,10,21,Monthly Monitoring,OWC,UP,10,288.1,,,
10/21/2022,2022,10,21,Monthly Monitoring,OWC,UP,10,329.9,,,
10/21/2022,2022,10,21,Monthly Monitoring,OWC,UP,10,364.7,,,
10/21/2022,2022,10,21,Monthly Monitoring,OWC,TR,5,317.5,11:00,,
10/21/2022,2022,10,21,Monthly Monitoring,OWC,TR,5,339.9,,,
10/21/2022,2022,10,21,Monthly Monitoring,OWC,TR,5,280.3,,,
10/21/2022,2022,10,21,Monthly Monitoring,OWC,TR,10,330.2,,,
10/21/2022,2022,10,21,Monthly Monitoring,OWC,TR,10,346.8,,,
10/21/2022,2022,10,21,Monthly Monitoring,OWC,TR,10,187.2,,,
10/21/2022,2022,10,21,Monthly Monitoring,OWC,TR,10,347.9,,,
10/21/2022,2022,10,21,Monthly Monitoring,OWC,TR,5,336.1,,S58-GHG soilcollar,
10/21/2022,2022,10,21,Monthly Monitoring,OWC,TR,5,294,,S58-GHG soilcollar,
10/21/2022,2022,10,21,Monthly Monitoring,OWC,TR,5,326.2,,S58-GHG soilcollar,
10/21/2022,2022,10,21,Monthly Monitoring,OWC,TR,10,320.3,,S58-GHG soilcollar,
10/21/2022,2022,10,21,Monthly Monitoring,OWC,TR,10,301.2,,S58-GHG soilcollar,
10/21/2022,2022,10,21,Monthly Monitoring,OWC,TR,10,317.4,,S58-GHG soilcollar,
10/21/2022,2022,10,21,Monthly Monitoring,OWC,TR,5,327.1,,S63-GHG soilcollar,
10/21/2022,2022,10,21,Monthly Monitoring,OWC,TR,5,277.8,,S63-GHG soilcollar,
10/21/2022,2022,10,21,Monthly Monitoring,OWC,TR,5,344.5,,S63-GHG soilcollar,
10/21/2022,2022,10,21,Monthly Monitoring,OWC,TR,10,360.4,,S63-GHG soilcollar,
10/21/2022,2022,10,21,Monthly Monitoring,OWC,TR,10,359.3,,S63-GHG soilcollar,
10/21/2022,2022,10,21,Monthly Monitoring,OWC,TR,10,361.3,,S63-GHG soilcollar,
11/4/2022,2022,11,4,Monthly Monitoring,OWC,TR,5,385.5,,,
11/4/2022,2022,11,4,Monthly Monitoring,OWC,TR,5,322.9,,,
11/4/2022,2022,11,4,Monthly Monitoring,OWC,TR,5,264.9,,,
11/4/2022,2022,11,4,Monthly Monitoring,OWC,TR,10,299.7,,,
11/4/2022,2022,11,4,Monthly Monitoring,OWC,TR,10,226.2,,,
11/4/2022,2022,11,4,Monthly Monitoring,OWC,TR,10,205.4,,,
11/4/2022,2022,11,4,Monthly Monitoring,OWC,UP,5,354.1,,,
11/4/2022,2022,11,4,Monthly Monitoring,OWC,UP,5,257.9,,,
11/4/2022,2022,11,4,Monthly Monitoring,OWC,UP,5,357.3,,,
11/4/2022,2022,11,4,Monthly Monitoring,OWC,UP,10,273.3,,,
11/4/2022,2022,11,4,Monthly Monitoring,OWC,UP,10,396.4,,,
11/4/2022,2022,11,4,Monthly Monitoring,OWC,UP,10,344.7,,,
11/4/2022,2022,11,4,Monthly Monitoring,OWC,WE,5,-103.9,,,
11/4/2022,2022,11,4,Monthly Monitoring,OWC,WE,5,-150.9,,,
11/4/2022,2022,11,4,Monthly Monitoring,OWC,WE,5,-211.1,,,
11/4/2022,2022,11,4,Monthly Monitoring,OWC,WE,10,-75.4,,,
11/4/2022,2022,11,4,Monthly Monitoring,OWC,WE,10,-80.5,,,
11/4/2022,2022,11,4,Monthly Monitoring,OWC,WE,10,-100.1,,,
11/8/2022,2022,11,8,Monthly Monitoring,PTR,UP,10,225.8,,,
11/8/2022,2022,11,8,Monthly Monitoring,PTR,UP,10,320.9,,,
11/8/2022,2022,11,8,Monthly Monitoring,PTR,UP,10,364,,,
11/8/2022,2022,11,8,Monthly Monitoring,PTR,UP,20,311,,,
11/8/2022,2022,11,8,Monthly Monitoring,PTR,UP,20,367.4,,,
11/8/2022,2022,11,8,Monthly Monitoring,PTR,UP,20,351.9,,,
11/8/2022,2022,11,8,Monthly Monitoring,PTR,WE,10,290.8,,,
11/8/2022,2022,11,8,Monthly Monitoring,PTR,WE,10,315.1,,,
11/8/2022,2022,11,8,Monthly Monitoring,PTR,WE,10,403.6,,,
11/8/2022,2022,11,8,Monthly Monitoring,PTR,WE,20,364.7,,,
11/8/2022,2022,11,8,Monthly Monitoring,PTR,WE,20,377,,,
11/8/2022,2022,11,8,Monthly Monitoring,PTR,WE,20,320.2,,,
11/8/2022,2022,11,8,Monthly Monitoring,PTR,TR,10,368.1,,,
11/8/2022,2022,11,8,Monthly Monitoring,PTR,TR,10,328.6,,,
11/8/2022,2022,11,8,Monthly Monitoring,PTR,TR,10,316.7,,,
11/8/2022,2022,11,8,Monthly Monitoring,PTR,TR,20,335.9,,,
11/8/2022,2022,11,8,Monthly Monitoring,PTR,TR,20,334,,,
11/8/2022,2022,11,8,Monthly Monitoring,PTR,TR,20,332.7,,,
12/20/2022,2022,12,20,Monthly Monitoring,OWC,UP,5,358.5,,,
12/20/2022,2022,12,20,Monthly Monitoring,OWC,UP,5,364.6,,,
12/20/2022,2022,12,20,Monthly Monitoring,OWC,UP,5,381.8,,,
12/20/2022,2022,12,20,Monthly Monitoring,OWC,UP,10,368.8,,,
12/20/2022,2022,12,20,Monthly Monitoring,OWC,UP,10,369.3,,,
12/20/2022,2022,12,20,Monthly Monitoring,OWC,UP,10,402.7,,,
12/20/2022,2022,12,20,Monthly Monitoring,OWC,UP,20,365.2,,,
12/20/2022,2022,12,20,Monthly Monitoring,OWC,UP,20,414.6,,,
12/20/2022,2022,12,20,Monthly Monitoring,OWC,UP,20,405.1,,,
12/20/2022,2022,12,20,Monthly Monitoring,OWC,TR,5,310.3,,,
12/20/2022,2022,12,20,Monthly Monitoring,OWC,TR,5,295.7,,,
12/20/2022,2022,12,20,Monthly Monitoring,OWC,TR,5,327.7,,,
12/20/2022,2022,12,20,Monthly Monitoring,OWC,TR,10,232.3,,,
12/20/2022,2022,12,20,Monthly Monitoring,OWC,TR,10,321.2,,,
12/20/2022,2022,12,20,Monthly Monitoring,OWC,TR,10,263.5,,,
12/20/2022,2022,12,20,Monthly Monitoring,OWC,TR,20,332.3,,,
12/20/2022,2022,12,20,Monthly Monitoring,OWC,TR,20,335.1,,,
12/20/2022,2022,12,20,Monthly Monitoring,OWC,TR,20,300.6,,,
12/20/2022,2022,12,20,Monthly Monitoring,OWC,TR,20,291.6,,,
12/20/2022,2022,12,20,Monthly Monitoring,OWC,TR,20,348,,,
12/20/2022,2022,12,20,Monthly Monitoring,OWC,TR,20,347.5,,,
1/5/2023,2023,1,5,Monthly Monitoring,OWC,TR,10,345.2,,,
1/5/2023,2023,1,5,Monthly Monitoring,OWC,TR,10,343.7,,,
1/5/2023,2023,1,5,Monthly Monitoring,OWC,TR,10,331.3,,,
1/5/2023,2023,1,5,Monthly Monitoring,OWC,UP,10,386.3,,,
1/5/2023,2023,1,5,Monthly Monitoring,OWC,UP,10,367.8,,,
1/5/2023,2023,1,5,Monthly Monitoring,OWC,UP,10,369.2,,,
1/5/2023,2023,1,5,Monthly Monitoring,OWC,UP,10,342.6,,,
1/5/2023,2023,1,5,Monthly Monitoring,OWC,UP,10,367.1,,,
1/5/2023,2023,1,5,Monthly Monitoring,OWC,UP,10,362.4,,,
1/5/2023,2023,1,5,Monthly Monitoring,OWC,WE,20,-134.9,,,
1/5/2023,2023,1,5,Monthly Monitoring,OWC,WE,20,-121.5,,,
1/5/2023,2023,1,5,Monthly Monitoring,OWC,WE,20,-135.5,,,
1/5/2023,2023,1,5,Monthly Monitoring,OWC,WE,20,-122.1,,,
1/5/2023,2023,1,5,Monthly Monitoring,OWC,WE,20,-104.3,,,
1/5/2023,2023,1,5,Monthly Monitoring,OWC,WE,20,-126.3,,,
1/5/2023,2023,1,5,Monthly Monitoring,OWC,TR,20,345.4,,,
1/5/2023,2023,1,5,Monthly Monitoring,OWC,TR,20,333.8,,,
1/5/2023,2023,1,5,Monthly Monitoring,OWC,TR,20,348.8,,,
1/5/2023,2023,1,5,Monthly Monitoring,OWC,TR,20,344.1,,,
1/5/2023,2023,1,5,Monthly Monitoring,OWC,TR,20,349.5,,,
1/5/2023,2023,1,5,Monthly Monitoring,OWC,TR,20,328.6,,,
1/5/2023,2023,1,5,Monthly Monitoring,OWC,UP,20,404,,,
1/5/2023,2023,1,5,Monthly Monitoring,OWC,UP,20,402.5,,,
1/5/2023,2023,1,5,Monthly Monitoring,OWC,UP,20,405.7,,,
1/5/2023,2023,1,5,Monthly Monitoring,OWC,UP,20,418.3,,,
1/5/2023,2023,1,5,Monthly Monitoring,OWC,UP,20,431.2,,,
1/5/2023,2023,1,5,Monthly Monitoring,OWC,UP,20,403.7,,,
1/12/2023,2023,1,12,Monthly Monitoring,PTR,WE,5,184.7,14:48,,
1/12/2023,2023,1,12,Monthly Monitoring,PTR,WE,5,180.5,14:57,,
1/12/2023,2023,1,12,Monthly Monitoring,PTR,WE,5,150.9,15:07,,
1/12/2023,2023,1,12,Monthly Monitoring,PTR,TR,5,370.8,11:07,,
1/12/2023,2023,1,12,Monthly Monitoring,PTR,TR,5,210.3,11:14,,
1/12/2023,2023,1,12,Monthly Monitoring,PTR,TR,5,284.4,11:18,,
1/12/2023,2023,1,12,Monthly Monitoring,PTR,TR,5,265.6,11:27,,
1/12/2023,2023,1,12,Monthly Monitoring,PTR,TR,5,181.3,11:52,,
1/12/2023,2023,1,12,Monthly Monitoring,PTR,TR,5,164.1,12:01,,
1/12/2023,2023,1,12,Monthly Monitoring,PTR,UP,5,311.4,10:20,,
1/12/2023,2023,1,12,Monthly Monitoring,PTR,UP,5,316.9,10:22,,
1/12/2023,2023,1,12,Monthly Monitoring,PTR,UP,5,336.3,10:23,,
1/12/2023,2023,1,12,Monthly Monitoring,PTR,UP,5,326.4,10:24,,
1/12/2023,2023,1,12,Monthly Monitoring,PTR,UP,5,254,10:25,,
1/12/2023,2023,1,12,Monthly Monitoring,PTR,UP,5,331.9,10:29,,
1/12/2023,2023,1,12,Monthly Monitoring,PTR,WE,10,231.7,15:17,,
1/12/2023,2023,1,12,Monthly Monitoring,PTR,WE,10,251.5,15:24,,
1/12/2023,2023,1,12,Monthly Monitoring,PTR,WE,10,220.6,15:33,,
1/12/2023,2023,1,12,Monthly Monitoring,PTR,TR,10,206.7,12:18,,
1/12/2023,2023,1,12,Monthly Monitoring,PTR,TR,10,173,12:48,,
1/12/2023,2023,1,12,Monthly Monitoring,PTR,TR,10,148.4,12:56,,
1/12/2023,2023,1,12,Monthly Monitoring,PTR,TR,10,142.5,13:08,,
1/12/2023,2023,1,12,Monthly Monitoring,PTR,TR,10,141.6,13:18,,
1/12/2023,2023,1,12,Monthly Monitoring,PTR,TR,10,134.6,13:33,,
1/12/2023,2023,1,12,Monthly Monitoring,PTR,UP,10,366.6,10:35,,
1/12/2023,2023,1,12,Monthly Monitoring,PTR,UP,10,332.3,10:36,,
1/12/2023,2023,1,12,Monthly Monitoring,PTR,UP,10,375.9,10:37,,
1/12/2023,2023,1,12,Monthly Monitoring,PTR,UP,10,346.1,10:39,,
1/12/2023,2023,1,12,Monthly Monitoring,PTR,UP,10,315.4,10:41,,
1/12/2023,2023,1,12,Monthly Monitoring,PTR,UP,10,343.1,10:42,,
1/12/2023,2023,1,12,Monthly Monitoring,PTR,WE,20,111.6,15:51,,
1/12/2023,2023,1,12,Monthly Monitoring,PTR,WE,20,77.5,16:06,,
1/12/2023,2023,1,12,Monthly Monitoring,PTR,WE,20,79.3,16:12,,
1/12/2023,2023,1,12,Monthly Monitoring,PTR,TR,20,217.9,13:49,,
1/12/2023,2023,1,12,Monthly Monitoring,PTR,TR,20,249.4,14:00,,
1/12/2023,2023,1,12,Monthly Monitoring,PTR,TR,20,179.5,14:17,,
1/12/2023,2023,1,12,Monthly Monitoring,PTR,TR,20,270.8,14:36,,
1/12/2023,2023,1,12,Monthly Monitoring,PTR,UP,20,429.9,10:44,,
1/12/2023,2023,1,12,Monthly Monitoring,PTR,UP,20,382.2,10:45,,
1/12/2023,2023,1,12,Monthly Monitoring,PTR,UP,20,419.6,10:46,,
1/12/2023,2023,1,12,Monthly Monitoring,PTR,UP,20,344.3,10:46,,
1/12/2023,2023,1,12,Monthly Monitoring,PTR,UP,20,387.7,10:49,,
1/12/2023,2023,1,12,Monthly Monitoring,PTR,UP,20,400.9,10:50,,
1/20/2023,2023,1,20,Monthly Monitoring,CRC,WE,5,149.1,10:36,,
1/20/2023,2023,1,20,Monthly Monitoring,CRC,WE,5,138.1,10:39,,
1/20/2023,2023,1,20,Monthly Monitoring,CRC,WE,5,187.5,10:42,,
1/20/2023,2023,1,20,Monthly Monitoring,CRC,WE,5,122.2,10:50,,
1/20/2023,2023,1,20,Monthly Monitoring,CRC,WE,5,258.3,10:52,,
1/20/2023,2023,1,20,Monthly Monitoring,CRC,WE,5,186,10:57,,
1/20/2023,2023,1,20,Monthly Monitoring,CRC,TR,5,348.8,11:37,,
1/20/2023,2023,1,20,Monthly Monitoring,CRC,TR,5,310.2,11:38,,
1/20/2023,2023,1,20,Monthly Monitoring,CRC,TR,5,344.2,11:39,,
1/20/2023,2023,1,20,Monthly Monitoring,CRC,TR,5,238.6,11:52,,
1/20/2023,2023,1,20,Monthly Monitoring,CRC,TR,5,330.1,11:55,,
1/20/2023,2023,1,20,Monthly Monitoring,CRC,TR,5,356.8,11:57,,
1/20/2023,2023,1,20,Monthly Monitoring,CRC,UP,5,340.2,13:57,,
1/20/2023,2023,1,20,Monthly Monitoring,CRC,UP,5,347.1,13:59,,
1/20/2023,2023,1,20,Monthly Monitoring,CRC,UP,5,281.3,14:00,,
1/20/2023,2023,1,20,Monthly Monitoring,CRC,UP,5,347.5,14:01,,
1/20/2023,2023,1,20,Monthly Monitoring,CRC,UP,5,339.3,14:04,,
1/20/2023,2023,1,20,Monthly Monitoring,CRC,UP,5,340,14:05,,
1/20/2023,2023,1,20,Monthly Monitoring,CRC,WE,10,140.9,10:58,,
1/20/2023,2023,1,20,Monthly Monitoring,CRC,WE,10,138.5,10:59,,
1/20/2023,2023,1,20,Monthly Monitoring,CRC,WE,10,212.9,11:00,,
1/20/2023,2023,1,20,Monthly Monitoring,CRC,WE,10,152.6,11:01,,
1/20/2023,2023,1,20,Monthly Monitoring,CRC,WE,10,267.5,11:02,,
1/20/2023,2023,1,20,Monthly Monitoring,CRC,WE,10,247.1,11:03,,
1/20/2023,2023,1,20,Monthly Monitoring,CRC,TR,10,267.5,11:59,,
1/20/2023,2023,1,20,Monthly Monitoring,CRC,TR,10,271.4,12:00,,
1/20/2023,2023,1,20,Monthly Monitoring,CRC,TR,10,306,12:02,,
1/20/2023,2023,1,20,Monthly Monitoring,CRC,TR,10,215.8,12:03,,
1/20/2023,2023,1,20,Monthly Monitoring,CRC,TR,10,307.6,12:04,,
1/20/2023,2023,1,20,Monthly Monitoring,CRC,TR,10,312.6,12:06,,
1/20/2023,2023,1,20,Monthly Monitoring,CRC,UP,10,372,14:07,,
1/20/2023,2023,1,20,Monthly Monitoring,CRC,UP,10,386.7,14:08,,
1/20/2023,2023,1,20,Monthly Monitoring,CRC,UP,10,301.3,14:10,,
1/20/2023,2023,1,20,Monthly Monitoring,CRC,UP,10,332,14:11,,
1/20/2023,2023,1,20,Monthly Monitoring,CRC,UP,10,371,14:12,,
1/20/2023,2023,1,20,Monthly Monitoring,CRC,UP,10,348.1,14:14,,
1/20/2023,2023,1,20,Monthly Monitoring,CRC,WE,20,188.7,11:05,,
1/20/2023,2023,1,20,Monthly Monitoring,CRC,WE,20,207.2,11:09,,
1/20/2023,2023,1,20,Monthly Monitoring,CRC,WE,20,200.4,11:10,,
1/20/2023,2023,1,20,Monthly Monitoring,CRC,WE,20,115.9,11:11,,
1/20/2023,2023,1,20,Monthly Monitoring,CRC,WE,20,268.8,11:22,,
1/20/2023,2023,1,20,Monthly Monitoring,CRC,WE,20,229.9,11:23,,
1/20/2023,2023,1,20,Monthly Monitoring,CRC,TR,20,317.6,12:07,,
1/20/2023,2023,1,20,Monthly Monitoring,CRC,TR,20,317.4,12:08,,
1/20/2023,2023,1,20,Monthly Monitoring,CRC,TR,20,314.4,12:09,,
1/20/2023,2023,1,20,Monthly Monitoring,CRC,TR,20,229,12:16,,
1/20/2023,2023,1,20,Monthly Monitoring,CRC,TR,20,296,12:17,,
1/20/2023,2023,1,20,Monthly Monitoring,CRC,TR,20,295.7,12:18,,
1/20/2023,2023,1,20,Monthly Monitoring,CRC,UP,20,368.9,14:15,,
1/20/2023,2023,1,20,Monthly Monitoring,CRC,UP,20,381.9,14:16,,
1/20/2023,2023,1,20,Monthly Monitoring,CRC,UP,20,327.8,14:17,,
1/20/2023,2023,1,20,Monthly Monitoring,CRC,UP,20,374.1,14:18,,
1/20/2023,2023,1,20,Monthly Monitoring,CRC,UP,20,367.9,14:20,,
1/20/2023,2023,1,20,Monthly Monitoring,CRC,UP,20,384.9,14:21,,
2/10/2023,2023,2,10,Monthly Monitoring,OWC,WE,5,77.9,10:29,,
2/10/2023,2023,2,10,Monthly Monitoring,OWC,WE,5,51.1,10:36,,
2/10/2023,2023,2,10,Monthly Monitoring,OWC,WE,5,63.2,10:40,,
2/10/2023,2023,2,10,Monthly Monitoring,OWC,WE,5,56.9,10:53,,
2/10/2023,2023,2,10,Monthly Monitoring,OWC,WE,5,92.3,10:51,,
2/10/2023,2023,2,10,Monthly Monitoring,OWC,WE,5,145,10:58,,
2/10/2023,2023,2,10,Monthly Monitoring,OWC,TR,5,232.2,11:53,,
2/10/2023,2023,2,10,Monthly Monitoring,OWC,TR,5,276.1,11:55,,
2/10/2023,2023,2,10,Monthly Monitoring,OWC,TR,5,281.1,11:58,,
2/10/2023,2023,2,10,Monthly Monitoring,OWC,TR,5,251.3,11:59,,
2/10/2023,2023,2,10,Monthly Monitoring,OWC,TR,5,244.4,12:02,,
2/10/2023,2023,2,10,Monthly Monitoring,OWC,TR,5,280.9,12:03,,
2/10/2023,2023,2,10,Monthly Monitoring,OWC,UP,5,291.2,12:35,,
2/10/2023,2023,2,10,Monthly Monitoring,OWC,UP,5,316.2,12:36,,
2/10/2023,2023,2,10,Monthly Monitoring,OWC,UP,5,339.5,12:38,,
2/10/2023,2023,2,10,Monthly Monitoring,OWC,UP,5,327.3,12:39,,
2/10/2023,2023,2,10,Monthly Monitoring,OWC,UP,5,283.5,12:40,,
2/10/2023,2023,2,10,Monthly Monitoring,OWC,UP,5,305.5,12:45,,
2/10/2023,2023,2,10,Monthly Monitoring,OWC,WE,10,38,11:01,,
2/10/2023,2023,2,10,Monthly Monitoring,OWC,WE,10,-20.5,11:04,,
2/10/2023,2023,2,10,Monthly Monitoring,OWC,WE,10,-77.9,11:10,,
2/10/2023,2023,2,10,Monthly Monitoring,OWC,WE,10,-87.4,11:12,,
2/10/2023,2023,2,10,Monthly Monitoring,OWC,WE,10,-58.9,11:14,,
2/10/2023,2023,2,10,Monthly Monitoring,OWC,WE,10,-62.6,11:15,,
2/10/2023,2023,2,10,Monthly Monitoring,OWC,TR,10,260.6,12:05,,
2/10/2023,2023,2,10,Monthly Monitoring,OWC,TR,10,291.6,12:06,,
2/10/2023,2023,2,10,Monthly Monitoring,OWC,TR,10,304.6,12:07,,
2/10/2023,2023,2,10,Monthly Monitoring,OWC,TR,10,228.6,12:09,,
2/10/2023,2023,2,10,Monthly Monitoring,OWC,TR,10,238.6,12:10,,
2/10/2023,2023,2,10,Monthly Monitoring,OWC,TR,10,309.1,12:10,,
2/10/2023,2023,2,10,Monthly Monitoring,OWC,UP,10,275.6,12:46,,
2/10/2023,2023,2,10,Monthly Monitoring,OWC,UP,10,335.8,12:46,,
2/10/2023,2023,2,10,Monthly Monitoring,OWC,UP,10,350.6,12:48,,
2/10/2023,2023,2,10,Monthly Monitoring,OWC,UP,10,312.2,12:49,,
2/10/2023,2023,2,10,Monthly Monitoring,OWC,UP,10,234.6,12:50,,
2/10/2023,2023,2,10,Monthly Monitoring,OWC,UP,10,343.8,12:51,,
2/10/2023,2023,2,10,Monthly Monitoring,OWC,WE,20,-93.1,11:17,,
2/10/2023,2023,2,10,Monthly Monitoring,OWC,WE,20,-115.3,11:18,,
2/10/2023,2023,2,10,Monthly Monitoring,OWC,WE,20,-109.5,11:19,,
2/10/2023,2023,2,10,Monthly Monitoring,OWC,WE,20,-113.6,11:20,,
2/10/2023,2023,2,10,Monthly Monitoring,OWC,WE,20,-109.4,11:21,,
2/10/2023,2023,2,10,Monthly Monitoring,OWC,WE,20,-118.5,11:22,,
2/10/2023,2023,2,10,Monthly Monitoring,OWC,TR,20,209,12:12,,
2/10/2023,2023,2,10,Monthly Monitoring,OWC,TR,20,246.6,12:13,,
2/10/2023,2023,2,10,Monthly Monitoring,OWC,TR,20,293.1,12:14,,
2/10/2023,2023,2,10,Monthly Monitoring,OWC,TR,20,266.8,12:15,,
2/10/2023,2023,2,10,Monthly Monitoring,OWC,TR,20,221.6,12:22,,
2/10/2023,2023,2,10,Monthly Monitoring,OWC,TR,20,279.3,12:23,,
2/10/2023,2023,2,10,Monthly Monitoring,OWC,UP,20,391.3,12:52,,
2/10/2023,2023,2,10,Monthly Monitoring,OWC,UP,20,266.2,12:55,,
2/10/2023,2023,2,10,Monthly Monitoring,OWC,UP,20,375.8,12:56,,
2/10/2023,2023,2,10,Monthly Monitoring,OWC,UP,20,354.2,12:57,,
2/10/2023,2023,2,10,Monthly Monitoring,OWC,UP,20,308.3,12:58,,
2/10/2023,2023,2,10,Monthly Monitoring,OWC,UP,20,371.1,12:59,,
2/21/2023,2023,2,21,Monthly Monitoring,CRC,WE,5,123.7,13:03,,
2/21/2023,2023,2,21,Monthly Monitoring,CRC,WE,5,92.3,13:04,,
2/21/2023,2023,2,21,Monthly Monitoring,CRC,WE,5,169.3,13:05,,
2/21/2023,2023,2,21,Monthly Monitoring,CRC,WE,5,131.8,13:06,,
2/21/2023,2023,2,21,Monthly Monitoring,CRC,WE,5,118.7,13:07,,
2/21/2023,2023,2,21,Monthly Monitoring,CRC,WE,5,106.8,13:09,,
2/21/2023,2023,2,21,Monthly Monitoring,CRC,TR,5,274.5,14:50,,
2/21/2023,2023,2,21,Monthly Monitoring,CRC,TR,5,272.2,14:52,,
2/21/2023,2023,2,21,Monthly Monitoring,CRC,TR,5,166.9,15:04,,
2/21/2023,2023,2,21,Monthly Monitoring,CRC,TR,5,134.4,15:06,,
2/21/2023,2023,2,21,Monthly Monitoring,CRC,TR,5,235.4,15:10,,
2/21/2023,2023,2,21,Monthly Monitoring,CRC,TR,5,193.3,15:11,,
2/21/2023,2023,2,21,Monthly Monitoring,CRC,UP,5,316.3,9:58,,
2/21/2023,2023,2,21,Monthly Monitoring,CRC,UP,5,318.6,10:00,,
2/21/2023,2023,2,21,Monthly Monitoring,CRC,UP,5,339,10:03,,
2/21/2023,2023,2,21,Monthly Monitoring,CRC,UP,5,286.5,10:14,,
2/21/2023,2023,2,21,Monthly Monitoring,CRC,UP,5,339.1,10:16,,
2/21/2023,2023,2,21,Monthly Monitoring,CRC,UP,5,274.2,10:19,,
2/21/2023,2023,2,21,Monthly Monitoring,CRC,WE,10,232.7,13:24,,
2/21/2023,2023,2,21,Monthly Monitoring,CRC,WE,10,209.2,13:25,,
2/21/2023,2023,2,21,Monthly Monitoring,CRC,WE,10,214.1,13:26,,
2/21/2023,2023,2,21,Monthly Monitoring,CRC,WE,10,120.1,13:27,,
2/21/2023,2023,2,21,Monthly Monitoring,CRC,WE,10,190.1,13:28,,
2/21/2023,2023,2,21,Monthly Monitoring,CRC,WE,10,227.3,13:29,,
2/21/2023,2023,2,21,Monthly Monitoring,CRC,TR,10,141.4,15:15,,
2/21/2023,2023,2,21,Monthly Monitoring,CRC,TR,10,168.3,15:16,,
2/21/2023,2023,2,21,Monthly Monitoring,CRC,TR,10,148.4,15:19,,
2/21/2023,2023,2,21,Monthly Monitoring,CRC,TR,10,234.3,15:25,,
2/21/2023,2023,2,21,Monthly Monitoring,CRC,TR,10,212.3,15:29,,
2/21/2023,2023,2,21,Monthly Monitoring,CRC,TR,10,225,15:21,,
2/21/2023,2023,2,21,Monthly Monitoring,CRC,UP,10,284.2,10:27,,
2/21/2023,2023,2,21,Monthly Monitoring,CRC,UP,10,343.1,10:30,,
2/21/2023,2023,2,21,Monthly Monitoring,CRC,UP,10,306.8,10:32,,
2/21/2023,2023,2,21,Monthly Monitoring,CRC,UP,10,337.8,10:35,,
2/21/2023,2023,2,21,Monthly Monitoring,CRC,UP,10,331.5,10:37,,
2/21/2023,2023,2,21,Monthly Monitoring,CRC,UP,10,327,10:41,,
2/21/2023,2023,2,21,Monthly Monitoring,CRC,WE,20,244.7,13:39,,
2/21/2023,2023,2,21,Monthly Monitoring,CRC,WE,20,262.8,13:41,,
2/21/2023,2023,2,21,Monthly Monitoring,CRC,WE,20,254.1,13:43,,
2/21/2023,2023,2,21,Monthly Monitoring,CRC,WE,20,244.4,13:44,,
2/21/2023,2023,2,21,Monthly Monitoring,CRC,WE,20,217.8,13:46,,
2/21/2023,2023,2,21,Monthly Monitoring,CRC,WE,20,258.1,13:47,,
2/21/2023,2023,2,21,Monthly Monitoring,CRC,TR,20,215.5,15:40,,
2/21/2023,2023,2,21,Monthly Monitoring,CRC,TR,20,244.2,,,
2/21/2023,2023,2,21,Monthly Monitoring,CRC,TR,20,157.3,15:47,,
2/21/2023,2023,2,21,Monthly Monitoring,CRC,TR,20,169.2,15:48,,
2/21/2023,2023,2,21,Monthly Monitoring,CRC,TR,20,161,15:49,,
2/21/2023,2023,2,21,Monthly Monitoring,CRC,TR,20,215.8,15:50,,
2/21/2023,2023,2,21,Monthly Monitoring,CRC,UP,20,322.1,10:46,,
2/21/2023,2023,2,21,Monthly Monitoring,CRC,UP,20,372.6,10:50,,
2/21/2023,2023,2,21,Monthly Monitoring,CRC,UP,20,380.3,10:52,,
2/21/2023,2023,2,21,Monthly Monitoring,CRC,UP,20,367.6,10:54,,
2/21/2023,2023,2,21,Monthly Monitoring,CRC,UP,20,364.4,10:56,,
2/21/2023,2023,2,21,Monthly Monitoring,CRC,UP,20,356.4,10:58,,
2/24/2023,2023,2,24,Monthly Monitoring,PTR,WE,5,294.5,11:48,,
2/24/2023,2023,2,24,Monthly Monitoring,PTR,WE,5,240.9,11:54,,
2/24/2023,2023,2,24,Monthly Monitoring,PTR,WE,5,280.1,11:55,,
2/24/2023,2023,2,24,Monthly Monitoring,PTR,WE,5,193.5,12:12,,
2/24/2023,2023,2,24,Monthly Monitoring,PTR,WE,5,261.9,12:13,,
2/24/2023,2023,2,24,Monthly Monitoring,PTR,WE,5,306,12:18,,
2/24/2023,2023,2,24,Monthly Monitoring,PTR,TR,5,353.3,13:02,,
2/24/2023,2023,2,24,Monthly Monitoring,PTR,TR,5,355.8,13:05,,
2/24/2023,2023,2,24,Monthly Monitoring,PTR,TR,5,369.3,13:06,,
2/24/2023,2023,2,24,Monthly Monitoring,PTR,TR,5,323.3,13:11,,
2/24/2023,2023,2,24,Monthly Monitoring,PTR,TR,5,360.4,13:15,,
2/24/2023,2023,2,24,Monthly Monitoring,PTR,TR,5,374.6,13:16,,
2/24/2023,2023,2,24,Monthly Monitoring,PTR,UP,5,333.5,14:08,,
2/24/2023,2023,2,24,Monthly Monitoring,PTR,UP,5,347.5,14:10,,
2/24/2023,2023,2,24,Monthly Monitoring,PTR,UP,5,363.1,14:15,,
2/24/2023,2023,2,24,Monthly Monitoring,PTR,UP,5,361.5,14:16,,
2/24/2023,2023,2,24,Monthly Monitoring,PTR,UP,5,369.1,14:20,,
2/24/2023,2023,2,24,Monthly Monitoring,PTR,UP,5,367.9,14:21,,
2/24/2023,2023,2,24,Monthly Monitoring,PTR,WE,10,247.6,12:19,,
2/24/2023,2023,2,24,Monthly Monitoring,PTR,WE,10,244.9,12:20,,
2/24/2023,2023,2,24,Monthly Monitoring,PTR,WE,10,278.8,12:21,,
2/24/2023,2023,2,24,Monthly Monitoring,PTR,WE,10,168,12:22,,
2/24/2023,2023,2,24,Monthly Monitoring,PTR,WE,10,281.3,12:24,,
2/24/2023,2023,2,24,Monthly Monitoring,PTR,WE,10,272.8,12:26,,
2/24/2023,2023,2,24,Monthly Monitoring,PTR,TR,10,361.4,13:18,,
2/24/2023,2023,2,24,Monthly Monitoring,PTR,TR,10,361.8,13:19,,
2/24/2023,2023,2,24,Monthly Monitoring,PTR,TR,10,389.4,13:21,,
2/24/2023,2023,2,24,Monthly Monitoring,PTR,TR,10,377.6,13:26,,
2/24/2023,2023,2,24,Monthly Monitoring,PTR,TR,10,328.4,13:34,,
2/24/2023,2023,2,24,Monthly Monitoring,PTR,TR,10,382.6,13:35,,
2/24/2023,2023,2,24,Monthly Monitoring,PTR,UP,10,326.1,14:23,,
2/24/2023,2023,2,24,Monthly Monitoring,PTR,UP,10,368.1,14:23,,
2/24/2023,2023,2,24,Monthly Monitoring,PTR,UP,10,389.2,14:24,,
2/24/2023,2023,2,24,Monthly Monitoring,PTR,UP,10,369.2,14:25,,
2/24/2023,2023,2,24,Monthly Monitoring,PTR,UP,10,392.4,14:26,,
2/24/2023,2023,2,24,Monthly Monitoring,PTR,UP,10,386.2,14:27,,
2/24/2023,2023,2,24,Monthly Monitoring,PTR,WE,20,219.8,12:34,,
2/24/2023,2023,2,24,Monthly Monitoring,PTR,WE,20,239.2,12:36,,
2/24/2023,2023,2,24,Monthly Monitoring,PTR,WE,20,296.9,12:37,,
2/24/2023,2023,2,24,Monthly Monitoring,PTR,WE,20,163.1,12:38,,
2/24/2023,2023,2,24,Monthly Monitoring,PTR,WE,20,264.6,12:41,,
2/24/2023,2023,2,24,Monthly Monitoring,PTR,WE,20,290.7,12:42,,
2/24/2023,2023,2,24,Monthly Monitoring,PTR,TR,20,424.3,13:36,,
2/24/2023,2023,2,24,Monthly Monitoring,PTR,TR,20,323.4,13:37,,
2/24/2023,2023,2,24,Monthly Monitoring,PTR,TR,20,405.3,13:38,,
2/24/2023,2023,2,24,Monthly Monitoring,PTR,TR,20,398.2,13:40,,
2/24/2023,2023,2,24,Monthly Monitoring,PTR,TR,20,384,13:44,,
2/24/2023,2023,2,24,Monthly Monitoring,PTR,TR,20,405,13:45,,
2/24/2023,2023,2,24,Monthly Monitoring,PTR,UP,20,382.3,14:29,,
2/24/2023,2023,2,24,Monthly Monitoring,PTR,UP,20,410.6,14:30,,
2/24/2023,2023,2,24,Monthly Monitoring,PTR,UP,20,410.2,14:31,,
2/24/2023,2023,2,24,Monthly Monitoring,PTR,UP,20,417.6,14:32,,
2/24/2023,2023,2,24,Monthly Monitoring,PTR,UP,20,426.9,14:33,,
2/24/2023,2023,2,24,Monthly Monitoring,PTR,UP,20,427.1,14:34,,
3/24/2023,2023,3,24,Monthly Monitoring,CRC,WE,5,28.2,,,
3/24/2023,2023,3,24,Monthly Monitoring,CRC,WE,5,30.3,,,
3/24/2023,2023,3,24,Monthly Monitoring,CRC,WE,5,21.1,,,
3/24/2023,2023,3,24,Monthly Monitoring,CRC,WE,5,76.7,,,
3/24/2023,2023,3,24,Monthly Monitoring,CRC,WE,5,38.5,,,
3/24/2023,2023,3,24,Monthly Monitoring,CRC,WE,5,71.7,,,
3/24/2023,2023,3,24,Monthly Monitoring,CRC,WE,10,118.8,,,
3/24/2023,2023,3,24,Monthly Monitoring,CRC,WE,10,216,,,
3/24/2023,2023,3,24,Monthly Monitoring,CRC,WE,10,176.4,,,
3/24/2023,2023,3,24,Monthly Monitoring,CRC,WE,10,159.6,,,
3/24/2023,2023,3,24,Monthly Monitoring,CRC,WE,20,230.9,,,
3/24/2023,2023,3,24,Monthly Monitoring,CRC,WE,20,261.9,,,
3/24/2023,2023,3,24,Monthly Monitoring,CRC,WE,20,201.7,,,
3/24/2023,2023,3,24,Monthly Monitoring,CRC,WE,20,205.6,,,
3/24/2023,2023,3,24,Monthly Monitoring,CRC,TR,5,162.8,,,
3/24/2023,2023,3,24,Monthly Monitoring,CRC,TR,5,136.5,,,
3/24/2023,2023,3,24,Monthly Monitoring,CRC,TR,5,54.9,,,
3/24/2023,2023,3,24,Monthly Monitoring,CRC,TR,5,85.3,,,
3/24/2023,2023,3,24,Monthly Monitoring,CRC,TR,5,164.4,,,
3/24/2023,2023,3,24,Monthly Monitoring,CRC,TR,5,217.2,,,
3/24/2023,2023,3,24,Monthly Monitoring,CRC,TR,10,153.1,,,
3/24/2023,2023,3,24,Monthly Monitoring,CRC,TR,10,162.2,,,
3/24/2023,2023,3,24,Monthly Monitoring,CRC,TR,10,116.2,,,
3/24/2023,2023,3,24,Monthly Monitoring,CRC,TR,10,173.8,,,
3/24/2023,2023,3,24,Monthly Monitoring,CRC,TR,10,224.9,,,
3/24/2023,2023,3,24,Monthly Monitoring,CRC,TR,20,249.2,,,
3/24/2023,2023,3,24,Monthly Monitoring,CRC,TR,20,233.4,,,
3/24/2023,2023,3,24,Monthly Monitoring,CRC,TR,20,269,,,
3/24/2023,2023,3,24,Monthly Monitoring,CRC,TR,20,149.4,,,
3/24/2023,2023,3,24,Monthly Monitoring,CRC,TR,20,139.6,,,
3/24/2023,2023,3,24,Monthly Monitoring,CRC,TR,20,175.8,,,
3/24/2023,2023,3,24,Monthly Monitoring,CRC,UP,5,374.8,,,
3/24/2023,2023,3,24,Monthly Monitoring,CRC,UP,5,376.7,,,
3/24/2023,2023,3,24,Monthly Monitoring,CRC,UP,5,375.3,,,
3/24/2023,2023,3,24,Monthly Monitoring,CRC,UP,5,362.3,,,
3/24/2023,2023,3,24,Monthly Monitoring,CRC,UP,5,350.9,,,
3/24/2023,2023,3,24,Monthly Monitoring,CRC,UP,5,332,,,
3/24/2023,2023,3,24,Monthly Monitoring,CRC,UP,10,415.1,,,
3/24/2023,2023,3,24,Monthly Monitoring,CRC,UP,10,442.6,,,
3/24/2023,2023,3,24,Monthly Monitoring,CRC,UP,10,392.4,,,
3/24/2023,2023,3,24,Monthly Monitoring,CRC,UP,10,336.9,,,
3/24/2023,2023,3,24,Monthly Monitoring,CRC,UP,10,389.9,,,
3/24/2023,2023,3,24,Monthly Monitoring,CRC,UP,10,350.8,,,
3/24/2023,2023,3,24,Monthly Monitoring,CRC,UP,20,401.3,,,
3/24/2023,2023,3,24,Monthly Monitoring,CRC,UP,20,422.1,,,
3/24/2023,2023,3,24,Monthly Monitoring,CRC,UP,20,397.3,,,
3/24/2023,2023,3,24,Monthly Monitoring,CRC,UP,20,366.5,,,
3/24/2023,2023,3,24,Monthly Monitoring,CRC,UP,20,416.1,,,
3/24/2023,2023,3,24,Monthly Monitoring,CRC,UP,20,387.8,,,
3/28/2023,2023,3,28,Monthly Monitoring,OWC,WE,5,157.1,14:51,,
3/28/2023,2023,3,28,Monthly Monitoring,OWC,WE,10,41.3,15:04,,
3/28/2023,2023,3,28,Monthly Monitoring,OWC,WE,20,-136.6,15:28,,
3/28/2023,2023,3,28,Monthly Monitoring,OWC,WE,5,159.8,14:53,,
3/28/2023,2023,3,28,Monthly Monitoring,OWC,WE,10,82,15:06,,
3/28/2023,2023,3,28,Monthly Monitoring,OWC,WE,20,-99.6,15:30,,
3/28/2023,2023,3,28,Monthly Monitoring,OWC,WE,5,186.6,14:57,,
3/28/2023,2023,3,28,Monthly Monitoring,OWC,WE,10,78.3,15:07,,
3/28/2023,2023,3,28,Monthly Monitoring,OWC,WE,20,-261.2,15:31,,
3/28/2023,2023,3,28,Monthly Monitoring,OWC,TR,5,299.1,11:59,,
3/28/2023,2023,3,28,Monthly Monitoring,OWC,TR,10,191.2,12:25,,
3/28/2023,2023,3,28,Monthly Monitoring,OWC,TR,20,241.7,13:14,,
3/28/2023,2023,3,28,Monthly Monitoring,OWC,TR,5,293.9,12:00,,
3/28/2023,2023,3,28,Monthly Monitoring,OWC,TR,10,272,12:26,,
3/28/2023,2023,3,28,Monthly Monitoring,OWC,TR,20,181.6,13:16,,
3/28/2023,2023,3,28,Monthly Monitoring,OWC,TR,5,307.4,12:07,,
3/28/2023,2023,3,28,Monthly Monitoring,OWC,TR,10,349.1,12:27,,
3/28/2023,2023,3,28,Monthly Monitoring,OWC,TR,20,189.5,13:18,,
3/28/2023,2023,3,28,Monthly Monitoring,OWC,UP,5,334.6,10:07,,
3/28/2023,2023,3,28,Monthly Monitoring,OWC,UP,10,363,10:30,,
3/28/2023,2023,3,28,Monthly Monitoring,OWC,UP,20,391.5,11:03,,
3/28/2023,2023,3,28,Monthly Monitoring,OWC,UP,5,291.7,10:09,,
3/28/2023,2023,3,28,Monthly Monitoring,OWC,UP,10,361.9,10:31,,
3/28/2023,2023,3,28,Monthly Monitoring,OWC,UP,20,401.2,11:05,,
3/28/2023,2023,3,28,Monthly Monitoring,OWC,UP,5,366.7,10:14,,
3/28/2023,2023,3,28,Monthly Monitoring,OWC,UP,10,392.6,10:31,,
3/28/2023,2023,3,28,Monthly Monitoring,OWC,UP,20,428.8,11:08,,
4/14/2023,2023,4,14,Monthly Monitoring,CRC,WE,5,-27.8,10:29,,
4/14/2023,2023,4,14,Monthly Monitoring,CRC,WE,5,-102.1,10:30,,
4/14/2023,2023,4,14,Monthly Monitoring,CRC,WE,5,7.9,10:31,,
4/14/2023,2023,4,14,Monthly Monitoring,CRC,WE,5,-111.1,10:33,,
4/14/2023,2023,4,14,Monthly Monitoring,CRC,WE,5,-49.9,10:34,,
4/14/2023,2023,4,14,Monthly Monitoring,CRC,WE,5,-59.1,10:35,,
4/14/2023,2023,4,14,Monthly Monitoring,CRC,WE,10,138.3,10:37,,
4/14/2023,2023,4,14,Monthly Monitoring,CRC,WE,10,-8.8,10:39,,
4/14/2023,2023,4,14,Monthly Monitoring,CRC,WE,10,39,10:42,,
4/14/2023,2023,4,14,Monthly Monitoring,CRC,WE,10,23.7,10:47,,
4/14/2023,2023,4,14,Monthly Monitoring,CRC,WE,10,90.1,10:48,,
4/14/2023,2023,4,14,Monthly Monitoring,CRC,WE,10,138.9,10:49,,
4/14/2023,2023,4,14,Monthly Monitoring,CRC,WE,20,221.7,10:50,,
4/14/2023,2023,4,14,Monthly Monitoring,CRC,WE,20,158.5,10:53,,
4/14/2023,2023,4,14,Monthly Monitoring,CRC,WE,20,198.4,10:57,,
4/14/2023,2023,4,14,Monthly Monitoring,CRC,WE,20,188.2,11:03,,
4/14/2023,2023,4,14,Monthly Monitoring,CRC,WE,20,81.8,11:03,,
4/14/2023,2023,4,14,Monthly Monitoring,CRC,WE,20,219.7,11:06,,
4/14/2023,2023,4,14,Monthly Monitoring,CRC,TR,5,12.4,11:34,,
4/14/2023,2023,4,14,Monthly Monitoring,CRC,TR,5,52.1,11:42,,
4/14/2023,2023,4,14,Monthly Monitoring,CRC,TR,5,55.2,11:45,,
4/14/2023,2023,4,14,Monthly Monitoring,CRC,TR,5,28.9,11:54,,
4/14/2023,2023,4,14,Monthly Monitoring,CRC,TR,5,139.9,11:56,,
4/14/2023,2023,4,14,Monthly Monitoring,CRC,TR,5,58.8,11:59,,
4/14/2023,2023,4,14,Monthly Monitoring,CRC,TR,10,95.9,12:04,,
4/14/2023,2023,4,14,Monthly Monitoring,CRC,TR,10,118,12:06,,
4/14/2023,2023,4,14,Monthly Monitoring,CRC,TR,10,12.4,12:07,,
4/14/2023,2023,4,14,Monthly Monitoring,CRC,TR,10,152.9,12:08,,
4/14/2023,2023,4,14,Monthly Monitoring,CRC,TR,10,111.3,12:09,,
4/14/2023,2023,4,14,Monthly Monitoring,CRC,TR,10,63,12:14,,
4/14/2023,2023,4,14,Monthly Monitoring,CRC,TR,20,72,12:14,,
4/14/2023,2023,4,14,Monthly Monitoring,CRC,TR,20,103.2,12:16,,
4/14/2023,2023,4,14,Monthly Monitoring,CRC,TR,20,78.2,12:20,,
4/14/2023,2023,4,14,Monthly Monitoring,CRC,TR,20,154.5,12:21,,
4/14/2023,2023,4,14,Monthly Monitoring,CRC,TR,20,114.8,12:27,,
4/14/2023,2023,4,14,Monthly Monitoring,CRC,TR,20,149.4,12:32,,
4/14/2023,2023,4,14,Monthly Monitoring,CRC,UP,5,348.7,13:19,,
4/14/2023,2023,4,14,Monthly Monitoring,CRC,UP,5,321.7,13:26,,
4/14/2023,2023,4,14,Monthly Monitoring,CRC,UP,5,310.1,13:26,,
4/14/2023,2023,4,14,Monthly Monitoring,CRC,UP,5,296.9,13:27,,
4/14/2023,2023,4,14,Monthly Monitoring,CRC,UP,5,264,13:30,,
4/14/2023,2023,4,14,Monthly Monitoring,CRC,UP,5,309.7,13:34,,
4/14/2023,2023,4,14,Monthly Monitoring,CRC,UP,10,387,13:35,,
4/14/2023,2023,4,14,Monthly Monitoring,CRC,UP,10,338.2,13:36,,
4/14/2023,2023,4,14,Monthly Monitoring,CRC,UP,10,344.6,13:37,,
4/14/2023,2023,4,14,Monthly Monitoring,CRC,UP,10,323.5,13:38,,
4/14/2023,2023,4,14,Monthly Monitoring,CRC,UP,10,317.4,13:39,,
4/14/2023,2023,4,14,Monthly Monitoring,CRC,UP,10,344.1,13:43,,
4/14/2023,2023,4,14,Monthly Monitoring,CRC,UP,20,410,13:44,,
4/14/2023,2023,4,14,Monthly Monitoring,CRC,UP,20,380.1,13:45,,
4/14/2023,2023,4,14,Monthly Monitoring,CRC,UP,20,399.1,13:45,,
4/14/2023,2023,4,14,Monthly Monitoring,CRC,UP,20,383.4,13:47,,
4/14/2023,2023,4,14,Monthly Monitoring,CRC,UP,20,355.2,13:48,,
4/14/2023,2023,4,14,Monthly Monitoring,CRC,UP,20,402.3,13:51,,
4/21/2023,2023,4,21,Monthly Monitoring,OWC,UP,5,355.8,,average temp,
4/21/2023,2023,4,21,Monthly Monitoring,OWC,UP,5,251.7,,,
4/21/2023,2023,4,21,Monthly Monitoring,OWC,UP,5,-31.7,,,
4/21/2023,2023,4,21,Monthly Monitoring,OWC,UP,5,-118,,,
4/21/2023,2023,4,21,Monthly Monitoring,OWC,UP,5,256.9,,,
4/21/2023,2023,4,21,Monthly Monitoring,OWC,UP,5,357.2,,,
4/21/2023,2023,4,21,Monthly Monitoring,OWC,UP,10,390.7,,,
4/21/2023,2023,4,21,Monthly Monitoring,OWC,UP,10,332.9,,,
4/21/2023,2023,4,21,Monthly Monitoring,OWC,UP,10,294.6,,,
4/21/2023,2023,4,21,Monthly Monitoring,OWC,UP,10,19.6,,,
4/21/2023,2023,4,21,Monthly Monitoring,OWC,UP,10,236.3,,,
4/21/2023,2023,4,21,Monthly Monitoring,OWC,UP,10,379.8,,,
4/21/2023,2023,4,21,Monthly Monitoring,OWC,UP,20,422.3,,,
4/21/2023,2023,4,21,Monthly Monitoring,OWC,UP,20,374.7,,,
4/21/2023,2023,4,21,Monthly Monitoring,OWC,UP,20,413.5,,,
4/21/2023,2023,4,21,Monthly Monitoring,OWC,UP,20,420.4,,,
4/21/2023,2023,4,21,Monthly Monitoring,OWC,UP,20,381.9,,,
4/21/2023,2023,4,21,Monthly Monitoring,OWC,UP,20,449.7,,,
4/21/2023,2023,4,21,Monthly Monitoring,OWC,WE,5,-67.2,,,
4/21/2023,2023,4,21,Monthly Monitoring,OWC,WE,5,-65.3,,,
4/21/2023,2023,4,21,Monthly Monitoring,OWC,WE,5,-35.2,,,
4/21/2023,2023,4,21,Monthly Monitoring,OWC,WE,5,-108.3,,,
4/21/2023,2023,4,21,Monthly Monitoring,OWC,WE,5,-115.9,,,
4/21/2023,2023,4,21,Monthly Monitoring,OWC,WE,5,-18.7,,,
4/21/2023,2023,4,21,Monthly Monitoring,OWC,WE,10,-142.7,,,
4/21/2023,2023,4,21,Monthly Monitoring,OWC,WE,10,-124.6,,,
4/21/2023,2023,4,21,Monthly Monitoring,OWC,WE,10,-119.5,,,
4/21/2023,2023,4,21,Monthly Monitoring,OWC,WE,10,-128.6,,,
4/21/2023,2023,4,21,Monthly Monitoring,OWC,WE,10,-126.6,,,
4/21/2023,2023,4,21,Monthly Monitoring,OWC,WE,10,-114.9,,,
4/21/2023,2023,4,21,Monthly Monitoring,OWC,WE,20,-146.3,,,
4/21/2023,2023,4,21,Monthly Monitoring,OWC,WE,20,-132.9,,,
4/21/2023,2023,4,21,Monthly Monitoring,OWC,WE,20,-140,,,
4/21/2023,2023,4,21,Monthly Monitoring,OWC,WE,20,-128.6,,,
4/21/2023,2023,4,21,Monthly Monitoring,OWC,WE,20,-152.6,,,
4/21/2023,2023,4,21,Monthly Monitoring,OWC,WE,20,-141.2,,,
4/21/2023,2023,4,21,Monthly Monitoring,OWC,TR,5,304.8,,,
4/21/2023,2023,4,21,Monthly Monitoring,OWC,TR,5,293.4,,,
4/21/2023,2023,4,21,Monthly Monitoring,OWC,TR,5,131.9,,,
4/21/2023,2023,4,21,Monthly Monitoring,OWC,TR,5,313.9,,,
4/21/2023,2023,4,21,Monthly Monitoring,OWC,TR,5,292.6,,,
4/21/2023,2023,4,21,Monthly Monitoring,OWC,TR,5,195.1,,,
4/21/2023,2023,4,21,Monthly Monitoring,OWC,TR,10,281.8,,,
4/21/2023,2023,4,21,Monthly Monitoring,OWC,TR,10,293.5,,,
4/21/2023,2023,4,21,Monthly Monitoring,OWC,TR,10,108.9,,,
4/21/2023,2023,4,21,Monthly Monitoring,OWC,TR,10,320.7,,,
4/21/2023,2023,4,21,Monthly Monitoring,OWC,TR,10,326.5,,,
4/21/2023,2023,4,21,Monthly Monitoring,OWC,TR,10,238.8,,,
4/21/2023,2023,4,21,Monthly Monitoring,OWC,TR,20,280.6,,,
4/21/2023,2023,4,21,Monthly Monitoring,OWC,TR,20,-19.3,,,
4/21/2023,2023,4,21,Monthly Monitoring,OWC,TR,20,126.7,,,
4/21/2023,2023,4,21,Monthly Monitoring,OWC,TR,20,174.8,,,
4/21/2023,2023,4,21,Monthly Monitoring,OWC,TR,20,62.2,,,
4/21/2023,2023,4,21,Monthly Monitoring,OWC,TR,20,13.3,,,
5/11/2023,2023,5,11,Monthly Monitoring,OWC,UP,5,283,11:16,,
5/11/2023,2023,5,11,Monthly Monitoring,OWC,UP,5,278.7,11:17,,
5/11/2023,2023,5,11,Monthly Monitoring,OWC,UP,5,296.5,11:19,,
5/11/2023,2023,5,11,Monthly Monitoring,OWC,UP,5,323.6,11:21,,
5/11/2023,2023,5,11,Monthly Monitoring,OWC,UP,5,317.4,11:22,,
5/11/2023,2023,5,11,Monthly Monitoring,OWC,UP,5,232.1,11:24,,
5/11/2023,2023,5,11,Monthly Monitoring,OWC,UP,10,235.1,11:26,,
5/11/2023,2023,5,11,Monthly Monitoring,OWC,UP,10,382.9,11:30,,
5/11/2023,2023,5,11,Monthly Monitoring,OWC,UP,10,372.3,11:33,,
5/11/2023,2023,5,11,Monthly Monitoring,OWC,UP,10,397.3,11:43,,
5/11/2023,2023,5,11,Monthly Monitoring,OWC,UP,10,316.6,11:55,,
5/11/2023,2023,5,11,Monthly Monitoring,OWC,UP,10,388.4,11:56,,
5/11/2023,2023,5,11,Monthly Monitoring,OWC,UP,20,319.3,12:06,,
5/11/2023,2023,5,11,Monthly Monitoring,OWC,UP,20,449.3,12:21,,
5/11/2023,2023,5,11,Monthly Monitoring,OWC,UP,20,443.2,12:25,,
5/11/2023,2023,5,11,Monthly Monitoring,OWC,UP,20,456.6,12:26,,
5/11/2023,2023,5,11,Monthly Monitoring,OWC,UP,20,375.4,12:38,,
5/11/2023,2023,5,11,Monthly Monitoring,OWC,UP,20,385.4,12:39,,
5/11/2023,2023,5,11,Monthly Monitoring,OWC,TR,5,212.9,14:04,,
5/11/2023,2023,5,11,Monthly Monitoring,OWC,TR,5,278.6,14:05,,
5/11/2023,2023,5,11,Monthly Monitoring,OWC,TR,5,231.9,14:07,,
5/11/2023,2023,5,11,Monthly Monitoring,OWC,TR,5,156,14:08,,
5/11/2023,2023,5,11,Monthly Monitoring,OWC,TR,5,164.1,14:09,,
5/11/2023,2023,5,11,Monthly Monitoring,OWC,TR,5,150.6,14:10,,
5/11/2023,2023,5,11,Monthly Monitoring,OWC,TR,10,199.5,14:12,,
5/11/2023,2023,5,11,Monthly Monitoring,OWC,TR,10,260.1,14:13,,
5/11/2023,2023,5,11,Monthly Monitoring,OWC,TR,10,289.1,14:15,,
5/11/2023,2023,5,11,Monthly Monitoring,OWC,TR,10,60.7,14:16,,
5/11/2023,2023,5,11,Monthly Monitoring,OWC,TR,10,147.7,14:18,,
5/11/2023,2023,5,11,Monthly Monitoring,OWC,TR,10,232,14:26,,
5/11/2023,2023,5,11,Monthly Monitoring,OWC,TR,20,240.3,14:27,,
5/11/2023,2023,5,11,Monthly Monitoring,OWC,TR,20,133.5,14:28,,
5/11/2023,2023,5,11,Monthly Monitoring,OWC,TR,20,72.2,14:31,,
5/11/2023,2023,5,11,Monthly Monitoring,OWC,TR,20,68.4,14:32,,
5/11/2023,2023,5,11,Monthly Monitoring,OWC,TR,20,84,14:37,,
5/11/2023,2023,5,11,Monthly Monitoring,OWC,TR,20,40,14:38,,
5/30/2023,2023,5,30,Monthly Monitoring,CRC,UP,5,286.9,,,
5/30/2023,2023,5,30,Monthly Monitoring,CRC,UP,5,247.3,,,
5/30/2023,2023,5,30,Monthly Monitoring,CRC,UP,5,236.2,,,
5/30/2023,2023,5,30,Monthly Monitoring,CRC,UP,5,307.2,,,
5/30/2023,2023,5,30,Monthly Monitoring,CRC,UP,5,305.6,,,
5/30/2023,2023,5,30,Monthly Monitoring,CRC,UP,5,311.6,,,
5/30/2023,2023,5,30,Monthly Monitoring,CRC,UP,10,267,,,
5/30/2023,2023,5,30,Monthly Monitoring,CRC,UP,10,318.4,,,
5/30/2023,2023,5,30,Monthly Monitoring,CRC,UP,10,349.8,,,
5/30/2023,2023,5,30,Monthly Monitoring,CRC,UP,10,343.7,,,
5/30/2023,2023,5,30,Monthly Monitoring,CRC,UP,10,376.4,,,
5/30/2023,2023,5,30,Monthly Monitoring,CRC,UP,10,370.6,,,
5/30/2023,2023,5,30,Monthly Monitoring,CRC,UP,20,393.7,,,
5/30/2023,2023,5,30,Monthly Monitoring,CRC,UP,20,396.7,,,
5/30/2023,2023,5,30,Monthly Monitoring,CRC,UP,20,390.4,,,
5/30/2023,2023,5,30,Monthly Monitoring,CRC,UP,20,420.4,,,
5/30/2023,2023,5,30,Monthly Monitoring,CRC,UP,20,398.3,,,
5/30/2023,2023,5,30,Monthly Monitoring,CRC,UP,20,369.2,,,
5/30/2023,2023,5,30,Monthly Monitoring,CRC,TR,5,65.9,,,
5/30/2023,2023,5,30,Monthly Monitoring,CRC,TR,5,60.8,,,
5/30/2023,2023,5,30,Monthly Monitoring,CRC,TR,5,29.4,,,
5/30/2023,2023,5,30,Monthly Monitoring,CRC,TR,5,143.3,,,
5/30/2023,2023,5,30,Monthly Monitoring,CRC,TR,10,6.5,,,
5/30/2023,2023,5,30,Monthly Monitoring,CRC,TR,10,44.2,,,
5/30/2023,2023,5,30,Monthly Monitoring,CRC,TR,10,20.9,,,
5/30/2023,2023,5,30,Monthly Monitoring,CRC,TR,10,97.3,,,
5/30/2023,2023,5,30,Monthly Monitoring,CRC,TR,20,45.9,,,
5/30/2023,2023,5,30,Monthly Monitoring,CRC,TR,20,59.4,,,
5/30/2023,2023,5,30,Monthly Monitoring,CRC,TR,20,82,,,
5/30/2023,2023,5,30,Monthly Monitoring,CRC,TR,20,106.4,,,
5/30/2023,2023,5,30,Monthly Monitoring,CRC,WE,5,-125.3,,,
5/30/2023,2023,5,30,Monthly Monitoring,CRC,WE,5,-103.5,,,
5/30/2023,2023,5,30,Monthly Monitoring,CRC,WE,5,-194,,,
5/30/2023,2023,5,30,Monthly Monitoring,CRC,WE,5,-89.6,,Taken 2h later than others,
5/30/2023,2023,5,30,Monthly Monitoring,CRC,WE,10,-86.5,,,
5/30/2023,2023,5,30,Monthly Monitoring,CRC,WE,10,-5.5,,,
5/30/2023,2023,5,30,Monthly Monitoring,CRC,WE,10,-83.7,,,
5/30/2023,2023,5,30,Monthly Monitoring,CRC,WE,10,-60.5,,Taken 2h later than others,
5/30/2023,2023,5,30,Monthly Monitoring,CRC,WE,20,80.9,,,
5/30/2023,2023,5,30,Monthly Monitoring,CRC,WE,20,117.4,,,
5/30/2023,2023,5,30,Monthly Monitoring,CRC,WE,20,10.8,,,
5/30/2023,2023,5,30,Monthly Monitoring,CRC,WE,20,65.6,,Taken 2h later than others,
6/22/2023,2023,6,22,Monthly Monitoring,OWC,WE,10,-99.4,15:35,,cable had disconnected at some point sso readings were redone. 
6/22/2023,2023,6,22,Monthly Monitoring,OWC,WE,10,-32.2,,,took long time for soil to stabilize so only 3 for TR and WE
6/22/2023,2023,6,22,Monthly Monitoring,OWC,WE,10,-115.2,,,
6/22/2023,2023,6,22,Monthly Monitoring,OWC,WE,5,-47.3,,,
6/22/2023,2023,6,22,Monthly Monitoring,OWC,WE,5,-10.2,,,
6/22/2023,2023,6,22,Monthly Monitoring,OWC,WE,5,5.5,,,
6/22/2023,2023,6,22,Monthly Monitoring,OWC,WE,20,-11.7,,,
6/22/2023,2023,6,22,Monthly Monitoring,OWC,WE,20,-109.1,,,
6/22/2023,2023,6,22,Monthly Monitoring,OWC,WE,20,-113.7,,,
6/22/2023,2023,6,22,Monthly Monitoring,OWC,TR,10,1.2,15:00,,
6/22/2023,2023,6,22,Monthly Monitoring,OWC,TR,10,165.4,,,
6/22/2023,2023,6,22,Monthly Monitoring,OWC,TR,10,59.6,,,
6/22/2023,2023,6,22,Monthly Monitoring,OWC,TR,5,-56.3,13:57,,
6/22/2023,2023,6,22,Monthly Monitoring,OWC,TR,5,140.3,,,
6/22/2023,2023,6,22,Monthly Monitoring,OWC,TR,5,62.3,,,
6/22/2023,2023,6,22,Monthly Monitoring,OWC,TR,5,128.4,,,
6/22/2023,2023,6,22,Monthly Monitoring,OWC,TR,20,159.3,15:18,,
6/22/2023,2023,6,22,Monthly Monitoring,OWC,TR,20,201.5,,,
6/22/2023,2023,6,22,Monthly Monitoring,OWC,TR,20,266.8,,,
6/22/2023,2023,6,22,Monthly Monitoring,OWC,UP,10,-3.8,10:36,,
6/22/2023,2023,6,22,Monthly Monitoring,OWC,UP,10,-15.1,10:41,,
6/22/2023,2023,6,22,Monthly Monitoring,OWC,UP,10,294.9,10:47,,
6/22/2023,2023,6,22,Monthly Monitoring,OWC,UP,10,542.5,10:51,,
6/22/2023,2023,6,22,Monthly Monitoring,OWC,UP,10,573,10:53,,
6/22/2023,2023,6,22,Monthly Monitoring,OWC,UP,10,301.8,10:59,,
6/22/2023,2023,6,22,Monthly Monitoring,OWC,UP,5,183.8,11:16,,
6/22/2023,2023,6,22,Monthly Monitoring,OWC,UP,5,318.5,,,
6/22/2023,2023,6,22,Monthly Monitoring,OWC,UP,5,344.1,,,
6/22/2023,2023,6,22,Monthly Monitoring,OWC,UP,5,312.2,,,
6/22/2023,2023,6,22,Monthly Monitoring,OWC,UP,5,293.7,,,
6/22/2023,2023,6,22,Monthly Monitoring,OWC,UP,5,229.5,12:15,,
6/22/2023,2023,6,22,Monthly Monitoring,OWC,UP,20,381.5,,,
6/22/2023,2023,6,22,Monthly Monitoring,OWC,UP,20,374.8,,,
6/22/2023,2023,6,22,Monthly Monitoring,OWC,UP,20,390.7,,,
6/22/2023,2023,6,22,Monthly Monitoring,OWC,UP,20,229.1,,,
6/29/2023,2023,6,29,Monthly Monitoring,CRC,WE,5,27.5,12:06,,
6/29/2023,2023,6,29,Monthly Monitoring,CRC,WE,5,-25.9,12:10,,
6/29/2023,2023,6,29,Monthly Monitoring,CRC,WE,5,-69,12:13,,
6/29/2023,2023,6,29,Monthly Monitoring,CRC,WE,5,-76.9,12:14,,
6/29/2023,2023,6,29,Monthly Monitoring,CRC,WE,5,-87.9,12:14,,
6/29/2023,2023,6,29,Monthly Monitoring,CRC,WE,5,-155.3,12:15,,
6/29/2023,2023,6,29,Monthly Monitoring,CRC,WE,10,13.2,,,
6/29/2023,2023,6,29,Monthly Monitoring,CRC,WE,10,-43.3,,,
6/29/2023,2023,6,29,Monthly Monitoring,CRC,WE,10,-29.4,,,
6/29/2023,2023,6,29,Monthly Monitoring,CRC,WE,10,-86.6,,,
6/29/2023,2023,6,29,Monthly Monitoring,CRC,TR,5,134.2,11:12,,
6/29/2023,2023,6,29,Monthly Monitoring,CRC,TR,5,264.3,11:20,,
6/29/2023,2023,6,29,Monthly Monitoring,CRC,TR,5,320.9,11:22,,
6/29/2023,2023,6,29,Monthly Monitoring,CRC,TR,5,321.7,11:23,,
6/29/2023,2023,6,29,Monthly Monitoring,CRC,TR,5,238.8,11:24,,
6/29/2023,2023,6,29,Monthly Monitoring,CRC,TR,5,326.8,11:25,,
6/29/2023,2023,6,29,Monthly Monitoring,CRC,TR,10,137.1,11:41,,
6/29/2023,2023,6,29,Monthly Monitoring,CRC,TR,10,228,11:31,,
6/29/2023,2023,6,29,Monthly Monitoring,CRC,TR,10,244.2,11:30,,
6/29/2023,2023,6,29,Monthly Monitoring,CRC,TR,10,248.1,11:29,,
6/29/2023,2023,6,29,Monthly Monitoring,CRC,TR,10,191,11:28,,
6/29/2023,2023,6,29,Monthly Monitoring,CRC,TR,10,265.2,11:27,,
6/29/2023,2023,6,29,Monthly Monitoring,CRC,TR,20,132.9,11:50,,
6/29/2023,2023,6,29,Monthly Monitoring,CRC,TR,20,191.1,11:51,,
6/29/2023,2023,6,29,Monthly Monitoring,CRC,TR,20,206.4,11:52,,
6/29/2023,2023,6,29,Monthly Monitoring,CRC,TR,20,175.1,11:52,,
6/29/2023,2023,6,29,Monthly Monitoring,CRC,TR,20,171.1,11:53,,
6/29/2023,2023,6,29,Monthly Monitoring,CRC,TR,20,220.6,11:54,,
6/29/2023,2023,6,29,Monthly Monitoring,CRC,UP,5,294.2,9:21,,
6/29/2023,2023,6,29,Monthly Monitoring,CRC,UP,5,177.4,9:32,,
6/29/2023,2023,6,29,Monthly Monitoring,CRC,UP,5,225.9,9:35,,
6/29/2023,2023,6,29,Monthly Monitoring,CRC,UP,5,344.1,9:38,,
6/29/2023,2023,6,29,Monthly Monitoring,CRC,UP,5,273.1,9:39,,
6/29/2023,2023,6,29,Monthly Monitoring,CRC,UP,5,295.6,9:40,,
6/29/2023,2023,6,29,Monthly Monitoring,CRC,UP,10,401.4,9:43,,
6/29/2023,2023,6,29,Monthly Monitoring,CRC,UP,10,325,9:45,,
6/29/2023,2023,6,29,Monthly Monitoring,CRC,UP,10,286.1,9:50,,
6/29/2023,2023,6,29,Monthly Monitoring,CRC,UP,10,351.5,9:59,,
6/29/2023,2023,6,29,Monthly Monitoring,CRC,UP,10,324,,,
6/29/2023,2023,6,29,Monthly Monitoring,CRC,UP,10,324.2,10:06,,
6/29/2023,2023,6,29,Monthly Monitoring,CRC,UP,20,393.7,10:09,,
6/29/2023,2023,6,29,Monthly Monitoring,CRC,UP,20,381.3,10:10,,
6/29/2023,2023,6,29,Monthly Monitoring,CRC,UP,20,399,10:11,,
6/29/2023,2023,6,29,Monthly Monitoring,CRC,UP,20,404.6,10:14,,
6/29/2023,2023,6,29,Monthly Monitoring,CRC,UP,20,385.3,10:16,,
6/29/2023,2023,6,29,Monthly Monitoring,CRC,UP,20,378.1,10:17,,
7/13/2023,2023,7,13,Monthly Monitoring,CRC,WE,5,93.6,10:50,,
7/13/2023,2023,7,13,Monthly Monitoring,CRC,WE,5,45.2,10:52,,
7/13/2023,2023,7,13,Monthly Monitoring,CRC,WE,5,16.2,10:53,,
7/13/2023,2023,7,13,Monthly Monitoring,CRC,WE,5,-13.7,10:54,,
7/13/2023,2023,7,13,Monthly Monitoring,CRC,WE,5,53.3,10:55,,
7/13/2023,2023,7,13,Monthly Monitoring,CRC,WE,5,73.4,10:56,,
7/13/2023,2023,7,13,Monthly Monitoring,CRC,WE,10,4.9,10:59,,
7/13/2023,2023,7,13,Monthly Monitoring,CRC,WE,10,-37,11:01,,
7/13/2023,2023,7,13,Monthly Monitoring,CRC,WE,10,-91.5,11:04,,
7/13/2023,2023,7,13,Monthly Monitoring,CRC,WE,10,-72,11:04,,
7/13/2023,2023,7,13,Monthly Monitoring,CRC,WE,10,-114.4,11:05,,
7/13/2023,2023,7,13,Monthly Monitoring,CRC,WE,10,-69.5,11:07,,
7/13/2023,2023,7,13,Monthly Monitoring,CRC,WE,20,50.4,11:15,,
7/13/2023,2023,7,13,Monthly Monitoring,CRC,WE,20,30.3,11:16,,
7/13/2023,2023,7,13,Monthly Monitoring,CRC,WE,20,13.9,11:17,,
7/13/2023,2023,7,13,Monthly Monitoring,CRC,WE,20,29.9,11:18,,
7/13/2023,2023,7,13,Monthly Monitoring,CRC,WE,20,-93.3,11:18,,
7/13/2023,2023,7,13,Monthly Monitoring,CRC,WE,20,37.8,11:19,,
7/13/2023,2023,7,13,Monthly Monitoring,CRC,TR,5,219,9:58,,
7/13/2023,2023,7,13,Monthly Monitoring,CRC,TR,5,263.8,10:00,,
7/13/2023,2023,7,13,Monthly Monitoring,CRC,TR,5,299.6,10:02,,
7/13/2023,2023,7,13,Monthly Monitoring,CRC,TR,5,247,10:04,,
7/13/2023,2023,7,13,Monthly Monitoring,CRC,TR,5,320.3,10:05,,
7/13/2023,2023,7,13,Monthly Monitoring,CRC,TR,5,147.4,10:06,,
7/13/2023,2023,7,13,Monthly Monitoring,CRC,TR,10,298.1,10:10,,
7/13/2023,2023,7,13,Monthly Monitoring,CRC,TR,10,298.5,10:11,,
7/13/2023,2023,7,13,Monthly Monitoring,CRC,TR,10,308.1,10:12,,
7/13/2023,2023,7,13,Monthly Monitoring,CRC,TR,10,257.3,10:13,,
7/13/2023,2023,7,13,Monthly Monitoring,CRC,TR,10,344.2,10:14,,
7/13/2023,2023,7,13,Monthly Monitoring,CRC,TR,10,154.5,10:26,,
7/13/2023,2023,7,13,Monthly Monitoring,CRC,TR,20,335.1,10:29,,
7/13/2023,2023,7,13,Monthly Monitoring,CRC,TR,20,320.1,10:31,,
7/13/2023,2023,7,13,Monthly Monitoring,CRC,TR,20,336.1,10:32,,
7/13/2023,2023,7,13,Monthly Monitoring,CRC,TR,20,327.6,10:33,,
7/13/2023,2023,7,13,Monthly Monitoring,CRC,TR,20,341.9,10:34,,
7/13/2023,2023,7,13,Monthly Monitoring,CRC,TR,20,185.7,10:35,,
7/13/2023,2023,7,13,Monthly Monitoring,CRC,UP,5,296.1,14:05,,
7/13/2023,2023,7,13,Monthly Monitoring,CRC,UP,5,279.6,14:06,,
7/13/2023,2023,7,13,Monthly Monitoring,CRC,UP,5,284.6,14:07,,
7/13/2023,2023,7,13,Monthly Monitoring,CRC,UP,5,171.5,14:08,,
7/13/2023,2023,7,13,Monthly Monitoring,CRC,UP,5,227.2,14:10,,
7/13/2023,2023,7,13,Monthly Monitoring,CRC,UP,5,188.9,14:11,,
7/13/2023,2023,7,13,Monthly Monitoring,CRC,UP,10,298.4,14:14,,
7/13/2023,2023,7,13,Monthly Monitoring,CRC,UP,10,279.4,14:16,,
7/13/2023,2023,7,13,Monthly Monitoring,CRC,UP,10,300.1,14:18,,
7/13/2023,2023,7,13,Monthly Monitoring,CRC,UP,10,242.7,14:19,,
7/13/2023,2023,7,13,Monthly Monitoring,CRC,UP,10,229.4,14:21,,
7/13/2023,2023,7,13,Monthly Monitoring,CRC,UP,10,246.1,14:23,,
7/13/2023,2023,7,13,Monthly Monitoring,CRC,UP,20,337.3,14:28,,
7/13/2023,2023,7,13,Monthly Monitoring,CRC,UP,20,340.2,14:29,,
7/13/2023,2023,7,13,Monthly Monitoring,CRC,UP,20,334.4,14:30,,
7/13/2023,2023,7,13,Monthly Monitoring,CRC,UP,20,322.9,12:33,,
7/13/2023,2023,7,13,Monthly Monitoring,CRC,UP,20,338.3,12:34,,
7/13/2023,2023,7,13,Monthly Monitoring,CRC,UP,20,310.7,12:35,,
7/25/2023,2023,7,25,Monthly Monitoring,OWC,WE,5,59.3,11:59,,
7/25/2023,2023,7,25,Monthly Monitoring,OWC,WE,5,-72.3,12:09,,
7/25/2023,2023,7,25,Monthly Monitoring,OWC,WE,5,308.4,12:22,,
7/25/2023,2023,7,25,Monthly Monitoring,OWC,WE,5,233.5,12:29,,
7/25/2023,2023,7,25,Monthly Monitoring,OWC,WE,5,-55.3,12:40,,
7/25/2023,2023,7,25,Monthly Monitoring,OWC,WE,5,345.8,12:52,,
7/25/2023,2023,7,25,Monthly Monitoring,OWC,WE,10,-109.2,12:01,,
7/25/2023,2023,7,25,Monthly Monitoring,OWC,WE,10,-91.2,12:13,,
7/25/2023,2023,7,25,Monthly Monitoring,OWC,WE,10,61,12:24,,
7/25/2023,2023,7,25,Monthly Monitoring,OWC,WE,10,-92.6,12:35,,
7/25/2023,2023,7,25,Monthly Monitoring,OWC,WE,10,-70.4,12:42,,
7/25/2023,2023,7,25,Monthly Monitoring,OWC,WE,10,322.1,12:58,,
7/25/2023,2023,7,25,Monthly Monitoring,OWC,WE,20,-131.6,12:04,,
7/25/2023,2023,7,25,Monthly Monitoring,OWC,WE,20,-136.3,12:16,,
7/25/2023,2023,7,25,Monthly Monitoring,OWC,WE,20,-99.2,12:26,,
7/25/2023,2023,7,25,Monthly Monitoring,OWC,WE,20,-77.7,12:38,,
7/25/2023,2023,7,25,Monthly Monitoring,OWC,WE,20,-128.9,12:44,,
7/25/2023,2023,7,25,Monthly Monitoring,OWC,WE,20,-118.4,12:59,,
7/25/2023,2023,7,25,Monthly Monitoring,OWC,TR,5,120.4,10:43,,
7/25/2023,2023,7,25,Monthly Monitoring,OWC,TR,5,180.2,10:54,,
7/25/2023,2023,7,25,Monthly Monitoring,OWC,TR,5,251.3,11:02,,
7/25/2023,2023,7,25,Monthly Monitoring,OWC,TR,5,295.9,11:09,,
7/25/2023,2023,7,25,Monthly Monitoring,OWC,TR,5,267.4,11:18,,
7/25/2023,2023,7,25,Monthly Monitoring,OWC,TR,5,270.1,11:28,,
7/25/2023,2023,7,25,Monthly Monitoring,OWC,TR,10,295.6,10:48,,
7/25/2023,2023,7,25,Monthly Monitoring,OWC,TR,10,242.4,10:56,,
7/25/2023,2023,7,25,Monthly Monitoring,OWC,TR,10,259.5,11:04,,
7/25/2023,2023,7,25,Monthly Monitoring,OWC,TR,10,297,11:12,,
7/25/2023,2023,7,25,Monthly Monitoring,OWC,TR,10,306.2,11:22,,
7/25/2023,2023,7,25,Monthly Monitoring,OWC,TR,10,280.8,11:30,,
7/25/2023,2023,7,25,Monthly Monitoring,OWC,TR,20,314.9,10:51,,
7/25/2023,2023,7,25,Monthly Monitoring,OWC,TR,20,322.2,11:01,,
7/25/2023,2023,7,25,Monthly Monitoring,OWC,TR,20,223.4,11:06,,
7/25/2023,2023,7,25,Monthly Monitoring,OWC,TR,20,332.8,11:17,,
7/25/2023,2023,7,25,Monthly Monitoring,OWC,TR,20,321.2,11:26,,
7/25/2023,2023,7,25,Monthly Monitoring,OWC,TR,20,341.7,11:35,,
7/25/2023,2023,7,25,Monthly Monitoring,OWC,UP,5,270.8,14:04,,
7/25/2023,2023,7,25,Monthly Monitoring,OWC,UP,5,218.7,14:13,,
7/25/2023,2023,7,25,Monthly Monitoring,OWC,UP,5,274.3,14:26,,
7/25/2023,2023,7,25,Monthly Monitoring,OWC,UP,5,253.7,14:40,,
7/25/2023,2023,7,25,Monthly Monitoring,OWC,UP,5,319.1,14:58,,
7/25/2023,2023,7,25,Monthly Monitoring,OWC,UP,5,344.9,14:59,,
7/25/2023,2023,7,25,Monthly Monitoring,OWC,UP,10,331.3,14:09,,
7/25/2023,2023,7,25,Monthly Monitoring,OWC,UP,10,341.7,14:18,,
7/25/2023,2023,7,25,Monthly Monitoring,OWC,UP,10,360.6,14:31,,
7/25/2023,2023,7,25,Monthly Monitoring,OWC,UP,10,344.7,14:45,,
7/25/2023,2023,7,25,Monthly Monitoring,OWC,UP,10,354.4,15:03,,
7/25/2023,2023,7,25,Monthly Monitoring,OWC,UP,10,243,15:04,,
7/25/2023,2023,7,25,Monthly Monitoring,OWC,UP,20,328,14:12,,
7/25/2023,2023,7,25,Monthly Monitoring,OWC,UP,20,-32.7,14:23,,
7/25/2023,2023,7,25,Monthly Monitoring,OWC,UP,20,420.3,14:38,,
7/25/2023,2023,7,25,Monthly Monitoring,OWC,UP,20,377.3,14:56,,
7/25/2023,2023,7,25,Monthly Monitoring,OWC,UP,20,393.7,15:11,,
7/25/2023,2023,7,25,Monthly Monitoring,OWC,UP,20,404.1,15:12,,
7/27/2023,2023,7,27,Monthly Monitoring,PTR,WE,5,281.4,10:06,,
7/27/2023,2023,7,27,Monthly Monitoring,PTR,WE,5,204.9,10:12,,
7/27/2023,2023,7,27,Monthly Monitoring,PTR,WE,5,209.5,10:14,,
7/27/2023,2023,7,27,Monthly Monitoring,PTR,WE,5,176.5,10:15,,
7/27/2023,2023,7,27,Monthly Monitoring,PTR,WE,5,183.7,10:16,,
7/27/2023,2023,7,27,Monthly Monitoring,PTR,WE,5,196.3,10:17,,
7/27/2023,2023,7,27,Monthly Monitoring,PTR,WE,10,193.7,10:23,,
7/27/2023,2023,7,27,Monthly Monitoring,PTR,WE,10,196.2,10:24,,
7/27/2023,2023,7,27,Monthly Monitoring,PTR,WE,10,202.6,10:26,,
7/27/2023,2023,7,27,Monthly Monitoring,PTR,WE,10,190.6,10:27,,
7/27/2023,2023,7,27,Monthly Monitoring,PTR,WE,10,151.5,10:28,,
7/27/2023,2023,7,27,Monthly Monitoring,PTR,WE,10,185.1,10:29,,
7/27/2023,2023,7,27,Monthly Monitoring,PTR,WE,20,89.6,10:32,,
7/27/2023,2023,7,27,Monthly Monitoring,PTR,WE,20,173.3,10:38,,
7/27/2023,2023,7,27,Monthly Monitoring,PTR,WE,20,235.1,10:39,,
7/27/2023,2023,7,27,Monthly Monitoring,PTR,WE,20,242.4,10:41,,
7/27/2023,2023,7,27,Monthly Monitoring,PTR,WE,20,227.7,10:42,,
7/27/2023,2023,7,27,Monthly Monitoring,PTR,WE,20,236.7,10:43,,
7/27/2023,2023,7,27,Monthly Monitoring,PTR,TR,5,316.4,11:00,,
7/27/2023,2023,7,27,Monthly Monitoring,PTR,TR,5,348.3,11:01,,
7/27/2023,2023,7,27,Monthly Monitoring,PTR,TR,5,360.3,11:02,,
7/27/2023,2023,7,27,Monthly Monitoring,PTR,TR,5,343.9,11:03,,
7/27/2023,2023,7,27,Monthly Monitoring,PTR,TR,5,355.6,11:04,,
7/27/2023,2023,7,27,Monthly Monitoring,PTR,TR,5,341.5,11:05,,
7/27/2023,2023,7,27,Monthly Monitoring,PTR,TR,10,363.4,11:10,,
7/27/2023,2023,7,27,Monthly Monitoring,PTR,TR,10,383.2,11:11,,
7/27/2023,2023,7,27,Monthly Monitoring,PTR,TR,10,371.3,11:12,,
7/27/2023,2023,7,27,Monthly Monitoring,PTR,TR,10,387.5,11:13,,
7/27/2023,2023,7,27,Monthly Monitoring,PTR,TR,10,382.8,11:14,,
7/27/2023,2023,7,27,Monthly Monitoring,PTR,TR,10,392.8,11:15,,
7/27/2023,2023,7,27,Monthly Monitoring,PTR,TR,20,409.5,11:21,,
7/27/2023,2023,7,27,Monthly Monitoring,PTR,TR,20,425.7,11:23,,
7/27/2023,2023,7,27,Monthly Monitoring,PTR,TR,20,412.6,11:24,,
7/27/2023,2023,7,27,Monthly Monitoring,PTR,TR,20,424.5,11:25,,
7/27/2023,2023,7,27,Monthly Monitoring,PTR,TR,20,418,11:25,,
7/27/2023,2023,7,27,Monthly Monitoring,PTR,TR,20,425,11:26,,
7/27/2023,2023,7,27,Monthly Monitoring,PTR,UP,5,392.3,11:42,,
7/27/2023,2023,7,27,Monthly Monitoring,PTR,UP,5,399.7,11:43,,
7/27/2023,2023,7,27,Monthly Monitoring,PTR,UP,5,379.4,11:44,,
7/27/2023,2023,7,27,Monthly Monitoring,PTR,UP,5,383.1,11:45,,
7/27/2023,2023,7,27,Monthly Monitoring,PTR,UP,5,348.3,11:46,,
7/27/2023,2023,7,27,Monthly Monitoring,PTR,UP,5,403.2,11:47,,
7/27/2023,2023,7,27,Monthly Monitoring,PTR,UP,10,383.9,11:52,,
7/27/2023,2023,7,27,Monthly Monitoring,PTR,UP,10,390.8,11:53,,
7/27/2023,2023,7,27,Monthly Monitoring,PTR,UP,10,391.5,11:54,,
7/27/2023,2023,7,27,Monthly Monitoring,PTR,UP,10,401.9,11:55,,
7/27/2023,2023,7,27,Monthly Monitoring,PTR,UP,10,396.3,11:56,,
7/27/2023,2023,7,27,Monthly Monitoring,PTR,UP,10,344.9,11:57,,
7/27/2023,2023,7,27,Monthly Monitoring,PTR,UP,20,389.1,12:02,,
7/27/2023,2023,7,27,Monthly Monitoring,PTR,UP,20,382.4,12:02,,
7/27/2023,2023,7,27,Monthly Monitoring,PTR,UP,20,386.7,12:03,,
7/27/2023,2023,7,27,Monthly Monitoring,PTR,UP,20,412.6,12:04,,
7/27/2023,2023,7,27,Monthly Monitoring,PTR,UP,20,396.8,12:05,,
7/27/2023,2023,7,27,Monthly Monitoring,PTR,UP,20,429.8,12:06,,
8/3/2023,2023,8,3,Monthly Monitoring,CRC,WE,5,36,11:04,,
8/3/2023,2023,8,3,Monthly Monitoring,CRC,WE,5,35.1,11:05,,
8/3/2023,2023,8,3,Monthly Monitoring,CRC,WE,5,57.5,11:06,,
8/3/2023,2023,8,3,Monthly Monitoring,CRC,WE,5,-2.9,11:07,,
8/3/2023,2023,8,3,Monthly Monitoring,CRC,WE,5,64,11:07,,
8/3/2023,2023,8,3,Monthly Monitoring,CRC,WE,5,69.9,11:08,,
8/3/2023,2023,8,3,Monthly Monitoring,CRC,WE,10,62.1,11:11,,
8/3/2023,2023,8,3,Monthly Monitoring,CRC,WE,10,53,11:12,,
8/3/2023,2023,8,3,Monthly Monitoring,CRC,WE,10,128.2,11:14,,
8/3/2023,2023,8,3,Monthly Monitoring,CRC,WE,10,66.7,11:14,,
8/3/2023,2023,8,3,Monthly Monitoring,CRC,WE,10,59.4,11:15,,
8/3/2023,2023,8,3,Monthly Monitoring,CRC,WE,10,57.7,11:16,,
8/3/2023,2023,8,3,Monthly Monitoring,CRC,WE,20,40.2,11:20,,
8/3/2023,2023,8,3,Monthly Monitoring,CRC,WE,20,32.4,11:21,,
8/3/2023,2023,8,3,Monthly Monitoring,CRC,WE,20,104.6,11:22,,
8/3/2023,2023,8,3,Monthly Monitoring,CRC,WE,20,97.5,11:23,,
8/3/2023,2023,8,3,Monthly Monitoring,CRC,WE,20,79.8,11:24,,
8/3/2023,2023,8,3,Monthly Monitoring,CRC,WE,20,108.2,11:25,,
8/3/2023,2023,8,3,Monthly Monitoring,CRC,TR,5,255.8,9:43,,
8/3/2023,2023,8,3,Monthly Monitoring,CRC,TR,5,198,9:44,,
8/3/2023,2023,8,3,Monthly Monitoring,CRC,TR,5,258.4,9:55,,
8/3/2023,2023,8,3,Monthly Monitoring,CRC,TR,5,125.1,9:57,,
8/3/2023,2023,8,3,Monthly Monitoring,CRC,TR,5,182.7,9:58,,
8/3/2023,2023,8,3,Monthly Monitoring,CRC,TR,5,200.1,10:00,,
8/3/2023,2023,8,3,Monthly Monitoring,CRC,TR,10,304.9,10:02,,
8/3/2023,2023,8,3,Monthly Monitoring,CRC,TR,10,233,10:14,,
8/3/2023,2023,8,3,Monthly Monitoring,CRC,TR,10,225.5,10:22,,
8/3/2023,2023,8,3,Monthly Monitoring,CRC,TR,10,264,10:23,,
8/3/2023,2023,8,3,Monthly Monitoring,CRC,TR,10,280.1,10:25,,
8/3/2023,2023,8,3,Monthly Monitoring,CRC,TR,10,287.9,10:26,,
8/3/2023,2023,8,3,Monthly Monitoring,CRC,TR,20,321.6,10:28,,
8/3/2023,2023,8,3,Monthly Monitoring,CRC,TR,20,304.8,10:29,,
8/3/2023,2023,8,3,Monthly Monitoring,CRC,TR,20,233.8,10:46,,
8/3/2023,2023,8,3,Monthly Monitoring,CRC,TR,20,297.6,10:48,,
8/3/2023,2023,8,3,Monthly Monitoring,CRC,TR,20,228.9,10:50,,
8/3/2023,2023,8,3,Monthly Monitoring,CRC,TR,20,331.4,10:51,,
8/3/2023,2023,8,3,Monthly Monitoring,CRC,UP,5,312.6,12:39,,
8/3/2023,2023,8,3,Monthly Monitoring,CRC,UP,5,312.4,12:40,,
8/3/2023,2023,8,3,Monthly Monitoring,CRC,UP,5,328.4,12:41,,
8/3/2023,2023,8,3,Monthly Monitoring,CRC,UP,5,289,12:42,,
8/3/2023,2023,8,3,Monthly Monitoring,CRC,UP,5,330.3,12:43,,
8/3/2023,2023,8,3,Monthly Monitoring,CRC,UP,5,326.8,12:44,,
8/3/2023,2023,8,3,Monthly Monitoring,CRC,UP,10,362.9,12:49,,
8/3/2023,2023,8,3,Monthly Monitoring,CRC,UP,10,352.9,12:50,,
8/3/2023,2023,8,3,Monthly Monitoring,CRC,UP,10,362,12:51,,
8/3/2023,2023,8,3,Monthly Monitoring,CRC,UP,10,351,12:52,,
8/3/2023,2023,8,3,Monthly Monitoring,CRC,UP,10,351.3,12:52,,
8/3/2023,2023,8,3,Monthly Monitoring,CRC,UP,10,354.5,12:53,,
8/3/2023,2023,8,3,Monthly Monitoring,CRC,UP,20,388.7,12:58,,
8/3/2023,2023,8,3,Monthly Monitoring,CRC,UP,20,394,12:58,,
8/3/2023,2023,8,3,Monthly Monitoring,CRC,UP,20,408.5,12:59,,
8/3/2023,2023,8,3,Monthly Monitoring,CRC,UP,20,284.9,13:00,,
8/3/2023,2023,8,3,Monthly Monitoring,CRC,UP,20,416.1,13:01,,
8/3/2023,2023,8,3,Monthly Monitoring,CRC,UP,20,398.4,13:01,,
8/10/2023,2023,8,10,Monthly Monitoring,OWC,WE,5,309.4,11:20,,
8/10/2023,2023,8,10,Monthly Monitoring,OWC,WE,5,367.3,11:21,,
8/10/2023,2023,8,10,Monthly Monitoring,OWC,WE,5,350.6,11:22,,
8/10/2023,2023,8,10,Monthly Monitoring,OWC,WE,5,354.6,11:23,,
8/10/2023,2023,8,10,Monthly Monitoring,OWC,WE,5,361.2,11:24,,
8/10/2023,2023,8,10,Monthly Monitoring,OWC,WE,5,256.9,11:30,,
8/10/2023,2023,8,10,Monthly Monitoring,OWC,WE,10,-24.9,11:32,,
8/10/2023,2023,8,10,Monthly Monitoring,OWC,WE,10,278,11:33,,
8/10/2023,2023,8,10,Monthly Monitoring,OWC,WE,10,254.6,11:38,,
8/10/2023,2023,8,10,Monthly Monitoring,OWC,WE,10,268.4,11:39,,
8/10/2023,2023,8,10,Monthly Monitoring,OWC,WE,10,200.6,11:40,,
8/10/2023,2023,8,10,Monthly Monitoring,OWC,WE,10,-0.7,11:41,,
8/10/2023,2023,8,10,Monthly Monitoring,OWC,WE,20,-145.5,11:45,,
8/10/2023,2023,8,10,Monthly Monitoring,OWC,WE,20,-102.3,11:47,,
8/10/2023,2023,8,10,Monthly Monitoring,OWC,WE,20,-108.8,11:48,,
8/10/2023,2023,8,10,Monthly Monitoring,OWC,WE,20,-98.1,11:49,,
8/10/2023,2023,8,10,Monthly Monitoring,OWC,WE,20,-110.3,11:50,,
8/10/2023,2023,8,10,Monthly Monitoring,OWC,WE,20,-107,11:52,,
8/10/2023,2023,8,10,Monthly Monitoring,OWC,TR,5,267.4,10:17,,
8/10/2023,2023,8,10,Monthly Monitoring,OWC,TR,5,270,10:20,,
8/10/2023,2023,8,10,Monthly Monitoring,OWC,TR,5,194.7,10:28,,
8/10/2023,2023,8,10,Monthly Monitoring,OWC,TR,5,272.2,10:29,,
8/10/2023,2023,8,10,Monthly Monitoring,OWC,TR,5,316.8,10:30,,
8/10/2023,2023,8,10,Monthly Monitoring,OWC,TR,5,253.6,10:35,,
8/10/2023,2023,8,10,Monthly Monitoring,OWC,TR,10,318.9,10:40,,
8/10/2023,2023,8,10,Monthly Monitoring,OWC,TR,10,287.5,10:43,,
8/10/2023,2023,8,10,Monthly Monitoring,OWC,TR,10,324.4,10:44,,
8/10/2023,2023,8,10,Monthly Monitoring,OWC,TR,10,260.2,10:45,,
8/10/2023,2023,8,10,Monthly Monitoring,OWC,TR,10,313.8,10:47,,
8/10/2023,2023,8,10,Monthly Monitoring,OWC,TR,10,236.6,10:50,,
8/10/2023,2023,8,10,Monthly Monitoring,OWC,TR,20,333.5,10:53,,
8/10/2023,2023,8,10,Monthly Monitoring,OWC,TR,20,317.4,10:54,,
8/10/2023,2023,8,10,Monthly Monitoring,OWC,TR,20,323.7,10:55,,
8/10/2023,2023,8,10,Monthly Monitoring,OWC,TR,20,204.3,10:56,,
8/10/2023,2023,8,10,Monthly Monitoring,OWC,TR,20,357.7,10:58,,
8/10/2023,2023,8,10,Monthly Monitoring,OWC,TR,20,317.3,10:59,,
8/10/2023,2023,8,10,Monthly Monitoring,OWC,UP,5,253.9,12:15,,
8/10/2023,2023,8,10,Monthly Monitoring,OWC,UP,5,257.8,12:19,,
8/10/2023,2023,8,10,Monthly Monitoring,OWC,UP,5,274.2,12:20,,
8/10/2023,2023,8,10,Monthly Monitoring,OWC,UP,5,301.3,12:21,,
8/10/2023,2023,8,10,Monthly Monitoring,OWC,UP,5,211.4,12:28,,
8/10/2023,2023,8,10,Monthly Monitoring,OWC,UP,5,251.1,12:29,,
8/10/2023,2023,8,10,Monthly Monitoring,OWC,UP,10,297.4,12:32,,
8/10/2023,2023,8,10,Monthly Monitoring,OWC,UP,10,282.3,12:32,,
8/10/2023,2023,8,10,Monthly Monitoring,OWC,UP,10,348.8,12:35,,
8/10/2023,2023,8,10,Monthly Monitoring,OWC,UP,10,276.3,12:36,,
8/10/2023,2023,8,10,Monthly Monitoring,OWC,UP,10,-36.5,12:38,,
8/10/2023,2023,8,10,Monthly Monitoring,OWC,UP,10,302.3,12:39,,
8/10/2023,2023,8,10,Monthly Monitoring,OWC,UP,20,358.1,12:44,,
8/10/2023,2023,8,10,Monthly Monitoring,OWC,UP,20,364.7,12:45,,
8/10/2023,2023,8,10,Monthly Monitoring,OWC,UP,20,383.7,12:47,,
8/10/2023,2023,8,10,Monthly Monitoring,OWC,UP,20,337.6,12:48,,
8/10/2023,2023,8,10,Monthly Monitoring,OWC,UP,20,376.4,12:49,,
8/10/2023,2023,8,10,Monthly Monitoring,OWC,UP,20,387.6,12:51,,
8/17/2023,2023,8,17,Monthly Monitoring,PTR,WE,5,285.1,10:00,,
8/17/2023,2023,8,17,Monthly Monitoring,PTR,WE,5,355.3,10:01,,
8/17/2023,2023,8,17,Monthly Monitoring,PTR,WE,5,333.4,10:01,,
8/17/2023,2023,8,17,Monthly Monitoring,PTR,WE,5,217.1,10:04,,
8/17/2023,2023,8,17,Monthly Monitoring,PTR,WE,5,310.6,10:05,,
8/17/2023,2023,8,17,Monthly Monitoring,PTR,WE,5,345.4,10:06,,
8/17/2023,2023,8,17,Monthly Monitoring,PTR,WE,10,334.1,10:09,,
8/17/2023,2023,8,17,Monthly Monitoring,PTR,WE,10,372.1,10:10,,
8/17/2023,2023,8,17,Monthly Monitoring,PTR,WE,10,372.7,10:12,,
8/17/2023,2023,8,17,Monthly Monitoring,PTR,WE,10,363.9,10:13,,
8/17/2023,2023,8,17,Monthly Monitoring,PTR,WE,10,365.6,10:13,,
8/17/2023,2023,8,17,Monthly Monitoring,PTR,WE,10,381.7,10:14,,
8/17/2023,2023,8,17,Monthly Monitoring,PTR,WE,20,384.2,10:17,,
8/17/2023,2023,8,17,Monthly Monitoring,PTR,WE,20,396.1,10:20,,
8/17/2023,2023,8,17,Monthly Monitoring,PTR,WE,20,379,10:21,,
8/17/2023,2023,8,17,Monthly Monitoring,PTR,WE,20,404.6,10:22,,
8/17/2023,2023,8,17,Monthly Monitoring,PTR,WE,20,376.2,10:23,,
8/17/2023,2023,8,17,Monthly Monitoring,PTR,WE,20,376.1,10:24,,
8/17/2023,2023,8,17,Monthly Monitoring,PTR,TR,5,377.6,10:38,,
8/17/2023,2023,8,17,Monthly Monitoring,PTR,TR,5,346.3,10:39,,
8/17/2023,2023,8,17,Monthly Monitoring,PTR,TR,5,367,10:40,,
8/17/2023,2023,8,17,Monthly Monitoring,PTR,TR,5,361.3,10:41,,
8/17/2023,2023,8,17,Monthly Monitoring,PTR,TR,5,378.3,10:42,,
8/17/2023,2023,8,17,Monthly Monitoring,PTR,TR,5,325.1,10:43,,
8/17/2023,2023,8,17,Monthly Monitoring,PTR,TR,10,392.3,10:47,,
8/17/2023,2023,8,17,Monthly Monitoring,PTR,TR,10,364.6,10:48,,
8/17/2023,2023,8,17,Monthly Monitoring,PTR,TR,10,391.4,10:49,,
8/17/2023,2023,8,17,Monthly Monitoring,PTR,TR,10,384,10:50,,
8/17/2023,2023,8,17,Monthly Monitoring,PTR,TR,10,404,10:52,,
8/17/2023,2023,8,17,Monthly Monitoring,PTR,TR,10,346.7,10:53,,
8/17/2023,2023,8,17,Monthly Monitoring,PTR,TR,20,400.9,10:58,,
8/17/2023,2023,8,17,Monthly Monitoring,PTR,TR,20,378.5,10:59,,
8/17/2023,2023,8,17,Monthly Monitoring,PTR,TR,20,402.5,11:02,,
8/17/2023,2023,8,17,Monthly Monitoring,PTR,TR,20,402.6,11:04,,
8/17/2023,2023,8,17,Monthly Monitoring,PTR,TR,20,416.5,11:05,,
8/17/2023,2023,8,17,Monthly Monitoring,PTR,TR,20,398.9,11:06,,
8/17/2023,2023,8,17,Monthly Monitoring,PTR,UP,5,356.7,11:21,,
8/17/2023,2023,8,17,Monthly Monitoring,PTR,UP,5,350.9,11:22,,
8/17/2023,2023,8,17,Monthly Monitoring,PTR,UP,5,360.5,11:25,,
8/17/2023,2023,8,17,Monthly Monitoring,PTR,UP,5,398.3,11:26,,
8/17/2023,2023,8,17,Monthly Monitoring,PTR,UP,5,398.8,11:28,,
8/17/2023,2023,8,17,Monthly Monitoring,PTR,UP,5,391.9,11:29,,
8/17/2023,2023,8,17,Monthly Monitoring,PTR,UP,10,390.4,11:36,,
8/17/2023,2023,8,17,Monthly Monitoring,PTR,UP,10,369.4,11:37,,
8/17/2023,2023,8,17,Monthly Monitoring,PTR,UP,10,392.1,11:38,,
8/17/2023,2023,8,17,Monthly Monitoring,PTR,UP,10,384.8,11:40,,
8/17/2023,2023,8,17,Monthly Monitoring,PTR,UP,10,402.6,11:41,,
8/17/2023,2023,8,17,Monthly Monitoring,PTR,UP,10,400.9,11:42,no 20 cm ground too tough,
9/1/2023,2023,9,1,Monthly Monitoring,CRC,WE,5,-132.8,11:37,,
9/1/2023,2023,9,1,Monthly Monitoring,CRC,WE,5,-136.2,11:40,,
9/1/2023,2023,9,1,Monthly Monitoring,CRC,WE,5,12.2,11:43,,
9/1/2023,2023,9,1,Monthly Monitoring,CRC,WE,5,8,11:45,,
9/1/2023,2023,9,1,Monthly Monitoring,CRC,WE,5,-10.1,11:51,,
9/1/2023,2023,9,1,Monthly Monitoring,CRC,WE,5,65.7,11:53,,
9/1/2023,2023,9,1,Monthly Monitoring,CRC,WE,10,-3.1,11:59,,
9/1/2023,2023,9,1,Monthly Monitoring,CRC,WE,10,26.3,11:58,,
9/1/2023,2023,9,1,Monthly Monitoring,CRC,WE,10,24.1,11:57,,
9/1/2023,2023,9,1,Monthly Monitoring,CRC,WE,20,47,12:01,,
9/1/2023,2023,9,1,Monthly Monitoring,CRC,WE,20,18.7,12:02,,
9/1/2023,2023,9,1,Monthly Monitoring,CRC,WE,20,52,12:03,,
9/1/2023,2023,9,1,Monthly Monitoring,CRC,TR,5,198.6,12:17,,
9/1/2023,2023,9,1,Monthly Monitoring,CRC,TR,5,279.2,12:23,,
9/1/2023,2023,9,1,Monthly Monitoring,CRC,TR,5,29.7,12:27,,
9/1/2023,2023,9,1,Monthly Monitoring,CRC,TR,5,140.5,12:48,,
9/1/2023,2023,9,1,Monthly Monitoring,CRC,TR,10,328.7,12:22,,
9/1/2023,2023,9,1,Monthly Monitoring,CRC,TR,10,360.1,12:30,,
9/1/2023,2023,9,1,Monthly Monitoring,CRC,TR,10,331.1,12:38,,
9/1/2023,2023,9,1,Monthly Monitoring,CRC,TR,20,339.2,12:39,,
9/1/2023,2023,9,1,Monthly Monitoring,CRC,TR,20,360.7,12:40,,
9/1/2023,2023,9,1,Monthly Monitoring,CRC,TR,20,345.2,12:44,,
9/1/2023,2023,9,1,Monthly Monitoring,CRC,UP,5,309.7,10:12,,
9/1/2023,2023,9,1,Monthly Monitoring,CRC,UP,5,269.3,10:14,,
9/1/2023,2023,9,1,Monthly Monitoring,CRC,UP,5,244.3,10:16,,
9/1/2023,2023,9,1,Monthly Monitoring,CRC,UP,5,278.5,10:17,,
9/1/2023,2023,9,1,Monthly Monitoring,CRC,UP,5,235.4,10:18,,
9/1/2023,2023,9,1,Monthly Monitoring,CRC,UP,5,281,10:23,,
9/1/2023,2023,9,1,Monthly Monitoring,CRC,UP,10,342.9,10:24,,
9/1/2023,2023,9,1,Monthly Monitoring,CRC,UP,10,318.9,10:25,,
9/1/2023,2023,9,1,Monthly Monitoring,CRC,UP,10,300.6,10:27,,
9/1/2023,2023,9,1,Monthly Monitoring,CRC,UP,10,321.8,10:29,,
9/1/2023,2023,9,1,Monthly Monitoring,CRC,UP,10,319,10:30,,
9/1/2023,2023,9,1,Monthly Monitoring,CRC,UP,10,306.7,10:31,,
9/1/2023,2023,9,1,Monthly Monitoring,CRC,UP,20,372.2,10:32,,
9/1/2023,2023,9,1,Monthly Monitoring,CRC,UP,20,365.2,10:33,,
9/1/2023,2023,9,1,Monthly Monitoring,CRC,UP,20,360.4,10:34,,
9/1/2023,2023,9,1,Monthly Monitoring,CRC,UP,20,338.9,10:35,,
9/1/2023,2023,9,1,Monthly Monitoring,CRC,UP,20,342.6,10:35,,
9/1/2023,2023,9,1,Monthly Monitoring,CRC,UP,20,326.9,10:36,,
9/8/2023,2023,9,8,Monthly Monitoring,OWC,WE,5,137.5,10:41,,
9/8/2023,2023,9,8,Monthly Monitoring,OWC,WE,5,280.2,10:42,,
9/8/2023,2023,9,8,Monthly Monitoring,OWC,WE,5,322.4,10:43,,
9/8/2023,2023,9,8,Monthly Monitoring,OWC,WE,5,362.5,10:45,,
9/8/2023,2023,9,8,Monthly Monitoring,OWC,WE,5,351.9,10:47,,
9/8/2023,2023,9,8,Monthly Monitoring,OWC,WE,5,353.6,10:51,,
9/8/2023,2023,9,8,Monthly Monitoring,OWC,WE,10,-94.3,10:53,,
9/8/2023,2023,9,8,Monthly Monitoring,OWC,WE,10,-2.4,10:55,,
9/8/2023,2023,9,8,Monthly Monitoring,OWC,WE,10,236.6,10:56,,
9/8/2023,2023,9,8,Monthly Monitoring,OWC,WE,10,237,10:57,,
9/8/2023,2023,9,8,Monthly Monitoring,OWC,WE,10,262.3,10:58,,
9/8/2023,2023,9,8,Monthly Monitoring,OWC,WE,10,222.7,11:02,,
9/8/2023,2023,9,8,Monthly Monitoring,OWC,WE,20,-127.2,11:04,,
9/8/2023,2023,9,8,Monthly Monitoring,OWC,WE,20,-127,11:06,,
9/8/2023,2023,9,8,Monthly Monitoring,OWC,WE,20,-75.7,11:07,,
9/8/2023,2023,9,8,Monthly Monitoring,OWC,WE,20,-131.5,11:09,,
9/8/2023,2023,9,8,Monthly Monitoring,OWC,WE,20,-112.2,11:10,,
9/8/2023,2023,9,8,Monthly Monitoring,OWC,WE,20,-130.4,11:13,,
9/8/2023,2023,9,8,Monthly Monitoring,OWC,UP,5,295.7,11:38,,
9/8/2023,2023,9,8,Monthly Monitoring,OWC,UP,5,311.1,11:40,,
9/8/2023,2023,9,8,Monthly Monitoring,OWC,UP,5,104,11:50,,
9/8/2023,2023,9,8,Monthly Monitoring,OWC,UP,5,160.9,11:55,,
9/8/2023,2023,9,8,Monthly Monitoring,OWC,UP,5,85.5,11:58,,
9/8/2023,2023,9,8,Monthly Monitoring,OWC,UP,5,157.2,12:02,,
9/8/2023,2023,9,8,Monthly Monitoring,OWC,UP,10,105,12:10,,
9/8/2023,2023,9,8,Monthly Monitoring,OWC,UP,10,79.7,12:12,,
9/8/2023,2023,9,8,Monthly Monitoring,OWC,UP,10,165.5,12:16,,
9/8/2023,2023,9,8,Monthly Monitoring,OWC,UP,10,86.7,12:21,,
9/8/2023,2023,9,8,Monthly Monitoring,OWC,UP,10,53.1,12:24,,
9/8/2023,2023,9,8,Monthly Monitoring,OWC,UP,10,100.8,12:31,,
9/8/2023,2023,9,8,Monthly Monitoring,OWC,UP,20,93.4,12:37,,
9/8/2023,2023,9,8,Monthly Monitoring,OWC,UP,20,71.5,12:39,,
9/8/2023,2023,9,8,Monthly Monitoring,OWC,UP,20,44.6,12:40,,
9/8/2023,2023,9,8,Monthly Monitoring,OWC,UP,20,72.4,12:43,,
9/8/2023,2023,9,8,Monthly Monitoring,OWC,UP,20,44.6,12:45,,
9/8/2023,2023,9,8,Monthly Monitoring,OWC,UP,20,79.4,12:49,,
9/8/2023,2023,9,8,Monthly Monitoring,OWC,TR,5,25.5,13:01,,
9/8/2023,2023,9,8,Monthly Monitoring,OWC,TR,5,107.1,13:04,,
9/8/2023,2023,9,8,Monthly Monitoring,OWC,TR,5,47.5,13:10,,
9/8/2023,2023,9,8,Monthly Monitoring,OWC,TR,5,17.1,13:14,,
9/8/2023,2023,9,8,Monthly Monitoring,OWC,TR,5,4.5,13:16,,
9/8/2023,2023,9,8,Monthly Monitoring,OWC,TR,5,23.3,13:20,,
9/8/2023,2023,9,8,Monthly Monitoring,OWC,TR,10,87.7,13:23,,
9/8/2023,2023,9,8,Monthly Monitoring,OWC,TR,10,53.6,13:28,,
9/8/2023,2023,9,8,Monthly Monitoring,OWC,TR,10,18.6,13:30,,
9/8/2023,2023,9,8,Monthly Monitoring,OWC,TR,10,19.2,13:32,,
9/8/2023,2023,9,8,Monthly Monitoring,OWC,TR,10,11.8,13:33,,
9/8/2023,2023,9,8,Monthly Monitoring,OWC,TR,10,22.3,13:35,,
9/8/2023,2023,9,8,Monthly Monitoring,OWC,TR,20,21.3,13:37,,
9/8/2023,2023,9,8,Monthly Monitoring,OWC,TR,20,28.9,13:40,,
9/8/2023,2023,9,8,Monthly Monitoring,OWC,TR,20,38.6,13:44,,
9/8/2023,2023,9,8,Monthly Monitoring,OWC,TR,20,44.3,13:48,,
9/8/2023,2023,9,8,Monthly Monitoring,OWC,TR,20,32.8,13:53,,
9/8/2023,2023,9,8,Monthly Monitoring,OWC,TR,20,51,13:56,,
9/28/2023,2023,9,28,Monthly Monitoring,PTR,UP,5,150.6,10:27,Rainy day and night,
9/28/2023,2023,9,28,Monthly Monitoring,PTR,UP,5,91.8,10:43,,
9/28/2023,2023,9,28,Monthly Monitoring,PTR,UP,5,85.4,10:49,,
9/28/2023,2023,9,28,Monthly Monitoring,PTR,UP,5,9.3,10:52,,
9/28/2023,2023,9,28,Monthly Monitoring,PTR,UP,5,25.2,11:00,,
9/28/2023,2023,9,28,Monthly Monitoring,PTR,UP,5,122.5,11:06,,
9/28/2023,2023,9,28,Monthly Monitoring,PTR,UP,10,141.1,11:18,,
9/28/2023,2023,9,28,Monthly Monitoring,PTR,UP,10,221.9,,,
9/28/2023,2023,9,28,Monthly Monitoring,PTR,UP,10,255.8,,,
9/28/2023,2023,9,28,Monthly Monitoring,PTR,UP,10,271,,,
9/28/2023,2023,9,28,Monthly Monitoring,PTR,UP,10,127.2,,,
9/28/2023,2023,9,28,Monthly Monitoring,PTR,UP,20,128.7,,,
9/28/2023,2023,9,28,Monthly Monitoring,PTR,UP,20,299.7,,,
9/28/2023,2023,9,28,Monthly Monitoring,PTR,UP,20,247.7,,,
9/28/2023,2023,9,28,Monthly Monitoring,PTR,TR,5,182.6,,,
9/28/2023,2023,9,28,Monthly Monitoring,PTR,TR,5,246.9,13:01,,
9/28/2023,2023,9,28,Monthly Monitoring,PTR,TR,5,251,,,
9/28/2023,2023,9,28,Monthly Monitoring,PTR,TR,5,137.3,13:11,,
9/28/2023,2023,9,28,Monthly Monitoring,PTR,TR,5,10.1,,,
9/28/2023,2023,9,28,Monthly Monitoring,PTR,TR,10,191.9,,,
9/28/2023,2023,9,28,Monthly Monitoring,PTR,TR,10,188.5,,,
9/28/2023,2023,9,28,Monthly Monitoring,PTR,TR,10,190.1,,,
9/28/2023,2023,9,28,Monthly Monitoring,PTR,TR,20,320.4,,,
9/28/2023,2023,9,28,Monthly Monitoring,PTR,TR,20,406.3,,,
9/28/2023,2023,9,28,Monthly Monitoring,PTR,TR,20,387,,,
9/28/2023,2023,9,28,Monthly Monitoring,PTR,WE,5,310.7,,,
9/28/2023,2023,9,28,Monthly Monitoring,PTR,WE,5,111.1,,,
9/28/2023,2023,9,28,Monthly Monitoring,PTR,WE,5,81.3,,,
9/28/2023,2023,9,28,Monthly Monitoring,PTR,WE,10,71.1,,,
9/28/2023,2023,9,28,Monthly Monitoring,PTR,WE,10,222.5,,,
9/28/2023,2023,9,28,Monthly Monitoring,PTR,WE,10,-31.6,,,
9/28/2023,2023,9,28,Monthly Monitoring,PTR,WE,20,143.6,,,
9/28/2023,2023,9,28,Monthly Monitoring,PTR,WE,20,54.9,,,
9/28/2023,2023,9,28,Monthly Monitoring,PTR,WE,20,19.7,,,
10/6/2023,2023,10,6,Monthly Monitoring,CRC,UP,5,346.5,10:17,,
10/6/2023,2023,10,6,Monthly Monitoring,CRC,UP,5,288.5,10:20,,
10/6/2023,2023,10,6,Monthly Monitoring,CRC,UP,5,354.7,10:25,,
10/6/2023,2023,10,6,Monthly Monitoring,CRC,UP,5,342.7,10:30,,
10/6/2023,2023,10,6,Monthly Monitoring,CRC,UP,5,295.1,10:35,,
10/6/2023,2023,10,6,Monthly Monitoring,CRC,UP,5,348.7,10:40,,
10/6/2023,2023,10,6,Monthly Monitoring,CRC,UP,10,330.8,10:45,,
10/6/2023,2023,10,6,Monthly Monitoring,CRC,UP,10,318.4,10:48,,
10/6/2023,2023,10,6,Monthly Monitoring,CRC,UP,10,305.5,10:52,,
10/6/2023,2023,10,6,Monthly Monitoring,CRC,UP,10,353.1,10:55,,
10/6/2023,2023,10,6,Monthly Monitoring,CRC,UP,10,365.1,10:58,,
10/6/2023,2023,10,6,Monthly Monitoring,CRC,UP,10,319.4,11:00,,
10/6/2023,2023,10,6,Monthly Monitoring,CRC,UP,20,344.1,11:07,,
10/6/2023,2023,10,6,Monthly Monitoring,CRC,UP,20,294,11:11,,
10/6/2023,2023,10,6,Monthly Monitoring,CRC,UP,20,380.1,11:13,,
10/6/2023,2023,10,6,Monthly Monitoring,CRC,UP,20,354.1,11:15,,
10/6/2023,2023,10,6,Monthly Monitoring,CRC,UP,20,349.8,11:20,,
10/6/2023,2023,10,6,Monthly Monitoring,CRC,UP,20,334.1,11:25,time on sheet says 11:05,
10/6/2023,2023,10,6,Monthly Monitoring,CRC,TR,5,333.5,11:33,,
10/6/2023,2023,10,6,Monthly Monitoring,CRC,TR,5,271.9,11:35,,
10/6/2023,2023,10,6,Monthly Monitoring,CRC,TR,5,346.5,11:49,,
10/6/2023,2023,10,6,Monthly Monitoring,CRC,TR,5,332.2,11:52,,
10/6/2023,2023,10,6,Monthly Monitoring,CRC,TR,5,331.9,11:54,,
10/6/2023,2023,10,6,Monthly Monitoring,CRC,TR,5,338.5,11:58,,
10/6/2023,2023,10,6,Monthly Monitoring,CRC,TR,10,305.3,12:00,,
10/6/2023,2023,10,6,Monthly Monitoring,CRC,TR,10,363.4,12:01,,
10/6/2023,2023,10,6,Monthly Monitoring,CRC,TR,10,334.9,12:02,,
10/6/2023,2023,10,6,Monthly Monitoring,CRC,TR,10,360.3,12:03,,
10/6/2023,2023,10,6,Monthly Monitoring,CRC,TR,10,234.8,12:05,,
10/6/2023,2023,10,6,Monthly Monitoring,CRC,TR,10,350.4,12:18,,
10/6/2023,2023,10,6,Monthly Monitoring,CRC,TR,20,375.7,12:19,,
10/6/2023,2023,10,6,Monthly Monitoring,CRC,TR,20,374.5,12:20,,
10/6/2023,2023,10,6,Monthly Monitoring,CRC,TR,20,352.9,12:21,,
10/6/2023,2023,10,6,Monthly Monitoring,CRC,TR,20,366.9,12:23,,
10/6/2023,2023,10,6,Monthly Monitoring,CRC,TR,20,370.6,12:24,,
10/6/2023,2023,10,6,Monthly Monitoring,CRC,TR,20,363.3,12:27,,
10/6/2023,2023,10,6,Monthly Monitoring,CRC,WE,5,260.2,12:33,,
10/6/2023,2023,10,6,Monthly Monitoring,CRC,WE,5,280.4,12:40,,
10/6/2023,2023,10,6,Monthly Monitoring,CRC,WE,5,189.8,12:53,,
10/6/2023,2023,10,6,Monthly Monitoring,CRC,WE,5,145.4,13:04,,
10/6/2023,2023,10,6,Monthly Monitoring,CRC,WE,5,127,13:14,,
10/6/2023,2023,10,6,Monthly Monitoring,CRC,WE,5,174.4,13:28,,
10/6/2023,2023,10,6,Monthly Monitoring,CRC,WE,10,116.2,12:36,,
10/6/2023,2023,10,6,Monthly Monitoring,CRC,WE,10,106.2,11:43,,
10/6/2023,2023,10,6,Monthly Monitoring,CRC,WE,10,152.8,12:57,,
10/6/2023,2023,10,6,Monthly Monitoring,CRC,WE,10,69.7,13:06,,
10/6/2023,2023,10,6,Monthly Monitoring,CRC,WE,10,146.6,13:20,,
10/6/2023,2023,10,6,Monthly Monitoring,CRC,WE,10,135.1,13:32,,
10/6/2023,2023,10,6,Monthly Monitoring,CRC,WE,20,91,,,
10/6/2023,2023,10,6,Monthly Monitoring,CRC,WE,20,130.5,12:50,,
10/6/2023,2023,10,6,Monthly Monitoring,CRC,WE,20,83.1,12:59,,
10/6/2023,2023,10,6,Monthly Monitoring,CRC,WE,20,101.3,,,
10/6/2023,2023,10,6,Monthly Monitoring,CRC,WE,20,163.3,13:34,,
10/6/2023,2023,10,6,Monthly Monitoring,CRC,WE,20,141.3,13:49,,
10/11/2023,2023,10,11,Monthly Monitoring,PTR,WE,5,396.6,9:42,,
10/11/2023,2023,10,11,Monthly Monitoring,PTR,WE,5,327.9,9:43,,
10/11/2023,2023,10,11,Monthly Monitoring,PTR,WE,5,412.1,9:44,,
10/11/2023,2023,10,11,Monthly Monitoring,PTR,WE,5,376.8,9:46,,
10/11/2023,2023,10,11,Monthly Monitoring,PTR,WE,5,409.5,9:48,,
10/11/2023,2023,10,11,Monthly Monitoring,PTR,WE,5,398.3,9:57,,
10/11/2023,2023,10,11,Monthly Monitoring,PTR,WE,10,421.6,9:59,,
10/11/2023,2023,10,11,Monthly Monitoring,PTR,WE,10,397.2,10:00,,
10/11/2023,2023,10,11,Monthly Monitoring,PTR,WE,10,433.2,10:02,,
10/11/2023,2023,10,11,Monthly Monitoring,PTR,WE,10,361.5,10:03,,
10/11/2023,2023,10,11,Monthly Monitoring,PTR,WE,10,444,10:04,,
10/11/2023,2023,10,11,Monthly Monitoring,PTR,WE,10,417.2,10:06,,
10/11/2023,2023,10,11,Monthly Monitoring,PTR,WE,20,369,10:07,,
10/11/2023,2023,10,11,Monthly Monitoring,PTR,WE,20,408.4,10:08,,
10/11/2023,2023,10,11,Monthly Monitoring,PTR,WE,20,331,10:09,,
10/11/2023,2023,10,11,Monthly Monitoring,PTR,WE,20,177.4,10:29,,
10/11/2023,2023,10,11,Monthly Monitoring,PTR,WE,20,374.1,10:25,,
10/11/2023,2023,10,11,Monthly Monitoring,PTR,WE,20,329.2,10:27,,
10/11/2023,2023,10,11,Monthly Monitoring,PTR,TR,5,407.8,8:47,,
10/11/2023,2023,10,11,Monthly Monitoring,PTR,TR,5,390.8,8:48,,
10/11/2023,2023,10,11,Monthly Monitoring,PTR,TR,5,379.7,8:50,,
10/11/2023,2023,10,11,Monthly Monitoring,PTR,TR,5,391.1,8:51,,
10/11/2023,2023,10,11,Monthly Monitoring,PTR,TR,5,376.8,8:53,,
10/11/2023,2023,10,11,Monthly Monitoring,PTR,TR,5,362.4,8:54,,
10/11/2023,2023,10,11,Monthly Monitoring,PTR,TR,10,420.1,8:55,,
10/11/2023,2023,10,11,Monthly Monitoring,PTR,TR,10,417.3,8:56,,
10/11/2023,2023,10,11,Monthly Monitoring,PTR,TR,10,386.7,8:58,,
10/11/2023,2023,10,11,Monthly Monitoring,PTR,TR,10,404.2,8:59,,
10/11/2023,2023,10,11,Monthly Monitoring,PTR,TR,10,404.6,9:00,,
10/11/2023,2023,10,11,Monthly Monitoring,PTR,TR,10,392.7,9:03,,
10/11/2023,2023,10,11,Monthly Monitoring,PTR,TR,20,438.4,9:05,,
10/11/2023,2023,10,11,Monthly Monitoring,PTR,TR,20,450.5,9:07,,
10/11/2023,2023,10,11,Monthly Monitoring,PTR,TR,20,453.7,9:07,,
10/11/2023,2023,10,11,Monthly Monitoring,PTR,TR,20,424.7,9:08,,
10/11/2023,2023,10,11,Monthly Monitoring,PTR,TR,20,438.6,9:09,,
10/11/2023,2023,10,11,Monthly Monitoring,PTR,TR,20,419.7,9:10,,
10/11/2023,2023,10,11,Monthly Monitoring,PTR,UP,5,344.5,7:59,,
10/11/2023,2023,10,11,Monthly Monitoring,PTR,UP,5,331.2,8:00,,
10/11/2023,2023,10,11,Monthly Monitoring,PTR,UP,5,380.4,8:01,,
10/11/2023,2023,10,11,Monthly Monitoring,PTR,UP,5,386.8,8:02,,
10/11/2023,2023,10,11,Monthly Monitoring,PTR,UP,5,369.7,8:04,,
10/11/2023,2023,10,11,Monthly Monitoring,PTR,UP,5,374.4,8:05,,
10/11/2023,2023,10,11,Monthly Monitoring,PTR,UP,10,426.4,8:09,,
10/11/2023,2023,10,11,Monthly Monitoring,PTR,UP,10,426.5,8:11,,
10/11/2023,2023,10,11,Monthly Monitoring,PTR,UP,10,346.5,8:12,,
10/11/2023,2023,10,11,Monthly Monitoring,PTR,UP,10,398.1,8:13,,
10/11/2023,2023,10,11,Monthly Monitoring,PTR,UP,10,394.8,8:15,,
10/11/2023,2023,10,11,Monthly Monitoring,PTR,UP,10,401.2,8:16,,
10/11/2023,2023,10,11,Monthly Monitoring,PTR,UP,20,467.5,8:22,,
10/11/2023,2023,10,11,Monthly Monitoring,PTR,UP,20,441,8:23,,
10/11/2023,2023,10,11,Monthly Monitoring,PTR,UP,20,370,8:24,,
10/11/2023,2023,10,11,Monthly Monitoring,PTR,UP,20,421.1,8:25,,
10/11/2023,2023,10,11,Monthly Monitoring,PTR,UP,20,407.2,8:26,,
10/11/2023,2023,10,11,Monthly Monitoring,PTR,UP,20,406.7,8:27,,
10/20/2023,2023,10,20,Monthly Monitoring,OWC,WE,5,284.5,9:42,,
10/20/2023,2023,10,20,Monthly Monitoring,OWC,WE,5,74,9:51,,
10/20/2023,2023,10,20,Monthly Monitoring,OWC,WE,5,355,9:54,,
10/20/2023,2023,10,20,Monthly Monitoring,OWC,WE,5,355.5,9:56,,
10/20/2023,2023,10,20,Monthly Monitoring,OWC,WE,5,335,9:59,,
10/20/2023,2023,10,20,Monthly Monitoring,OWC,WE,5,336.6,10:01,,
10/20/2023,2023,10,20,Monthly Monitoring,OWC,WE,10,244.5,10:03,,
10/20/2023,2023,10,20,Monthly Monitoring,OWC,WE,10,167.3,10:04,,
10/20/2023,2023,10,20,Monthly Monitoring,OWC,WE,10,237.8,10:05,,
10/20/2023,2023,10,20,Monthly Monitoring,OWC,WE,10,390.6,10:07,,
10/20/2023,2023,10,20,Monthly Monitoring,OWC,WE,10,126.8,10:08,,
10/20/2023,2023,10,20,Monthly Monitoring,OWC,WE,10,109.4,10:11,,
10/20/2023,2023,10,20,Monthly Monitoring,OWC,WE,20,-131.7,10:16,,
10/20/2023,2023,10,20,Monthly Monitoring,OWC,WE,20,-93.4,10:17,,
10/20/2023,2023,10,20,Monthly Monitoring,OWC,WE,20,-125.9,10:18,,
10/20/2023,2023,10,20,Monthly Monitoring,OWC,WE,20,-2.2,10:19,,
10/20/2023,2023,10,20,Monthly Monitoring,OWC,WE,20,-96.1,10:20,,
10/20/2023,2023,10,20,Monthly Monitoring,OWC,WE,20,-119.2,10:21,,
10/20/2023,2023,10,20,Monthly Monitoring,OWC,TR,5,278.8,10:32,,
10/20/2023,2023,10,20,Monthly Monitoring,OWC,TR,5,176.7,10:41,,
10/20/2023,2023,10,20,Monthly Monitoring,OWC,TR,5,219.5,11:05,,
10/20/2023,2023,10,20,Monthly Monitoring,OWC,TR,5,211.1,11:24,,
10/20/2023,2023,10,20,Monthly Monitoring,OWC,TR,10,294.6,11:08,,
10/20/2023,2023,10,20,Monthly Monitoring,OWC,TR,10,348.2,11:09,,
10/20/2023,2023,10,20,Monthly Monitoring,OWC,TR,10,270.1,11:23,,
10/20/2023,2023,10,20,Monthly Monitoring,OWC,TR,20,329.6,11:14,,
10/20/2023,2023,10,20,Monthly Monitoring,OWC,TR,20,167.5,11:19,,
10/20/2023,2023,10,20,Monthly Monitoring,OWC,TR,20,344.7,11:11,,
10/20/2023,2023,10,20,Monthly Monitoring,OWC,TR,20,327.6,11:12,,
10/20/2023,2023,10,20,Monthly Monitoring,OWC,UP,5,304.2,11:39,,
10/20/2023,2023,10,20,Monthly Monitoring,OWC,UP,5,264.6,11:42,,
10/20/2023,2023,10,20,Monthly Monitoring,OWC,UP,5,341.8,12:05,,
10/20/2023,2023,10,20,Monthly Monitoring,OWC,UP,5,344.9,12:06,,
10/20/2023,2023,10,20,Monthly Monitoring,OWC,UP,10,330.3,12:03,,
10/20/2023,2023,10,20,Monthly Monitoring,OWC,UP,10,364.6,12:04,,
10/20/2023,2023,10,20,Monthly Monitoring,OWC,UP,10,385.4,11:52,,
10/20/2023,2023,10,20,Monthly Monitoring,OWC,UP,10,353.9,12:09,,
10/20/2023,2023,10,20,Monthly Monitoring,OWC,UP,10,344.2,12:11,,
10/20/2023,2023,10,20,Monthly Monitoring,OWC,UP,20,388.1,12:08,,
10/20/2023,2023,10,20,Monthly Monitoring,OWC,UP,20,400.7,12:07,,
10/20/2023,2023,10,20,Monthly Monitoring,OWC,UP,20,418.9,11:53,,
10/20/2023,2023,10,20,Monthly Monitoring,OWC,UP,20,379.5,11:54,,
2/2/2024,2024,2,2,Monthly Monitoring,CRC,UP,5,159.5,11:16,,
2/2/2024,2024,2,2,Monthly Monitoring,CRC,UP,5,129.8,11:17,,
2/2/2024,2024,2,2,Monthly Monitoring,CRC,UP,5,140.5,11:18,,
2/2/2024,2024,2,2,Monthly Monitoring,CRC,UP,5,157.7,11:19,,
2/2/2024,2024,2,2,Monthly Monitoring,CRC,UP,5,128.3,11:21,,
2/2/2024,2024,2,2,Monthly Monitoring,CRC,UP,5,159,11:22,,
2/2/2024,2024,2,2,Monthly Monitoring,CRC,UP,10,99.7,11:23,,
2/2/2024,2024,2,2,Monthly Monitoring,CRC,UP,10,117.5,11:26,,
2/2/2024,2024,2,2,Monthly Monitoring,CRC,UP,10,129.3,11:27,,
2/2/2024,2024,2,2,Monthly Monitoring,CRC,UP,10,-103.3,11:36,,
2/2/2024,2024,2,2,Monthly Monitoring,CRC,UP,10,116.7,11:37,,
2/2/2024,2024,2,2,Monthly Monitoring,CRC,UP,10,126.4,11:38,,
2/2/2024,2024,2,2,Monthly Monitoring,CRC,UP,20,74.1,11:42,,
2/2/2024,2024,2,2,Monthly Monitoring,CRC,UP,20,93.4,11:44,,
2/2/2024,2024,2,2,Monthly Monitoring,CRC,UP,20,100,11:45,,
2/2/2024,2024,2,2,Monthly Monitoring,CRC,UP,20,52.7,11:50,,
2/2/2024,2024,2,2,Monthly Monitoring,CRC,UP,20,94.6,11:51,,
2/2/2024,2024,2,2,Monthly Monitoring,CRC,UP,20,79.7,11:52,,
2/2/2024,2024,2,2,Monthly Monitoring,CRC,TR,5,296.8,10:04,,
2/2/2024,2024,2,2,Monthly Monitoring,CRC,TR,5,144.8,10:06,,
2/2/2024,2024,2,2,Monthly Monitoring,CRC,TR,5,244.5,10:14,,
2/2/2024,2024,2,2,Monthly Monitoring,CRC,TR,5,266.6,10:16,,
2/2/2024,2024,2,2,Monthly Monitoring,CRC,TR,5,71.6,10:17,,
2/2/2024,2024,2,2,Monthly Monitoring,CRC,TR,5,204.8,10:18,,
2/2/2024,2024,2,2,Monthly Monitoring,CRC,TR,10,31.6,10:20,,
2/2/2024,2024,2,2,Monthly Monitoring,CRC,TR,10,144.8,10:26,,
2/2/2024,2024,2,2,Monthly Monitoring,CRC,TR,10,202.8,10:27,,
2/2/2024,2024,2,2,Monthly Monitoring,CRC,TR,10,245.5,10:28,,
2/2/2024,2024,2,2,Monthly Monitoring,CRC,TR,10,48.6,10:29,,
2/2/2024,2024,2,2,Monthly Monitoring,CRC,TR,10,24.1,10:31,,
2/2/2024,2024,2,2,Monthly Monitoring,CRC,TR,20,96.5,10:39,,
2/2/2024,2024,2,2,Monthly Monitoring,CRC,TR,20,170.4,10:42,,
2/2/2024,2024,2,2,Monthly Monitoring,CRC,TR,20,182.9,10:43,,
2/2/2024,2024,2,2,Monthly Monitoring,CRC,TR,20,167.1,10:44,,
2/2/2024,2024,2,2,Monthly Monitoring,CRC,TR,20,143.8,10:45,,
2/2/2024,2024,2,2,Monthly Monitoring,CRC,TR,20,105.7,10:46,,
2/2/2024,2024,2,2,Monthly Monitoring,CRC,WE,5,316,12:34,,
2/2/2024,2024,2,2,Monthly Monitoring,CRC,WE,5,295,12:39,,
2/2/2024,2024,2,2,Monthly Monitoring,CRC,WE,5,260.2,12:41,,
2/2/2024,2024,2,2,Monthly Monitoring,CRC,WE,5,245.9,12:42,,
2/2/2024,2024,2,2,Monthly Monitoring,CRC,WE,5,313.8,12:43,,
2/2/2024,2024,2,2,Monthly Monitoring,CRC,WE,5,262.1,12:46,,
2/2/2024,2024,2,2,Monthly Monitoring,CRC,WE,10,346.7,12:52,,
2/2/2024,2024,2,2,Monthly Monitoring,CRC,WE,10,343.2,12:54,,
2/2/2024,2024,2,2,Monthly Monitoring,CRC,WE,10,313.6,12:56,,
2/2/2024,2024,2,2,Monthly Monitoring,CRC,WE,10,247.9,12:58,,
2/2/2024,2024,2,2,Monthly Monitoring,CRC,WE,10,368.4,12:59,,
2/2/2024,2024,2,2,Monthly Monitoring,CRC,WE,10,306.2,13:00,,
2/2/2024,2024,2,2,Monthly Monitoring,CRC,WE,20,382.4,13:04,,
2/2/2024,2024,2,2,Monthly Monitoring,CRC,WE,20,379.9,13:07,,
2/2/2024,2024,2,2,Monthly Monitoring,CRC,WE,20,321,13:08,,
2/2/2024,2024,2,2,Monthly Monitoring,CRC,WE,20,351.2,13:09,,
2/2/2024,2024,2,2,Monthly Monitoring,CRC,WE,20,418.5,13:10,,
2/2/2024,2024,2,2,Monthly Monitoring,CRC,WE,20,342.8,13:11,,
2/13/2024,2024,2,13,Monthly Monitoring,PTR,WE,5,203.8,13:02,,
2/13/2024,2024,2,13,Monthly Monitoring,PTR,WE,5,182.1,13:07,,
2/13/2024,2024,2,13,Monthly Monitoring,PTR,WE,5,206.4,13:10,,
2/13/2024,2024,2,13,Monthly Monitoring,PTR,WE,5,243.9,13:11,,
2/13/2024,2024,2,13,Monthly Monitoring,PTR,WE,5,288.9,13:13,,
2/13/2024,2024,2,13,Monthly Monitoring,PTR,WE,5,214,13:14,,
2/13/2024,2024,2,13,Monthly Monitoring,PTR,WE,10,135.9,13:19,,
2/13/2024,2024,2,13,Monthly Monitoring,PTR,WE,10,153.4,13:20,,
2/13/2024,2024,2,13,Monthly Monitoring,PTR,WE,10,149.8,13:22,,
2/13/2024,2024,2,13,Monthly Monitoring,PTR,WE,10,221.1,13:23,,
2/13/2024,2024,2,13,Monthly Monitoring,PTR,WE,10,277.6,13:24,,
2/13/2024,2024,2,13,Monthly Monitoring,PTR,WE,10,211.4,13:27,,
2/13/2024,2024,2,13,Monthly Monitoring,PTR,WE,20,99.7,13:34,,
2/13/2024,2024,2,13,Monthly Monitoring,PTR,WE,20,98,13:35,,
2/13/2024,2024,2,13,Monthly Monitoring,PTR,WE,20,107.6,13:36,,
2/13/2024,2024,2,13,Monthly Monitoring,PTR,WE,20,134.9,13:37,,
2/13/2024,2024,2,13,Monthly Monitoring,PTR,WE,20,165.1,13:38,,
2/13/2024,2024,2,13,Monthly Monitoring,PTR,WE,20,171,13:40,,
2/13/2024,2024,2,13,Monthly Monitoring,PTR,TR,5,314.6,11:43,,
2/13/2024,2024,2,13,Monthly Monitoring,PTR,TR,5,354.9,11:46,,
2/13/2024,2024,2,13,Monthly Monitoring,PTR,TR,5,377.4,11:47,,
2/13/2024,2024,2,13,Monthly Monitoring,PTR,TR,5,210.3,12:04,,
2/13/2024,2024,2,13,Monthly Monitoring,PTR,TR,5,308.9,12:05,,
2/13/2024,2024,2,13,Monthly Monitoring,PTR,TR,5,329.9,12:07,,
2/13/2024,2024,2,13,Monthly Monitoring,PTR,TR,10,242.1,12:19,,
2/13/2024,2024,2,13,Monthly Monitoring,PTR,TR,10,376.5,12:20,,
2/13/2024,2024,2,13,Monthly Monitoring,PTR,TR,10,302.3,12:21,,
2/13/2024,2024,2,13,Monthly Monitoring,PTR,TR,10,286.1,12:25,,
2/13/2024,2024,2,13,Monthly Monitoring,PTR,TR,10,344.6,12:27,,
2/13/2024,2024,2,13,Monthly Monitoring,PTR,TR,10,343.4,12:28,,
2/13/2024,2024,2,13,Monthly Monitoring,PTR,TR,20,321.7,12:40,,
2/13/2024,2024,2,13,Monthly Monitoring,PTR,TR,20,273.5,12:44,,
2/13/2024,2024,2,13,Monthly Monitoring,PTR,TR,20,286.4,12:45,,
2/13/2024,2024,2,13,Monthly Monitoring,PTR,TR,20,233.8,12:46,,
2/13/2024,2024,2,13,Monthly Monitoring,PTR,TR,20,375.1,12:47,,
2/13/2024,2024,2,13,Monthly Monitoring,PTR,TR,20,364.5,12:49,,
2/13/2024,2024,2,13,Monthly Monitoring,PTR,UP,5,305.4,10:32,,
2/13/2024,2024,2,13,Monthly Monitoring,PTR,UP,5,307.5,10:35,,
2/13/2024,2024,2,13,Monthly Monitoring,PTR,UP,5,334.9,10:38,,
2/13/2024,2024,2,13,Monthly Monitoring,PTR,UP,5,284,10:41,,
2/13/2024,2024,2,13,Monthly Monitoring,PTR,UP,5,380.5,10:42,,
2/13/2024,2024,2,13,Monthly Monitoring,PTR,UP,5,343.6,10:56,,
2/13/2024,2024,2,13,Monthly Monitoring,PTR,UP,10,344.4,10:58,,
2/13/2024,2024,2,13,Monthly Monitoring,PTR,UP,10,379.3,11:01,,
2/13/2024,2024,2,13,Monthly Monitoring,PTR,UP,10,366.6,11:03,,
2/13/2024,2024,2,13,Monthly Monitoring,PTR,UP,10,370.6,11:07,,
2/13/2024,2024,2,13,Monthly Monitoring,PTR,UP,10,418.7,11:11,,
2/13/2024,2024,2,13,Monthly Monitoring,PTR,UP,10,382.6,11:19,,
2/13/2024,2024,2,13,Monthly Monitoring,PTR,UP,20,404.2,11:23,,
2/13/2024,2024,2,13,Monthly Monitoring,PTR,UP,20,422.9,11:25,,
2/13/2024,2024,2,13,Monthly Monitoring,PTR,UP,20,389.8,11:26,,
2/13/2024,2024,2,13,Monthly Monitoring,PTR,UP,20,438.3,11:28,,
2/13/2024,2024,2,13,Monthly Monitoring,PTR,UP,20,402.8,11:29,,
2/13/2024,2024,2,13,Monthly Monitoring,PTR,UP,20,482.9,11:31,,
2/23/2024,2024,2,23,Monthly Monitoring,OWC,WE,5,-7.3,10:44,,
2/23/2024,2024,2,23,Monthly Monitoring,OWC,WE,5,245.5,10:47,,
2/23/2024,2024,2,23,Monthly Monitoring,OWC,WE,5,124.6,10:51,,
2/23/2024,2024,2,23,Monthly Monitoring,OWC,WE,5,111,10:52,,
2/23/2024,2024,2,23,Monthly Monitoring,OWC,WE,5,55.3,10:53,,
2/23/2024,2024,2,23,Monthly Monitoring,OWC,WE,5,114.8,10:55,,
2/23/2024,2024,2,23,Monthly Monitoring,OWC,WE,10,24.7,10:58,,
2/23/2024,2024,2,23,Monthly Monitoring,OWC,WE,10,28.4,10:59,,
2/23/2024,2024,2,23,Monthly Monitoring,OWC,WE,10,136.2,11:00,,
2/23/2024,2024,2,23,Monthly Monitoring,OWC,WE,10,56.9,11:01,,
2/23/2024,2024,2,23,Monthly Monitoring,OWC,WE,10,-41.7,11:02,,
2/23/2024,2024,2,23,Monthly Monitoring,OWC,WE,10,-32.3,11:03,,
2/23/2024,2024,2,23,Monthly Monitoring,OWC,WE,20,-103.9,11:07,,
2/23/2024,2024,2,23,Monthly Monitoring,OWC,WE,20,-104.2,11:08,,
2/23/2024,2024,2,23,Monthly Monitoring,OWC,WE,20,-36.6,11:09,,
2/23/2024,2024,2,23,Monthly Monitoring,OWC,WE,20,-80.6,11:10,,
2/23/2024,2024,2,23,Monthly Monitoring,OWC,WE,20,-141.8,11:14,,
2/23/2024,2024,2,23,Monthly Monitoring,OWC,WE,20,-153.1,11:24,,
2/23/2024,2024,2,23,Monthly Monitoring,OWC,UP,5,332.5,13:01,,
2/23/2024,2024,2,23,Monthly Monitoring,OWC,UP,5,378.1,13:03,,
2/23/2024,2024,2,23,Monthly Monitoring,OWC,UP,5,373.4,13:05,,
2/23/2024,2024,2,23,Monthly Monitoring,OWC,UP,5,354.6,13:08,,
2/23/2024,2024,2,23,Monthly Monitoring,OWC,UP,5,343.3,13:10,,
2/23/2024,2024,2,23,Monthly Monitoring,OWC,UP,5,361.4,13:11,,
2/23/2024,2024,2,23,Monthly Monitoring,OWC,UP,10,403.1,13:16,,
2/23/2024,2024,2,23,Monthly Monitoring,OWC,UP,10,397.1,13:17,,
2/23/2024,2024,2,23,Monthly Monitoring,OWC,UP,10,409.8,13:19,,
2/23/2024,2024,2,23,Monthly Monitoring,OWC,UP,10,352.3,13:20,,
2/23/2024,2024,2,23,Monthly Monitoring,OWC,UP,10,387.3,13:21,,
2/23/2024,2024,2,23,Monthly Monitoring,OWC,UP,10,371.8,13:23,,
2/23/2024,2024,2,23,Monthly Monitoring,OWC,UP,20,324.1,13:24,,
2/23/2024,2024,2,23,Monthly Monitoring,OWC,UP,20,437.4,13:28,,
2/23/2024,2024,2,23,Monthly Monitoring,OWC,UP,20,434.8,13:29,,
2/23/2024,2024,2,23,Monthly Monitoring,OWC,UP,20,375,13:35,,
2/23/2024,2024,2,23,Monthly Monitoring,OWC,UP,20,437.3,13:37,,
2/23/2024,2024,2,23,Monthly Monitoring,OWC,UP,20,436.8,13:38,,
2/23/2024,2024,2,23,Monthly Monitoring,OWC,TR,5,166.4,11:50,,
2/23/2024,2024,2,23,Monthly Monitoring,OWC,TR,5,327.6,11:53,,
2/23/2024,2024,2,23,Monthly Monitoring,OWC,TR,5,265,11:55,,
2/23/2024,2024,2,23,Monthly Monitoring,OWC,TR,5,312.7,11:57,,
2/23/2024,2024,2,23,Monthly Monitoring,OWC,TR,5,322.8,11:58,,
2/23/2024,2024,2,23,Monthly Monitoring,OWC,TR,5,161.9,11:59,,
2/23/2024,2024,2,23,Monthly Monitoring,OWC,TR,10,130.6,12:02,,
2/23/2024,2024,2,23,Monthly Monitoring,OWC,TR,10,323.4,12:03,,
2/23/2024,2024,2,23,Monthly Monitoring,OWC,TR,10,181.7,12:08,,
2/23/2024,2024,2,23,Monthly Monitoring,OWC,TR,10,313.1,12:09,,
2/23/2024,2024,2,23,Monthly Monitoring,OWC,TR,10,190.4,12:10,,
2/23/2024,2024,2,23,Monthly Monitoring,OWC,TR,10,109.6,12:11,,
2/23/2024,2024,2,23,Monthly Monitoring,OWC,TR,20,131.7,12:20,,
2/23/2024,2024,2,23,Monthly Monitoring,OWC,TR,20,192.9,12:21,,
2/23/2024,2024,2,23,Monthly Monitoring,OWC,TR,20,87.6,12:24,,
2/23/2024,2024,2,23,Monthly Monitoring,OWC,TR,20,223.1,12:25,,
2/23/2024,2024,2,23,Monthly Monitoring,OWC,TR,20,143.9,12:26,,
2/23/2024,2024,2,23,Monthly Monitoring,OWC,TR,20,129.5,12:28,,
4/19/2024,2024,4,19,Monthly Monitoring,OWC,WE,5,13:45,-25.1,,
4/19/2024,2024,4,19,Monthly Monitoring,OWC,WE,5,13:47,-46,,
4/19/2024,2024,4,19,Monthly Monitoring,OWC,WE,5,13:48,24.2,,
4/19/2024,2024,4,19,Monthly Monitoring,OWC,WE,5,13:51,105.9,,
4/19/2024,2024,4,19,Monthly Monitoring,OWC,WE,5,13:52,306.8,,
4/19/2024,2024,4,19,Monthly Monitoring,OWC,WE,5,13:55,78.7,,
4/19/2024,2024,4,19,Monthly Monitoring,OWC,WE,10,14:02,-17.9,,
4/19/2024,2024,4,19,Monthly Monitoring,OWC,WE,10,14:03,-53.7,,
4/19/2024,2024,4,19,Monthly Monitoring,OWC,WE,10,14:04,-61.1,,
4/19/2024,2024,4,19,Monthly Monitoring,OWC,WE,10,14:05,-51.2,,
4/19/2024,2024,4,19,Monthly Monitoring,OWC,WE,10,14:06,-50.2,,
4/19/2024,2024,4,19,Monthly Monitoring,OWC,WE,10,14:07,-29.1,,
4/19/2024,2024,4,19,Monthly Monitoring,OWC,WE,20,14:10,-105.1,,
4/19/2024,2024,4,19,Monthly Monitoring,OWC,WE,20,14:12,-99.6,,
4/19/2024,2024,4,19,Monthly Monitoring,OWC,WE,20,14:13,-82.2,,
4/19/2024,2024,4,19,Monthly Monitoring,OWC,WE,20,14:14,-95,,
4/19/2024,2024,4,19,Monthly Monitoring,OWC,WE,20,14:15,-104.2,,
4/19/2024,2024,4,19,Monthly Monitoring,OWC,WE,20,14:16,-92.7,,
4/19/2024,2024,4,19,Monthly Monitoring,OWC,UP,5,12:23,398.5,,
4/19/2024,2024,4,19,Monthly Monitoring,OWC,UP,5,12:28,402.4,,
4/19/2024,2024,4,19,Monthly Monitoring,OWC,UP,5,12:29,-12.5,,
4/19/2024,2024,4,19,Monthly Monitoring,OWC,UP,5,12:31,364.6,,
4/19/2024,2024,4,19,Monthly Monitoring,OWC,UP,5,12:32,424.6,,
4/19/2024,2024,4,19,Monthly Monitoring,OWC,UP,5,12:33,307.8,,
4/19/2024,2024,4,19,Monthly Monitoring,OWC,UP,10,12:41,395.6,,
4/19/2024,2024,4,19,Monthly Monitoring,OWC,UP,10,12:45,489.7,,
4/19/2024,2024,4,19,Monthly Monitoring,OWC,UP,10,12:48,377.5,,
4/19/2024,2024,4,19,Monthly Monitoring,OWC,UP,10,12:54,258,,
4/19/2024,2024,4,19,Monthly Monitoring,OWC,UP,10,12:56,384.2,,
4/19/2024,2024,4,19,Monthly Monitoring,OWC,UP,10,12:57,382.6,,
4/19/2024,2024,4,19,Monthly Monitoring,OWC,UP,20,13:02,466.7,,
4/19/2024,2024,4,19,Monthly Monitoring,OWC,UP,20,13:08,23.7,,
4/19/2024,2024,4,19,Monthly Monitoring,OWC,UP,20,13:09,443.6,,
4/19/2024,2024,4,19,Monthly Monitoring,OWC,UP,20,13:14,450.3,,
4/19/2024,2024,4,19,Monthly Monitoring,OWC,UP,20,13:15,536.6,,
4/19/2024,2024,4,19,Monthly Monitoring,OWC,UP,20,13:20,553.6,,
4/19/2024,2024,4,19,Monthly Monitoring,OWC,TR,5,49.5,10:57,,
4/19/2024,2024,4,19,Monthly Monitoring,OWC,TR,5,369.3,11:00,,
4/19/2024,2024,4,19,Monthly Monitoring,OWC,TR,5,186.7,11:06,,
4/19/2024,2024,4,19,Monthly Monitoring,OWC,TR,5,192.7,11:12,,
4/19/2024,2024,4,19,Monthly Monitoring,OWC,TR,5,143.5,11:13,,
4/19/2024,2024,4,19,Monthly Monitoring,OWC,TR,5,320.7,11:19,,
4/19/2024,2024,4,19,Monthly Monitoring,OWC,TR,10,18.1,11:24,,
4/19/2024,2024,4,19,Monthly Monitoring,OWC,TR,10,46.1,11:27,,
4/19/2024,2024,4,19,Monthly Monitoring,OWC,TR,10,162.1,11:34,,
4/19/2024,2024,4,19,Monthly Monitoring,OWC,TR,10,208.5,11:36,,
4/19/2024,2024,4,19,Monthly Monitoring,OWC,TR,10,144.8,11:39,,
4/19/2024,2024,4,19,Monthly Monitoring,OWC,TR,10,227.7,11:41,,
4/19/2024,2024,4,19,Monthly Monitoring,OWC,TR,20,65.5,11:48,,
4/19/2024,2024,4,19,Monthly Monitoring,OWC,TR,20,185.5,11:53,,
4/19/2024,2024,4,19,Monthly Monitoring,OWC,TR,20,203.8,11:54,,
4/19/2024,2024,4,19,Monthly Monitoring,OWC,TR,20,273.3,11:56,,
4/19/2024,2024,4,19,Monthly Monitoring,OWC,TR,20,147.7,11:57,,
4/19/2024,2024,4,19,Monthly Monitoring,OWC,TR,20,123.9,12:04,,
4/26/2024,2024,4,26,Monthly Monitoring,CRC,WE,5,-32.5,10:02,,
4/26/2024,2024,4,26,Monthly Monitoring,CRC,WE,5,130.2,10:14,,
4/26/2024,2024,4,26,Monthly Monitoring,CRC,WE,5,-35.3,10:17,,
4/26/2024,2024,4,26,Monthly Monitoring,CRC,WE,5,-23.5,10:19,,
4/26/2024,2024,4,26,Monthly Monitoring,CRC,WE,5,-19.5,10:21,,
4/26/2024,2024,4,26,Monthly Monitoring,CRC,WE,5,-20.6,10:26,,
4/26/2024,2024,4,26,Monthly Monitoring,CRC,WE,10,-65.5,10:28,,
4/26/2024,2024,4,26,Monthly Monitoring,CRC,WE,10,0.9,10:31,,
4/26/2024,2024,4,26,Monthly Monitoring,CRC,WE,10,6.5,10:33,,
4/26/2024,2024,4,26,Monthly Monitoring,CRC,WE,10,6,10:34,,
4/26/2024,2024,4,26,Monthly Monitoring,CRC,WE,10,-61,10:36,,
4/26/2024,2024,4,26,Monthly Monitoring,CRC,WE,10,-52.7,10:38,,
4/26/2024,2024,4,26,Monthly Monitoring,CRC,WE,20,32.9,10:46,,
4/26/2024,2024,4,26,Monthly Monitoring,CRC,WE,20,171.2,11:06,,
4/26/2024,2024,4,26,Monthly Monitoring,CRC,WE,20,73.1,11:07,,
4/26/2024,2024,4,26,Monthly Monitoring,CRC,WE,20,63.6,11:10,,
4/26/2024,2024,4,26,Monthly Monitoring,CRC,WE,20,-80.6,11:15,,
4/26/2024,2024,4,26,Monthly Monitoring,CRC,WE,20,39.2,11:16,,
4/26/2024,2024,4,26,Monthly Monitoring,CRC,UP,5,315.2,14:18,,
4/26/2024,2024,4,26,Monthly Monitoring,CRC,UP,5,323.6,14:22,,
4/26/2024,2024,4,26,Monthly Monitoring,CRC,UP,5,297.6,14:23,,
4/26/2024,2024,4,26,Monthly Monitoring,CRC,UP,5,297.4,14:25,,
4/26/2024,2024,4,26,Monthly Monitoring,CRC,UP,5,214,14:29,,
4/26/2024,2024,4,26,Monthly Monitoring,CRC,UP,5,80.4,14:30,,
4/26/2024,2024,4,26,Monthly Monitoring,CRC,UP,10,243.3,14:33,,
4/26/2024,2024,4,26,Monthly Monitoring,CRC,UP,10,308.2,14:35,,
4/26/2024,2024,4,26,Monthly Monitoring,CRC,UP,10,245.7,14:36,,
4/26/2024,2024,4,26,Monthly Monitoring,CRC,UP,10,206.2,14:37,,
4/26/2024,2024,4,26,Monthly Monitoring,CRC,UP,10,109.4,14:38,,
4/26/2024,2024,4,26,Monthly Monitoring,CRC,UP,10,66.6,14:39,,
4/26/2024,2024,4,26,Monthly Monitoring,CRC,UP,20,357.7,14:43,,
4/26/2024,2024,4,26,Monthly Monitoring,CRC,UP,20,380.7,14:45,,
4/26/2024,2024,4,26,Monthly Monitoring,CRC,UP,20,352.8,14:46,,
4/26/2024,2024,4,26,Monthly Monitoring,CRC,UP,20,268.6,14:51,,
4/26/2024,2024,4,26,Monthly Monitoring,CRC,UP,20,126.7,14:52,,
4/26/2024,2024,4,26,Monthly Monitoring,CRC,UP,20,80,14:53,,
4/26/2024,2024,4,26,Monthly Monitoring,CRC,TR,5,98.1,11:31,,
4/26/2024,2024,4,26,Monthly Monitoring,CRC,TR,5,104.6,11:36,,
4/26/2024,2024,4,26,Monthly Monitoring,CRC,TR,5,60.7,11:37,,
4/26/2024,2024,4,26,Monthly Monitoring,CRC,TR,5,155.5,11:39,,
4/26/2024,2024,4,26,Monthly Monitoring,CRC,TR,5,53.6,11:41,,
4/26/2024,2024,4,26,Monthly Monitoring,CRC,TR,5,134.7,11:44,,
4/26/2024,2024,4,26,Monthly Monitoring,CRC,TR,10,84.5,11:47,,
4/26/2024,2024,4,26,Monthly Monitoring,CRC,TR,10,92.8,11:52,,
4/26/2024,2024,4,26,Monthly Monitoring,CRC,TR,10,80,12:02,,
4/26/2024,2024,4,26,Monthly Monitoring,CRC,TR,10,99,12:04,,
4/26/2024,2024,4,26,Monthly Monitoring,CRC,TR,10,59.3,12:05,,
4/26/2024,2024,4,26,Monthly Monitoring,CRC,TR,10,121.9,12:06,,
4/26/2024,2024,4,26,Monthly Monitoring,CRC,TR,20,193.1,12:19,,
4/26/2024,2024,4,26,Monthly Monitoring,CRC,TR,20,143.7,12:29,,
4/26/2024,2024,4,26,Monthly Monitoring,CRC,TR,20,76.7,12:30,,
4/26/2024,2024,4,26,Monthly Monitoring,CRC,TR,20,107.3,12:32,,
4/26/2024,2024,4,26,Monthly Monitoring,CRC,TR,20,122,12:33,,
4/26/2024,2024,4,26,Monthly Monitoring,CRC,TR,20,179.6,12:34,,
7/26/2024,2024,7,26,Monthly Monitoring,CRC,WE,5,70.7,12:29,,
7/26/2024,2024,7,26,Monthly Monitoring,CRC,WE,5,5.8,12:35,,
7/26/2024,2024,7,26,Monthly Monitoring,CRC,WE,5,-103.7,12:38,,
7/26/2024,2024,7,26,Monthly Monitoring,CRC,WE,5,327.2,12:41,,
7/26/2024,2024,7,26,Monthly Monitoring,CRC,WE,5,179.2,12:46,,
7/26/2024,2024,7,26,Monthly Monitoring,CRC,WE,5,271.9,12:55,,
7/26/2024,2024,7,26,Monthly Monitoring,CRC,WE,10,90.7,13:05,,
7/26/2024,2024,7,26,Monthly Monitoring,CRC,WE,10,101.7,13:08,,
7/26/2024,2024,7,26,Monthly Monitoring,CRC,WE,10,86,13:10,,
7/26/2024,2024,7,26,Monthly Monitoring,CRC,WE,10,290.1,13:13,,
7/26/2024,2024,7,26,Monthly Monitoring,CRC,WE,10,214.5,13:15,,
7/26/2024,2024,7,26,Monthly Monitoring,CRC,WE,10,305.9,13:17,,
7/26/2024,2024,7,26,Monthly Monitoring,CRC,WE,20,26.9,13:20,,
7/26/2024,2024,7,26,Monthly Monitoring,CRC,WE,20,77.8,13:23,,
7/26/2024,2024,7,26,Monthly Monitoring,CRC,WE,20,10.4,13:25,,
7/26/2024,2024,7,26,Monthly Monitoring,CRC,WE,20,49.1,13:32,,
7/26/2024,2024,7,26,Monthly Monitoring,CRC,WE,20,-10.1,13:37,,
7/26/2024,2024,7,26,Monthly Monitoring,CRC,WE,20,28.6,13:40,,
7/26/2024,2024,7,26,Monthly Monitoring,CRC,TR,5,521.8,10:10,,
7/26/2024,2024,7,26,Monthly Monitoring,CRC,TR,5,134.6,10:46,,
7/26/2024,2024,7,26,Monthly Monitoring,CRC,TR,5,277.5,10:52,,
7/26/2024,2024,7,26,Monthly Monitoring,CRC,TR,5,145.1,10:54,,
7/26/2024,2024,7,26,Monthly Monitoring,CRC,TR,5,46,11:07,,
7/26/2024,2024,7,26,Monthly Monitoring,CRC,TR,5,62,11:17,,
7/26/2024,2024,7,26,Monthly Monitoring,CRC,TR,10,602.1,10:18,,
7/26/2024,2024,7,26,Monthly Monitoring,CRC,TR,10,93.2,11:22,,
7/26/2024,2024,7,26,Monthly Monitoring,CRC,TR,10,257,11:30,,
7/26/2024,2024,7,26,Monthly Monitoring,CRC,TR,10,130.8,11:35,,
7/26/2024,2024,7,26,Monthly Monitoring,CRC,TR,10,20.8,11:39,,
7/26/2024,2024,7,26,Monthly Monitoring,CRC,TR,10,129.1,11:44,,
7/26/2024,2024,7,26,Monthly Monitoring,CRC,TR,20,267.1,10:40,,
7/26/2024,2024,7,26,Monthly Monitoring,CRC,TR,20,131.2,12:00,,
7/26/2024,2024,7,26,Monthly Monitoring,CRC,TR,20,167.1,12:05,,
7/26/2024,2024,7,26,Monthly Monitoring,CRC,TR,20,242.6,12:07,,
7/26/2024,2024,7,26,Monthly Monitoring,CRC,TR,20,109.1,12:10,,
7/26/2024,2024,7,26,Monthly Monitoring,CRC,TR,20,206.9,12:20,,
7/29/2024,2024,7,29,Monthly Monitoring,CRC,UP,5,433.3,9:48,,
7/29/2024,2024,7,29,Monthly Monitoring,CRC,UP,5,524.2,9:53,,
7/29/2024,2024,7,29,Monthly Monitoring,CRC,UP,5,427.7,9:57,,
7/29/2024,2024,7,29,Monthly Monitoring,CRC,UP,5,441.3,9:59,,
7/29/2024,2024,7,29,Monthly Monitoring,CRC,UP,5,20.9,10:05,,
7/29/2024,2024,7,29,Monthly Monitoring,CRC,UP,5,434,10:07,,
7/29/2024,2024,7,29,Monthly Monitoring,CRC,UP,10,452.4,10:10,,
7/29/2024,2024,7,29,Monthly Monitoring,CRC,UP,10,423.9,10:14,,
7/29/2024,2024,7,29,Monthly Monitoring,CRC,UP,10,412.4,10:19,,
7/29/2024,2024,7,29,Monthly Monitoring,CRC,UP,10,458.9,10:23,,
7/29/2024,2024,7,29,Monthly Monitoring,CRC,UP,10,361.2,10:25,,
7/29/2024,2024,7,29,Monthly Monitoring,CRC,UP,10,499.1,10:28,Up was too dry to get 20cm,
7/31/2024,2024,7,31,Monthly Monitoring,OWC,WE,5,156.8,1:54,,
7/31/2024,2024,7,31,Monthly Monitoring,OWC,WE,5,161.6,1:59,,
7/31/2024,2024,7,31,Monthly Monitoring,OWC,WE,5,189.2,2:03,,
7/31/2024,2024,7,31,Monthly Monitoring,OWC,WE,5,80.7,2:07,,
7/31/2024,2024,7,31,Monthly Monitoring,OWC,WE,5,46.1,2:11,,
7/31/2024,2024,7,31,Monthly Monitoring,OWC,WE,5,141.8,2:15,,
7/31/2024,2024,7,31,Monthly Monitoring,OWC,WE,10,247.6,2:17,,
7/31/2024,2024,7,31,Monthly Monitoring,OWC,WE,10,-154,2:22,,
7/31/2024,2024,7,31,Monthly Monitoring,OWC,WE,10,-56.9,2:24,,
7/31/2024,2024,7,31,Monthly Monitoring,OWC,WE,10,3.3,2:28,,
7/31/2024,2024,7,31,Monthly Monitoring,OWC,WE,10,214.9,2:30,,
7/31/2024,2024,7,31,Monthly Monitoring,OWC,WE,10,-213.1,2:33,,
7/31/2024,2024,7,31,Monthly Monitoring,OWC,WE,20,-109.6,2:35,,
7/31/2024,2024,7,31,Monthly Monitoring,OWC,WE,20,-212.1,2:41,,
7/31/2024,2024,7,31,Monthly Monitoring,OWC,WE,20,-148.9,2:49,,
7/31/2024,2024,7,31,Monthly Monitoring,OWC,WE,20,-157.4,2:53,,
7/31/2024,2024,7,31,Monthly Monitoring,OWC,WE,20,-144.1,2:56,,
7/31/2024,2024,7,31,Monthly Monitoring,OWC,WE,20,-269.4,2:58,,
7/31/2024,2024,7,31,Monthly Monitoring,OWC,TR,5,491.3,10:39,,
7/31/2024,2024,7,31,Monthly Monitoring,OWC,TR,5,44.4,10:45,,
7/31/2024,2024,7,31,Monthly Monitoring,OWC,TR,5,8.9,10:52,,
7/31/2024,2024,7,31,Monthly Monitoring,OWC,TR,5,69.2,10:55,,
7/31/2024,2024,7,31,Monthly Monitoring,OWC,TR,5,95.7,10:59,,
7/31/2024,2024,7,31,Monthly Monitoring,OWC,TR,5,273.1,11:01,,
7/31/2024,2024,7,31,Monthly Monitoring,OWC,TR,10,440,11:06,,
7/31/2024,2024,7,31,Monthly Monitoring,OWC,TR,10,442.7,11:10,,
7/31/2024,2024,7,31,Monthly Monitoring,OWC,TR,10,345.2,11:12,,
7/31/2024,2024,7,31,Monthly Monitoring,OWC,TR,10,148.9,11:15,,
7/31/2024,2024,7,31,Monthly Monitoring,OWC,TR,10,73.1,11:22,,
7/31/2024,2024,7,31,Monthly Monitoring,OWC,TR,10,501.8,11:27,,
7/31/2024,2024,7,31,Monthly Monitoring,OWC,TR,20,334.8,11:29,,
7/31/2024,2024,7,31,Monthly Monitoring,OWC,TR,20,360.6,11:32,,
7/31/2024,2024,7,31,Monthly Monitoring,OWC,TR,20,326.2,11:36,,
7/31/2024,2024,7,31,Monthly Monitoring,OWC,TR,20,366.2,11:42,,
7/31/2024,2024,7,31,Monthly Monitoring,OWC,TR,20,362,11:45,,
7/31/2024,2024,7,31,Monthly Monitoring,OWC,TR,20,294.9,11:50,,
7/31/2024,2024,7,31,Monthly Monitoring,OWC,UP,5,244.1,12:19,,
7/31/2024,2024,7,31,Monthly Monitoring,OWC,UP,5,421.8,12:25,,
7/31/2024,2024,7,31,Monthly Monitoring,OWC,UP,5,352,12:29,,
7/31/2024,2024,7,31,Monthly Monitoring,OWC,UP,5,341.8,12:32,,
7/31/2024,2024,7,31,Monthly Monitoring,OWC,UP,5,244.7,12:38,,
7/31/2024,2024,7,31,Monthly Monitoring,OWC,UP,5,424.6,12:42,,
7/31/2024,2024,7,31,Monthly Monitoring,OWC,UP,10,158.4,12:48,,
7/31/2024,2024,7,31,Monthly Monitoring,OWC,UP,10,109.2,12:53,,
7/31/2024,2024,7,31,Monthly Monitoring,OWC,UP,10,169.9,1:05,,
7/31/2024,2024,7,31,Monthly Monitoring,OWC,UP,10,112.7,1:10,,
7/31/2024,2024,7,31,Monthly Monitoring,OWC,UP,10,157,1:14,,
7/31/2024,2024,7,31,Monthly Monitoring,OWC,UP,10,124.9,1:17,,
7/31/2024,2024,7,31,Monthly Monitoring,OWC,UP,20,175.1,1:20,,
7/31/2024,2024,7,31,Monthly Monitoring,OWC,UP,20,143.1,1:24,,
7/31/2024,2024,7,31,Monthly Monitoring,OWC,UP,20,173.3,1:28,,
7/31/2024,2024,7,31,Monthly Monitoring,OWC,UP,20,167.8,1:33,,
7/31/2024,2024,7,31,Monthly Monitoring,OWC,UP,20,155.8,1:39,,
7/31/2024,2024,7,31,Monthly Monitoring,OWC,UP,20,138,1:42,,
8/7/2024,2024,8,7,Monthly Monitoring,PTR,WE,5,221.7,10:59,,
8/7/2024,2024,8,7,Monthly Monitoring,PTR,WE,5,68.4,11:01,,
8/7/2024,2024,8,7,Monthly Monitoring,PTR,WE,5,195.6,11:06,,
8/7/2024,2024,8,7,Monthly Monitoring,PTR,WE,5,162.3,11:11,,
8/7/2024,2024,8,7,Monthly Monitoring,PTR,WE,5,141.9,11:15,,
8/7/2024,2024,8,7,Monthly Monitoring,PTR,WE,5,122.4,11:18,,
8/7/2024,2024,8,7,Monthly Monitoring,PTR,WE,10,184.8,11:26,,
8/7/2024,2024,8,7,Monthly Monitoring,PTR,WE,10,76.1,11:24,,
8/7/2024,2024,8,7,Monthly Monitoring,PTR,WE,10,132.5,11:26,,
8/7/2024,2024,8,7,Monthly Monitoring,PTR,WE,10,159.9,11:29,,
8/7/2024,2024,8,7,Monthly Monitoring,PTR,WE,10,148.5,11:31,,
8/7/2024,2024,8,7,Monthly Monitoring,PTR,WE,10,172.1,11:34,,
8/7/2024,2024,8,7,Monthly Monitoring,PTR,WE,20,231,11:36,,
8/7/2024,2024,8,7,Monthly Monitoring,PTR,WE,20,88.3,11:40,,
8/7/2024,2024,8,7,Monthly Monitoring,PTR,WE,20,155.1,11:42,,
8/7/2024,2024,8,7,Monthly Monitoring,PTR,WE,20,196.3,11:44,,
8/7/2024,2024,8,7,Monthly Monitoring,PTR,WE,20,198.7,11:46,,
8/7/2024,2024,8,7,Monthly Monitoring,PTR,WE,20,216.4,11:47,,
8/7/2024,2024,8,7,Monthly Monitoring,PTR,TR,5,361.4,12:05,was too dry to get 20cm,
8/7/2024,2024,8,7,Monthly Monitoring,PTR,TR,5,408.1,12:07,,
8/7/2024,2024,8,7,Monthly Monitoring,PTR,TR,5,370.2,12:11,,
8/7/2024,2024,8,7,Monthly Monitoring,PTR,TR,5,354.7,12:15,,
8/7/2024,2024,8,7,Monthly Monitoring,PTR,TR,5,380.5,12:17,,
8/7/2024,2024,8,7,Monthly Monitoring,PTR,TR,5,373.9,12:22,,
8/7/2024,2024,8,7,Monthly Monitoring,PTR,TR,10,515.8,12:24,,
8/7/2024,2024,8,7,Monthly Monitoring,PTR,TR,10,429.1,12:28,,
8/7/2024,2024,8,7,Monthly Monitoring,PTR,TR,10,434.8,12:30,,
8/7/2024,2024,8,7,Monthly Monitoring,PTR,TR,10,462.4,12:31,,
8/7/2024,2024,8,7,Monthly Monitoring,PTR,TR,10,475,12:34,,
8/7/2024,2024,8,7,Monthly Monitoring,PTR,TR,10,487.5,12:41,,
8/9/2024,2024,8,9,Monthly Monitoring,PTR,UP,5,372.5,10:10,was too dry to get 20cm,
8/9/2024,2024,8,9,Monthly Monitoring,PTR,UP,5,480.3,10:13,,
8/9/2024,2024,8,9,Monthly Monitoring,PTR,UP,5,390.5,10:15,,
8/9/2024,2024,8,9,Monthly Monitoring,PTR,UP,5,388.9,10:21,,
8/9/2024,2024,8,9,Monthly Monitoring,PTR,UP,5,432.5,10:25,,
8/9/2024,2024,8,9,Monthly Monitoring,PTR,UP,5,416.9,10:28,,
8/9/2024,2024,8,9,Monthly Monitoring,PTR,UP,10,470.5,10:31,,
8/9/2024,2024,8,9,Monthly Monitoring,PTR,UP,10,471.6,10:49,,
8/9/2024,2024,8,9,Monthly Monitoring,PTR,UP,10,463.8,10:57,,
8/9/2024,2024,8,9,Monthly Monitoring,PTR,UP,10,518.5,10:59,,
8/9/2024,2024,8,9,Monthly Monitoring,PTR,UP,10,448.7,11:12,,
8/9/2024,2024,8,9,Monthly Monitoring,PTR,UP,10,209.7,11:19,,
10/18/2024,2024,10,18,Monthly Monitoring,OWC,TR,5,605.4,11:48,,
10/18/2024,2024,10,18,Monthly Monitoring,OWC,TR,5,615.5,11:50,,
10/18/2024,2024,10,18,Monthly Monitoring,OWC,TR,5,562,11:51,,
10/18/2024,2024,10,18,Monthly Monitoring,OWC,TR,5,622,11:54,,
10/18/2024,2024,10,18,Monthly Monitoring,OWC,TR,5,606.1,11:56,,
10/18/2024,2024,10,18,Monthly Monitoring,OWC,TR,5,613.2,11:57,,
10/18/2024,2024,10,18,Monthly Monitoring,OWC,TR,10,607.2,12:00,,
10/18/2024,2024,10,18,Monthly Monitoring,OWC,TR,10,607.7,12:01,,
10/18/2024,2024,10,18,Monthly Monitoring,OWC,TR,10,602.2,12:04,,
10/18/2024,2024,10,18,Monthly Monitoring,OWC,TR,10,623.3,12:06,,
10/18/2024,2024,10,18,Monthly Monitoring,OWC,TR,10,616.7,12:08,,
10/18/2024,2024,10,18,Monthly Monitoring,OWC,TR,10,619.4,12:09,,
10/18/2024,2024,10,18,Monthly Monitoring,OWC,TR,20,610.3,12:11,,
10/18/2024,2024,10,18,Monthly Monitoring,OWC,TR,20,615,12:13,,
10/18/2024,2024,10,18,Monthly Monitoring,OWC,TR,20,610.6,12:14,,
10/18/2024,2024,10,18,Monthly Monitoring,OWC,TR,20,613.2,12:17,,
10/18/2024,2024,10,18,Monthly Monitoring,OWC,TR,20,610.1,12:18,,
10/18/2024,2024,10,18,Monthly Monitoring,OWC,TR,20,621.4,12:20,,
10/18/2024,2024,10,18,Monthly Monitoring,OWC,UP,5,506.6,10:21,,
10/18/2024,2024,10,18,Monthly Monitoring,OWC,UP,5,613,10:25,,
10/18/2024,2024,10,18,Monthly Monitoring,OWC,UP,5,654.5,10:36,,
10/18/2024,2024,10,18,Monthly Monitoring,OWC,UP,5,620.5,10:57,,
10/18/2024,2024,10,18,Monthly Monitoring,OWC,UP,5,602.3,10:54,,
10/18/2024,2024,10,18,Monthly Monitoring,OWC,UP,5,572.9,10:56,,
10/18/2024,2024,10,18,Monthly Monitoring,OWC,UP,10,636.1,10:59,,
10/18/2024,2024,10,18,Monthly Monitoring,OWC,UP,10,590.4,11:00,,
10/18/2024,2024,10,18,Monthly Monitoring,OWC,UP,10,614.8,11:00,,
10/18/2024,2024,10,18,Monthly Monitoring,OWC,UP,10,603.9,11:05,,
10/18/2024,2024,10,18,Monthly Monitoring,OWC,UP,10,528.5,11:07,,
10/18/2024,2024,10,18,Monthly Monitoring,OWC,UP,10,579.6,11:08,,
10/18/2024,2024,10,18,Monthly Monitoring,OWC,UP,20,605.2,11:23,,
10/18/2024,2024,10,18,Monthly Monitoring,OWC,UP,20,652.6,11:25,,
10/18/2024,2024,10,18,Monthly Monitoring,OWC,UP,20,653.1,11:26,,
10/18/2024,2024,10,18,Monthly Monitoring,OWC,UP,20,638.8,11:28,,
10/18/2024,2024,10,18,Monthly Monitoring,OWC,UP,20,653.7,11:30,,
10/18/2024,2024,10,18,Monthly Monitoring,OWC,UP,20,670,11:31,,
10/22/2024,2024,10,22,Monthly Monitoring,PTR,WE,5,630,13:08,,
10/22/2024,2024,10,22,Monthly Monitoring,PTR,WE,5,633.9,13:10,,
10/22/2024,2024,10,22,Monthly Monitoring,PTR,WE,5,493.5,13:13,,
10/22/2024,2024,10,22,Monthly Monitoring,PTR,WE,5,646.4,13:15,,
10/22/2024,2024,10,22,Monthly Monitoring,PTR,WE,5,658.2,13:16,,
10/22/2024,2024,10,22,Monthly Monitoring,PTR,WE,5,659.7,13:18,,
10/22/2024,2024,10,22,Monthly Monitoring,PTR,WE,10,493.2,13:20,,
10/22/2024,2024,10,22,Monthly Monitoring,PTR,WE,10,634.9,13:21,,
10/22/2024,2024,10,22,Monthly Monitoring,PTR,WE,10,655.2,13:24,,
10/22/2024,2024,10,22,Monthly Monitoring,PTR,WE,10,672.1,13:25,,
10/22/2024,2024,10,22,Monthly Monitoring,PTR,WE,10,681.5,13:27,,
10/22/2024,2024,10,22,Monthly Monitoring,PTR,WE,10,626.2,13:28,,
10/22/2024,2024,10,22,Monthly Monitoring,PTR,WE,20,363.4,13:30,,
10/22/2024,2024,10,22,Monthly Monitoring,PTR,WE,20,515.4,13:32,,
10/22/2024,2024,10,22,Monthly Monitoring,PTR,WE,20,548.5,13:33,,
10/22/2024,2024,10,22,Monthly Monitoring,PTR,WE,20,565.3,13:36,,
10/22/2024,2024,10,22,Monthly Monitoring,PTR,WE,20,596.4,13:38,,
10/22/2024,2024,10,22,Monthly Monitoring,PTR,WE,20,527.2,13:41,,
10/22/2024,2024,10,22,Monthly Monitoring,PTR,TR,5,615.2,12:28,,
10/22/2024,2024,10,22,Monthly Monitoring,PTR,TR,5,620.7,12:30,,
10/22/2024,2024,10,22,Monthly Monitoring,PTR,TR,5,602.9,12:32,,
10/22/2024,2024,10,22,Monthly Monitoring,PTR,TR,5,615.5,12:34,,
10/22/2024,2024,10,22,Monthly Monitoring,PTR,TR,5,625.1,12:37,,
10/22/2024,2024,10,22,Monthly Monitoring,PTR,TR,5,630.1,12:38,,
10/22/2024,2024,10,22,Monthly Monitoring,PTR,TR,10,657.5,12:39,,
10/22/2024,2024,10,22,Monthly Monitoring,PTR,TR,10,643.3,12:41,,
10/22/2024,2024,10,22,Monthly Monitoring,PTR,TR,10,635.1,12:42,,
10/22/2024,2024,10,22,Monthly Monitoring,PTR,TR,10,619.9,12:45,,
10/22/2024,2024,10,22,Monthly Monitoring,PTR,TR,10,516.5,12:49,,
10/22/2024,2024,10,22,Monthly Monitoring,PTR,TR,10,636.3,12:51,,
10/22/2024,2024,10,22,Monthly Monitoring,PTR,TR,20,716.4,12:52,,
10/22/2024,2024,10,22,Monthly Monitoring,PTR,TR,20,570.7,12:54,,
10/22/2024,2024,10,22,Monthly Monitoring,PTR,TR,20,652.9,12:55,,
10/22/2024,2024,10,22,Monthly Monitoring,PTR,TR,20,649.7,12:56,,
10/22/2024,2024,10,22,Monthly Monitoring,PTR,TR,20,611.8,12:57,,
10/22/2024,2024,10,22,Monthly Monitoring,PTR,TR,20,592.4,12:59,,
10/22/2024,2024,10,22,Monthly Monitoring,PTR,UP,5,606.9,11:51,,
10/22/2024,2024,10,22,Monthly Monitoring,PTR,UP,5,591.3,11:53,,
10/22/2024,2024,10,22,Monthly Monitoring,PTR,UP,5,574.7,11:54,,
10/22/2024,2024,10,22,Monthly Monitoring,PTR,UP,5,492.9,11:57,,
10/22/2024,2024,10,22,Monthly Monitoring,PTR,UP,5,568.9,11:58,,
10/22/2024,2024,10,22,Monthly Monitoring,PTR,UP,5,648.5,12:01,,
10/22/2024,2024,10,22,Monthly Monitoring,PTR,UP,10,633.3,12:05,,
10/22/2024,2024,10,22,Monthly Monitoring,PTR,UP,10,602.2,12:06,,
10/22/2024,2024,10,22,Monthly Monitoring,PTR,UP,10,620.9,12:07,,
10/22/2024,2024,10,22,Monthly Monitoring,PTR,UP,10,614.1,12:08,,
10/22/2024,2024,10,22,Monthly Monitoring,PTR,UP,10,614.3,12:10,,
10/22/2024,2024,10,22,Monthly Monitoring,PTR,UP,10,683.2,12:11,,
10/22/2024,2024,10,22,Monthly Monitoring,PTR,UP,20,634.3,12:12,,
10/22/2024,2024,10,22,Monthly Monitoring,PTR,UP,20,612.7,12:15,,
10/22/2024,2024,10,22,Monthly Monitoring,PTR,UP,20,659.7,12:16,,
10/22/2024,2024,10,22,Monthly Monitoring,PTR,UP,20,687.6,12:17,,
10/22/2024,2024,10,22,Monthly Monitoring,PTR,UP,20,654.1,12:18,,
10/22/2024,2024,10,22,Monthly Monitoring,PTR,UP,20,656.2,12:19,,
10/29/2024,2024,10,29,Monthly Monitoring,CRC,WE,5,241.9,10:28,,
10/29/2024,2024,10,29,Monthly Monitoring,CRC,WE,5,280.1,10:31,,
10/29/2024,2024,10,29,Monthly Monitoring,CRC,WE,5,484.3,10:34,,
10/29/2024,2024,10,29,Monthly Monitoring,CRC,WE,5,339.9,10:36,,
10/29/2024,2024,10,29,Monthly Monitoring,CRC,WE,5,605.4,10:39,,
10/29/2024,2024,10,29,Monthly Monitoring,CRC,WE,5,361.9,10:44,,
10/29/2024,2024,10,29,Monthly Monitoring,CRC,WE,10,309.1,10:46,,
10/29/2024,2024,10,29,Monthly Monitoring,CRC,WE,10,311.5,10:52,,
10/29/2024,2024,10,29,Monthly Monitoring,CRC,WE,10,328.4,10:53,,
10/29/2024,2024,10,29,Monthly Monitoring,CRC,WE,10,305.4,10:57,,
10/29/2024,2024,10,29,Monthly Monitoring,CRC,WE,10,393.5,10:59,,
10/29/2024,2024,10,29,Monthly Monitoring,CRC,WE,10,450.4,11:01,,
10/29/2024,2024,10,29,Monthly Monitoring,CRC,WE,20,414.6,11:05,,
10/29/2024,2024,10,29,Monthly Monitoring,CRC,WE,20,318.6,11:07,,
10/29/2024,2024,10,29,Monthly Monitoring,CRC,WE,20,364.8,11:09,,
10/29/2024,2024,10,29,Monthly Monitoring,CRC,WE,20,407.6,11:10,,
10/29/2024,2024,10,29,Monthly Monitoring,CRC,WE,20,483.3,11:12,,
10/29/2024,2024,10,29,Monthly Monitoring,CRC,WE,20,413.2,11:15,,
10/29/2024,2024,10,29,Monthly Monitoring,CRC,TR,5,544.9,9:28,,
10/29/2024,2024,10,29,Monthly Monitoring,CRC,TR,5,309.7,9:33,,
10/29/2024,2024,10,29,Monthly Monitoring,CRC,TR,5,540.2,9:41,,
10/29/2024,2024,10,29,Monthly Monitoring,CRC,TR,5,445.4,9:43,,
10/29/2024,2024,10,29,Monthly Monitoring,CRC,TR,5,474.2,9:45,,
10/29/2024,2024,10,29,Monthly Monitoring,CRC,TR,5,440.2,9:50,,
10/29/2024,2024,10,29,Monthly Monitoring,CRC,TR,10,631.3,9:53,,
10/29/2024,2024,10,29,Monthly Monitoring,CRC,TR,10,628.4,9:54,,
10/29/2024,2024,10,29,Monthly Monitoring,CRC,TR,10,637.1,9:58,,
10/29/2024,2024,10,29,Monthly Monitoring,CRC,TR,10,409.8,10:01,,
10/29/2024,2024,10,29,Monthly Monitoring,CRC,TR,10,629,10:04,,
10/29/2024,2024,10,29,Monthly Monitoring,CRC,TR,10,528.3,10:06,,
10/29/2024,2024,10,29,Monthly Monitoring,CRC,TR,20,626.1,10:08,,
10/29/2024,2024,10,29,Monthly Monitoring,CRC,TR,20,609.2,10:11,,
10/29/2024,2024,10,29,Monthly Monitoring,CRC,TR,20,617.5,10:12,,
10/29/2024,2024,10,29,Monthly Monitoring,CRC,TR,20,470.6,10:13,,
10/29/2024,2024,10,29,Monthly Monitoring,CRC,TR,20,610.8,10:14,,
10/29/2024,2024,10,29,Monthly Monitoring,CRC,TR,20,599.5,10:20,,
10/29/2024,2024,10,29,Monthly Monitoring,CRC,UP,5,568.4,12:15,,
10/29/2024,2024,10,29,Monthly Monitoring,CRC,UP,5,480.4,12:17,,
10/29/2024,2024,10,29,Monthly Monitoring,CRC,UP,5,604.1,12:21,,
10/29/2024,2024,10,29,Monthly Monitoring,CRC,UP,5,482.5,12:23,,
10/29/2024,2024,10,29,Monthly Monitoring,CRC,UP,5,451.4,12:26,,
10/29/2024,2024,10,29,Monthly Monitoring,CRC,UP,5,571.6,12:30,,
10/29/2024,2024,10,29,Monthly Monitoring,CRC,UP,10,590.4,12:31,,
10/29/2024,2024,10,29,Monthly Monitoring,CRC,UP,10,516.9,12:33,,
10/29/2024,2024,10,29,Monthly Monitoring,CRC,UP,10,636,12:34,,
10/29/2024,2024,10,29,Monthly Monitoring,CRC,UP,10,556.8,12:38,,
10/29/2024,2024,10,29,Monthly Monitoring,CRC,UP,10,625.7,12:40,,
10/29/2024,2024,10,29,Monthly Monitoring,CRC,UP,10,639.1,12:41,,
10/29/2024,2024,10,29,Monthly Monitoring,CRC,UP,20,651.2,12:46,,
10/29/2024,2024,10,29,Monthly Monitoring,CRC,UP,20,604.7,12:48,,
10/29/2024,2024,10,29,Monthly Monitoring,CRC,UP,20,582.3,12:49,,
10/29/2024,2024,10,29,Monthly Monitoring,CRC,UP,20,652.4,12:51,,
10/29/2024,2024,10,29,Monthly Monitoring,CRC,UP,20,618.2,12:52,,
10/29/2024,2024,10,29,Monthly Monitoring,CRC,UP,20,534.1,12:55,,
1/31/2025,2025,1,31,Monthly Monitoring,CRC,WE,5,553.6,10:21,raining,
1/31/2025,2025,1,31,Monthly Monitoring,CRC,WE,5,516.6,10:24,,
1/31/2025,2025,1,31,Monthly Monitoring,CRC,WE,5,475.2,10:28,,
1/31/2025,2025,1,31,Monthly Monitoring,CRC,WE,5,166.9,10:31,,
1/31/2025,2025,1,31,Monthly Monitoring,CRC,WE,5,501,10:33,,
1/31/2025,2025,1,31,Monthly Monitoring,CRC,WE,5,512.9,10:37,,
1/31/2025,2025,1,31,Monthly Monitoring,CRC,WE,10,215.3,10:38,,
1/31/2025,2025,1,31,Monthly Monitoring,CRC,WE,10,177.3,10:39,,
1/31/2025,2025,1,31,Monthly Monitoring,CRC,WE,10,149.5,10:41,,
1/31/2025,2025,1,31,Monthly Monitoring,CRC,WE,10,195,10:43,,
1/31/2025,2025,1,31,Monthly Monitoring,CRC,WE,10,142.9,10:45,,
1/31/2025,2025,1,31,Monthly Monitoring,CRC,WE,10,181.9,10:46,,
1/31/2025,2025,1,31,Monthly Monitoring,CRC,WE,20,133.3,10:47,,
1/31/2025,2025,1,31,Monthly Monitoring,CRC,WE,20,158.7,10:49,,
1/31/2025,2025,1,31,Monthly Monitoring,CRC,WE,20,183.1,10:52,,
1/31/2025,2025,1,31,Monthly Monitoring,CRC,WE,20,209.6,10:56,,
1/31/2025,2025,1,31,Monthly Monitoring,CRC,WE,20,218.2,11:00,,
1/31/2025,2025,1,31,Monthly Monitoring,CRC,WE,20,220.9,11:02,,
1/31/2025,2025,1,31,Monthly Monitoring,CRC,TR,5,422,11:18,,
1/31/2025,2025,1,31,Monthly Monitoring,CRC,TR,5,550.6,11:21,,
1/31/2025,2025,1,31,Monthly Monitoring,CRC,TR,5,511.6,11:24,,
1/31/2025,2025,1,31,Monthly Monitoring,CRC,TR,5,465.1,11:27,,
1/31/2025,2025,1,31,Monthly Monitoring,CRC,TR,5,350.1,11:31,,
1/31/2025,2025,1,31,Monthly Monitoring,CRC,TR,5,415.1,11:35,,
1/31/2025,2025,1,31,Monthly Monitoring,CRC,TR,10,396.6,11:42,,
1/31/2025,2025,1,31,Monthly Monitoring,CRC,TR,10,540.3,11:46,,
1/31/2025,2025,1,31,Monthly Monitoring,CRC,TR,10,408.1,11:50,,
1/31/2025,2025,1,31,Monthly Monitoring,CRC,TR,10,488.1,11:54,,
1/31/2025,2025,1,31,Monthly Monitoring,CRC,TR,10,454.1,11:58,,
1/31/2025,2025,1,31,Monthly Monitoring,CRC,TR,10,499.8,12:03,,
1/31/2025,2025,1,31,Monthly Monitoring,CRC,TR,20,173.4,12:06,,
1/31/2025,2025,1,31,Monthly Monitoring,CRC,TR,20,503.5,12:11,,
1/31/2025,2025,1,31,Monthly Monitoring,CRC,TR,20,370.3,12:17,,
1/31/2025,2025,1,31,Monthly Monitoring,CRC,TR,20,507.2,12:19,,
1/31/2025,2025,1,31,Monthly Monitoring,CRC,TR,20,487.3,12:21,,
1/31/2025,2025,1,31,Monthly Monitoring,CRC,TR,20,443.4,12:23,,
1/31/2025,2025,1,31,Monthly Monitoring,CRC,UP,5,502.5,12:41,,
1/31/2025,2025,1,31,Monthly Monitoring,CRC,UP,5,529.2,13:12,,
1/31/2025,2025,1,31,Monthly Monitoring,CRC,UP,5,558,13:25,,
1/31/2025,2025,1,31,Monthly Monitoring,CRC,UP,5,526.6,13:37,,
1/31/2025,2025,1,31,Monthly Monitoring,CRC,UP,5,556.4,13:47,,
1/31/2025,2025,1,31,Monthly Monitoring,CRC,UP,5,567.6,13:49,,
1/31/2025,2025,1,31,Monthly Monitoring,CRC,UP,10,636.2,13:55,,
1/31/2025,2025,1,31,Monthly Monitoring,CRC,UP,10,595.9,14:04,,
1/31/2025,2025,1,31,Monthly Monitoring,CRC,UP,10,613.6,14:13,,
1/31/2025,2025,1,31,Monthly Monitoring,CRC,UP,10,604.3,14:21,,
1/31/2025,2025,1,31,Monthly Monitoring,CRC,UP,10,533.7,14:38,,
1/31/2025,2025,1,31,Monthly Monitoring,CRC,UP,10,578.1,14:34,,
1/31/2025,2025,1,31,Monthly Monitoring,CRC,UP,20,620.2,14:47,,
1/31/2025,2025,1,31,Monthly Monitoring,CRC,UP,20,569.8,,,
1/31/2025,2025,1,31,Monthly Monitoring,CRC,UP,20,668.2,,,
1/31/2025,2025,1,31,Monthly Monitoring,CRC,UP,20,553.2,,,
1/31/2025,2025,1,31,Monthly Monitoring,CRC,UP,20,524,,,
1/31/2025,2025,1,31,Monthly Monitoring,CRC,UP,20,647.8,,,
